organization_id,feed_id,selected_version_selector,status,registry_latest_start,registry_latest_end,feed_is_discontinued,feed_discontinued_date,validity_start,validity_end,selection_basis
gan-wu,shiokazeline,current,selected,2025-10-01,2026-09-30,False,,2025-10-01,2026-09-30,archive_feed_info_window
ishikariwanshinko,on-demandtransit_itsumo,current,selected,2026-06-23,2027-03-31,False,,2026-06-23,2027-03-31,archive_feed_info_window
kamishihorotown,kamishihoro,current,selected,2025-12-01,2026-10-31,False,,2025-12-01,2026-10-31,archive_feed_info_window
kamishihorotown,kamishihoro-self-bus,current,selected,2025-11-28,2026-10-31,False,,2025-11-28,2026-10-31,archive_feed_info_window
nemurokotsu,nemurobus,current,selected,2026-05-26,2027-05-25,False,,2026-05-26,2027-05-25,archive_feed_info_window
fukauratown,fukaura-town-communitybus,current,selected,2026-04-01,2027-03-31,False,,2026-04-01,2027-03-31,archive_feed_info_window
goshogawaracity,goshogawara-communitybus,current,selected,2026-07-01,2027-03-31,False,,2026-07-01,2027-03-31,archive_feed_info_window
hachinohe,hachinohe-citybus,current,selected,2026-04-01,2027-03-31,False,,2026-04-01,2027-03-31,archive_feed_info_window
hachinohecity,hachinohe-nango,current,selected,2026-03-10,2027-03-31,False,,2026-03-10,2027-03-31,archive_feed_info_window
hashikamitown,hashikamibus,current,selected,2026-04-01,2027-03-31,False,,2026-04-01,2027-03-31,archive_feed_info_window
hirakawacity,hirakawa-sharedtaxi,current,selected,2025-11-02,2026-11-01,False,,2025-11-02,2026-11-01,archive_feed_info_window
hirakawacity,hirakwacitybus,current,selected,2026-03-09,2027-03-31,False,,2026-03-09,2027-03-31,archive_feed_info_window
hiranaitown,hiranaitownbus,current,selected,2026-03-14,2027-03-31,False,,2026-03-14,2027-03-31,archive_feed_info_window
hirosakicity,kounan-tetsudou,current,selected,2026-04-01,2027-03-31,False,,2026-04-01,2027-03-31,archive_feed_info_window
hirosakicity,hokusei-noriai,current,selected,2026-04-01,2027-03-31,False,,2026-04-01,2027-03-31,archive_feed_info_window
jr-east-morioka,JReast_wandotaxi,current,selected,2026-05-01,2026-12-31,False,,2026-05-01,2026-12-31,archive_feed_info_window
jr-east-morioka,JR-east_tsugaruline,current,selected,2026-05-01,2027-04-30,False,,2026-05-01,2027-04-30,archive_feed_info_window
jr-east-morioka,JR-east_wandotaxi,,excluded_discontinued_on_or_before_anchor,2025-03-15,2025-04-30,True,2025-03-31,,,
kuroishicity,kuroishi,current,selected,2026-06-13,2027-03-31,False,,2026-06-13,2027-03-31,archive_feed_info_window
misawacity,misawacity-mebus,current,selected,2026-04-01,2027-03-31,False,,2026-04-01,2027-03-31,archive_feed_info_window
nakadomaritown,nakadomari-communitybus,current,selected,2026-01-08,2026-12-31,False,,2026-01-08,2026-12-31,archive_feed_info_window
owanitown,owanitown-sunekarabus,current,selected,2025-11-20,2026-12-31,False,,2025-11-20,2026-12-31,archive_feed_info_window
rokkashovillage,rokkasho-sharedtaxi,current,selected,2025-10-31,2026-10-30,False,,2025-10-31,2026-10-30,archive_feed_info_window
shichinohetown,shichinohe_community-bus,current,selected,2026-08-17,2028-03-31,False,,2026-08-17,2028-03-31,archive_feed_info_window
shimoko,shimokitakotsu,current,selected,2026-10-01,2027-03-31,False,,2026-05-17,2027-03-31,archive_feed_info_window
shingovillage,shingo-mizubashogo,current,selected,2025-12-08,2026-12-31,False,,2025-12-08,2026-12-31,archive_feed_info_window
sotogahamatown,sotogahama-townbus,current,selected,2026-04-01,2026-12-31,False,,2026-04-01,2026-12-31,archive_feed_info_window
tohokutown,tohoku-town-bus,current,selected,2026-03-31,2027-03-31,False,,2026-03-31,2027-03-31,archive_feed_info_window
towadacity,towadacity_communitybus,current,selected,2025-11-06,2026-12-31,False,,2025-11-06,2026-12-31,archive_feed_info_window
towadakankodentetsu,toutetsu,current,selected,2026-10-01,2027-03-31,False,,2026-05-29,2027-03-31,archive_feed_info_window
towadakankodentetsu,toutetsu_airport_line,current,selected,2026-10-01,2026-10-24,False,,2026-09-01,2026-09-30,archive_feed_info_window
tsugarucity,tsugarucity_localtransportation,current,selected,2025-10-25,2026-12-31,False,,2025-10-25,2026-12-31,archive_feed_info_window
tsurutatown,tsuruta-townbus,current,selected,2026-04-24,2027-03-31,False,,2026-04-24,2027-03-31,archive_feed_info_window
yomogitavillage,yomogita-communitybus,current,selected,2026-03-17,2027-03-31,False,,2026-03-17,2027-03-31,archive_feed_info_window
hanamakicity,hanamaki,current,selected,2026-10-01,2027-03-31,False,,2026-04-01,2027-03-31,archive_feed_info_window
ichinosekicity,Ichinosekibus,current,selected,2026-04-01,2027-03-31,False,,2026-04-01,2027-03-31,archive_feed_info_window
oshucity,bus-oshucity-iwate-jp,current,selected,2026-10-01,2027-03-31,False,,2026-07-08,2027-03-31,archive_feed_info_window
shichigahamatown,Gururinko,current,selected,2026-04-03,2027-03-31,False,,2026-04-03,2027-03-31,archive_feed_info_window
takeyakoutu,takeyakotsu,current,selected,2026-09-01,2027-03-31,False,,2026-09-01,2027-03-31,archive_feed_info_window
sembokucity,bus-city-semboku,current,selected,2026-04-01,2027-03-31,False,,2026-04-01,2027-03-31,archive_feed_info_window
ugokotsu,ugokotsu_honjo,current,selected,2027-03-20,2027-03-31,False,,2026-09-01,2026-11-30,archive_feed_info_window
ugokotsu,ugokotsu_tazawako,current,selected,2026-12-01,2027-03-31,False,,2026-08-16,2026-09-30,archive_feed_info_window
feel-the-zao,feelthezao,,excluded_discontinued_on_or_before_anchor,2025-10-11,2025-11-09,True,2025-11-09,,,
higashinecity,HigashineCity,current,selected,2026-04-01,2027-03-31,False,,2026-04-01,2027-03-31,archive_feed_info_window
kahokutown,KahokuTown,current,selected,2026-04-01,2026-12-31,False,,2026-04-01,2026-12-31,archive_feed_info_window
kaminoyamacity,KaminoyamaCity,current,selected,2026-10-01,2027-09-30,False,,2025-08-25,2026-09-30,archive_feed_info_window
mamurogawatown,MamurogawaTown,current,selected,2026-03-14,2027-03-31,False,,2026-03-14,2027-03-31,archive_feed_info_window
mogamigawakotsu,MOGAMIGAWAKOTSU,current,selected,2026-04-01,2027-03-31,False,,2026-04-01,2027-03-31,archive_feed_info_window
murayamacity,MurayamaCity,current,selected,2026-04-01,2027-03-31,False,,2026-04-01,2027-03-31,archive_feed_info_window
nagaicity,NagaiCity,current,selected,2026-10-01,2027-09-30,False,,2025-10-01,2026-09-30,archive_feed_info_window
nakayamatown,NakayamaTown,current,selected,2026-04-01,2027-03-31,False,,2026-04-01,2027-03-31,archive_feed_info_window
nanyocity,NanyoCity,current,selected,2026-10-01,2027-09-30,False,,2026-04-01,2027-03-31,archive_feed_info_window
nishikawatown,NishikawaTown,current,selected,2026-04-01,2027-03-31,False,,2026-04-01,2027-03-31,archive_feed_info_window
obanazawacity,ObanazawaCity,current,selected,2026-10-01,2027-09-30,False,,2025-10-01,2026-09-30,archive_feed_info_window
oetown,Oetown,current,selected,2026-04-01,2027-03-31,False,,2026-04-01,2027-03-31,archive_feed_info_window
ohkuravillage,OhkuraVillage,current,selected,2026-10-01,2028-01-01,False,,2025-10-01,2026-09-30,archive_feed_info_window
sagaecity,SagaeCity,current,selected,2025-11-17,2026-10-31,False,,2025-11-17,2026-10-31,archive_feed_info_window
sakatacity,SakataCity,current,selected,2026-04-09,2027-03-31,False,,2026-04-09,2027-03-31,archive_feed_info_window
sakegawavillage,SakegawaVillage,current,selected,2026-04-17,2027-04-16,False,,2026-04-17,2027-04-16,archive_feed_info_window
shinjocity,ShinjoCity,current,selected,2026-04-01,2027-03-31,False,,2026-04-01,2027-03-31,archive_feed_info_window
shiratakatown,ShiratakaTown,current,selected,2026-04-01,2027-03-31,False,,2026-04-01,2027-03-31,archive_feed_info_window
shonaikotsu,SHONAIKOTSU,current,selected,2026-03-29,2027-03-31,False,,2026-03-29,2027-03-31,archive_feed_info_window
shonaitown,ShonaiTown,current,selected,2026-04-13,2027-03-31,False,,2026-04-13,2027-03-31,archive_feed_info_window
tendocity,TendoCity,current,selected,2026-04-01,2027-03-31,False,,2026-04-01,2027-03-31,archive_feed_info_window
tozawavillage,tozawavillagebus,current,selected,2026-10-01,2027-09-30,False,,2026-04-01,2027-03-31,archive_feed_info_window
tsuruokacity,TsuruokaCity,current,selected,2026-10-01,2027-09-30,False,,2025-10-01,2026-09-30,archive_feed_info_window
yamagata-asahitown,AsahiTown,current,selected,2026-04-01,2027-03-31,False,,2026-04-01,2027-03-31,archive_feed_info_window
yamagata-kaneyamatown,KaneyamaTown,current,selected,2026-04-01,2027-03-31,False,,2026-04-01,2027-03-31,archive_feed_info_window
yamagata-ogunitown,OguniTown,current,selected,2026-07-01,2027-06-30,False,,2026-07-01,2027-06-30,archive_feed_info_window
yamagata-yamagatacity,YamagataCity,current,selected,2026-09-02,2027-03-31,False,,2026-09-02,2027-03-31,archive_feed_info_window
yamagatatetsudo,flowerliner,current,selected,2026-03-14,2027-03-13,False,,2026-03-14,2027-03-13,archive_feed_info_window
yamakobus,YAMAKOBUS,current,selected,2026-05-25,2026-11-24,False,,2026-05-25,2026-11-24,archive_feed_info_window
yamanobetown,YamanobeTown,current,selected,2026-03-18,2027-03-17,False,,2026-03-18,2027-03-17,archive_feed_info_window
yonezawacity,Yonezawa,current,selected,2026-04-16,2026-11-30,False,,2026-04-16,2026-11-30,archive_feed_info_window
motomiyacity,motomiyashibus,current,selected,2026-03-17,2027-03-31,False,,2026-03-17,2027-03-31,archive_feed_info_window
otamavillage,otamavillage-bus,current,selected,2026-03-04,2027-03-31,False,,2026-03-04,2027-03-31,archive_feed_info_window
shinjobankotsu,SHINJOBANKOTSU,current,selected,2026-04-01,2027-04-30,False,,2026-04-01,2027-04-30,archive_feed_info_window
yanaizutown,yanaizutown-bus,current,selected,2026-10-01,2026-12-28,False,,2026-05-27,2027-03-31,archive_feed_info_window
namegatacity,bus-namegata-ibaraki-jp,current,selected,2026-02-26,2027-02-25,False,,2026-02-26,2027-02-25,archive_feed_info_window
otonekotu,otonekotubus,current,selected,2026-04-09,2027-04-08,False,,2026-04-09,2027-04-08,archive_feed_info_window
ryugasakicity,Ryugasakishi-communitybus,current,selected,2025-09-01,2026-12-31,False,,2025-09-01,2026-12-31,archive_feed_info_window
tsuchiuracity,tsuchimarubus,current,selected,2026-03-04,2027-03-31,False,,2026-03-04,2027-03-31,archive_feed_info_window
tsukubacity,TSUKUBANEGO,current,selected,2026-10-01,2027-09-30,False,,2025-10-01,2026-12-31,archive_feed_info_window
tsukubacity,TSUKUBUS,current,selected,2026-04-01,2027-12-31,False,,2026-04-01,2027-12-31,archive_feed_info_window
yukicity,junkaibus,current,selected,2026-08-03,2028-07-31,False,,2026-08-03,2028-07-31,archive_feed_info_window
ashikagacity,Ashikaga-route-bus,current,selected,2026-05-11,2027-07-31,False,,2026-05-11,2027-07-31,archive_feed_info_window
kanumacity,ri-bus,,no_downloaded_archive_valid_on_anchor,2024-02-01,2024-07-31,False,,,,
mibutown,mibubu,current,selected,2026-03-23,2027-03-31,False,,2026-03-23,2027-03-31,archive_feed_info_window
nasushiobaracity,chiikibasu,current,selected,2026-04-01,2027-03-31,False,,2026-04-01,2027-03-31,archive_feed_info_window
nasutown,nasutown,current,selected,2026-04-01,2027-03-31,False,,2026-04-01,2027-03-31,archive_feed_info_window
nikkocity,nikkocity,current,selected,2026-04-01,2027-03-31,False,,2026-04-01,2027-03-31,archive_feed_info_window
otawaracity,Ohtawaracitybus,current,selected,2026-03-27,2027-03-31,False,,2026-03-27,2027-03-31,archive_feed_info_window
tochigi-nakagawatown,nakagawamaticommunitybus,,no_downloaded_archive_valid_on_anchor,2025-04-01,2026-03-31,False,,,,
yaitacity,chuuou-junkan,current,selected,2026-03-17,2027-03-31,False,,2026-03-17,2027-03-31,archive_feed_info_window
annakacity,annakashi-rosenbus,current,selected,2026-05-15,2027-03-31,False,,2026-05-15,2027-03-31,archive_feed_info_window
gunma-otacity,ootacitybus,current,selected,2026-06-05,2027-06-04,False,,2026-06-05,2027-06-04,archive_feed_info_window
nagai-unyu,Nagaibus,current,selected,2026-10-01,2027-09-30,False,,2026-04-01,2027-03-31,archive_feed_info_window
nagai-unyu,tamarin,,excluded_discontinued_on_or_before_anchor,2024-04-01,2024-09-30,True,2024-09-30,,,
oizumitown,kouikikoukyoubasuaozora,current,selected,2026-05-07,2027-03-31,False,,2026-05-07,2027-03-31,archive_feed_info_window
hannocity,odekakemuma-minamikoma,current,selected,2025-01-01,2026-12-31,False,,2025-01-01,2026-12-31,archive_feed_info_window
hannocity,odekakemuma-seimei-kaji,current,selected,2025-04-01,2027-03-31,False,,2025-04-01,2027-03-31,archive_feed_info_window
hannocity,odekakemuma-haraichiba,current,selected,2025-01-01,2026-12-31,False,,2025-01-01,2026-12-31,archive_feed_info_window
kumagayacity,yuuyuubus,current,selected,2026-04-01,2027-12-31,False,,2026-04-01,2027-12-31,archive_feed_info_window
saitamacity,rakurakugou,current,selected,2024-04-01,2027-03-31,False,,2024-04-01,2027-03-31,archive_feed_info_window
saitamacity,iwatsukikucommunitybus,current,selected,2025-05-01,2027-03-31,False,,2025-05-01,2027-03-31,archive_feed_info_window
saitamacity,ajisaigou,current,selected,2025-06-01,2027-03-31,False,,2025-06-01,2027-03-31,archive_feed_info_window
saitamacity,kawasemigou,current,selected,2026-04-01,2027-03-31,False,,2026-04-01,2027-03-31,archive_feed_info_window
saitamacity,nisikucommunitybus,current,selected,2022-04-01,2027-03-31,False,,2022-04-01,2027-03-31,archive_feed_info_window
saitamacity,miyaharanakayoshigou,current,selected,2025-12-01,2027-03-31,False,,2025-12-01,2027-03-31,archive_feed_info_window
saitamacity,musashigou,current,selected,2025-12-01,2027-03-31,False,,2025-12-01,2027-03-31,archive_feed_info_window
saitamacity,minamikucommunitybus,current,selected,2022-04-01,2027-03-31,False,,2022-04-01,2027-03-31,archive_feed_info_window
saitamacity,orizurugou,current,selected,2025-12-01,2027-03-31,False,,2025-12-01,2027-03-31,archive_feed_info_window
saitamacity,sakurakucommunitybus,current,selected,2022-04-01,2027-03-31,False,,2022-04-01,2027-03-31,archive_feed_info_window
saitamacity,minumakucommunitybus,current,selected,2022-04-01,2027-03-31,False,,2022-04-01,2027-03-31,archive_feed_info_window
saitamacity,minumagou,current,selected,2023-04-01,2027-03-31,False,,2023-04-01,2027-03-31,archive_feed_info_window
saitamacity,rainbowgou,current,selected,2025-12-01,2027-03-31,False,,2025-12-01,2027-03-31,archive_feed_info_window
saitamacity,kitakucommunitybus,current,selected,2022-04-01,2027-03-31,False,,2022-04-01,2027-03-31,archive_feed_info_window
wakocity,Wako-City-junkanbus,current,selected,2026-01-04,2026-12-31,False,,2026-01-04,2026-12-31,archive_feed_info_window
chiba-rainbow-bus,chibarainbowbus,,no_downloaded_archive_valid_on_anchor,2024-10-01,2025-09-30,False,,,,
inzaicity,rosenbus,current,selected,2026-07-01,2028-03-31,False,,2026-07-01,2028-03-31,archive_feed_info_window
katoricity,katori-junkan,current,selected,2026-09-01,2027-04-30,False,,2026-09-01,2027-04-30,archive_feed_info_window
keisei-transitbus,keiseitransitbus,current,selected,2026-04-01,2027-04-01,False,,2026-04-01,2027-04-01,archive_feed_info_window
kimitsucity,Kimitsu_City_Community_Bus,current,selected,2026-03-01,2027-03-31,False,,2026-03-01,2027-03-31,archive_feed_info_window
kimitsucity,Local_buses_via_Kimitsu_City,current,selected,2026-08-01,2027-03-31,False,,2026-08-01,2027-03-31,archive_feed_info_window
matsudocity,matsudo,current,selected,2026-08-03,2027-03-31,False,,2026-08-03,2027-03-31,archive_feed_info_window
matsudocity,matsudo-takatsuka,current,selected,2026-08-03,2027-03-31,False,,2026-08-03,2027-03-31,archive_feed_info_window
nagareyamacity,nagareyamagreenbus,current,selected,2025-10-01,2027-01-10,False,,2025-10-01,2027-01-10,archive_feed_info_window
naritacity,narita-community-bus,current,selected,2026-04-01,2026-12-30,False,,2026-04-01,2026-12-30,archive_feed_info_window
yotsukaidocity,yoppii,current,selected,2026-04-01,2027-03-31,False,,2026-04-01,2027-03-31,archive_feed_info_window
akishimacity,Abus,current,selected,2026-08-28,2027-08-27,False,,2026-08-28,2027-08-27,archive_feed_info_window
arakawacity,sakura,current,selected,2026-03-01,2027-02-28,False,,2026-03-01,2027-02-28,archive_feed_info_window
katsushikacity,sakura,current,selected,2025-12-29,2026-12-31,False,,2025-12-29,2026-12-31,archive_feed_info_window
kozushimavillage,kozushimavillagebus,current,selected,2026-01-29,2027-01-28,False,,2026-01-29,2027-01-28,archive_feed_info_window
kunitachicity,kunikko,current,selected,2026-09-01,2027-08-31,False,,2026-09-01,2027-08-31,archive_feed_info_window
kunitachicity,aoyagikko,current,selected,2026-01-13,2027-01-12,False,,2026-01-13,2027-01-12,archive_feed_info_window
mizuhotown,communitybus,current,selected,2024-10-01,2027-03-31,False,,2024-10-01,2027-03-31,archive_feed_info_window
mizuhotown,DemandResponsiveTransport,current,selected,2024-10-01,2027-03-31,False,,2024-10-01,2027-03-31,archive_feed_info_window
ogasawaravillage,o,current,selected,2026-02-10,2027-02-10,False,,2026-02-10,2027-02-10,archive_feed_info_window
tachikawacity,kururinbus,current,selected,2026-04-01,2027-03-31,False,,2026-04-01,2027-03-31,archive_feed_info_window
chigasakicity,eboshigou,current,selected,2026-05-02,2027-03-31,False,,2026-05-02,2027-03-31,archive_feed_info_window
daishinto,Radiant-City,current,selected,2026-03-01,2027-02-28,False,,2026-03-01,2027-02-28,archive_feed_info_window
ninomiyatown,Ninomiyatowncommunitybus,current,selected,2022-10-01,2026-12-31,False,,2022-10-01,2026-12-31,archive_feed_info_window
samukawatown,mokusei-go_kuramiomuraroute,current,selected,2025-12-01,2026-12-31,False,,2025-12-01,2026-12-31,archive_feed_info_window
samukawatown,mokusei-go_southroute,current,selected,2025-12-01,2026-12-31,False,,2025-12-01,2026-12-31,archive_feed_info_window
samukawatown,mokusei-go_eastroute,current,selected,2025-12-01,2026-12-31,False,,2025-12-01,2026-12-31,archive_feed_info_window
yokosukacity,hamachanbus,current,selected,2023-06-01,2028-03-31,False,,2023-06-01,2028-03-31,archive_feed_info_window
itoigawabus,itoigawabus,current,selected,2026-07-31,2027-03-31,False,,2026-07-31,2027-03-31,archive_feed_info_window
joetsucity,kushiike-line,,excluded_discontinued_on_or_before_anchor,2024-04-01,2025-03-31,True,2025-03-31,,,
joetsucity,higashihiyama-line,,excluded_discontinued_on_or_before_anchor,2024-04-01,2025-03-31,True,2025-03-31,,,
joetsucity,utsunomata-line,,excluded_discontinued_on_or_before_anchor,2024-04-01,2025-03-31,True,2025-03-31,,,
joetsucity,joetsu,current,selected,2026-04-01,2027-03-31,False,,2026-04-01,2027-03-31,archive_feed_info_window
joetsucity,asahi-line,,excluded_discontinued_on_or_before_anchor,2024-04-01,2025-03-31,True,2025-03-31,,,
joetsucity,shobu-line,,excluded_discontinued_on_or_before_anchor,2024-04-01,2025-03-31,True,2025-03-31,,,
joetsucity,kamisekida-line,,excluded_discontinued_on_or_before_anchor,2024-04-01,2025-03-31,True,2025-03-31,,,
joetsucity,tuboyma-line,,excluded_discontinued_on_or_before_anchor,2024-04-01,2025-03-31,True,2025-03-31,,,
joetsucity,yamaderayakushi-komodate-line,,excluded_discontinued_on_or_before_anchor,2024-04-01,2025-03-31,True,2025-03-31,,,
joetsucity,takatani-tairayama-line,,excluded_discontinued_on_or_before_anchor,2024-04-01,2025-03-31,True,2025-03-31,,,
joetsucity,oike-line,,excluded_discontinued_on_or_before_anchor,2024-04-01,2025-03-31,True,2025-03-31,,,
kamocity,kamonbus,current,selected,2026-06-01,2027-05-31,False,,2026-06-01,2027-05-31,archive_feed_info_window
murakamicity,murakamisicommunitybus,current,selected,2026-07-30,2027-07-29,False,,2026-07-30,2027-07-29,archive_feed_info_window
sanjocity,guruttosan,,no_downloaded_archive_valid_on_anchor,2025-11-01,2026-03-31,False,,,,
tsubamecity,tsubame_bus,current,selected,2026-09-01,2027-08-31,False,,2026-09-01,2027-08-31,archive_feed_info_window
chitetsu,chitetsushinaidensha,current,selected,2026-03-14,2027-03-13,False,,2026-03-14,2027-03-13,archive_feed_info_window
chitetsu,chitetsubus,current,selected,2026-10-01,2027-09-30,False,,2026-05-26,2027-05-25,archive_feed_info_window
imizucity,imizushi,current,selected,2026-04-01,2027-03-31,False,,2026-04-01,2027-03-31,archive_feed_info_window
kaetsunou,kaetsunousekaiisan,current,selected,2026-04-01,2027-03-31,False,,2026-04-01,2027-03-31,archive_feed_info_window
kaetsunou,kaetsunouhimi,current,selected,2026-04-01,2027-03-31,False,,2026-04-01,2027-03-31,archive_feed_info_window
kaetsunou,kaetsunouippan,current,selected,2026-07-16,2027-03-31,False,,2026-07-16,2027-03-31,archive_feed_info_window
kamiichitown,kamiichi,current,selected,2026-04-01,2027-03-31,False,,2026-04-01,2027-03-31,archive_feed_info_window
kurobecity,shinkansenikuji-ishida-aimoto-minibus,current,selected,2026-04-01,2027-03-31,False,,2026-04-01,2027-03-31,archive_feed_info_window
kurobecity,shinkansenikujisen,,excluded_discontinued_on_or_before_anchor,2025-04-01,2026-03-31,True,2026-04-01,,,
kurobecity,ishida-aimoto,,excluded_discontinued_on_or_before_anchor,2025-10-01,2026-09-30,True,2026-04-01,,,
manyosen,manyosen,current,selected,2026-09-01,2027-08-31,False,,2026-09-01,2027-08-31,archive_feed_info_window
namerikawacity,norumycar,current,selected,2026-10-01,2027-09-30,False,,2025-10-01,2026-09-30,archive_feed_info_window
nantocity,nanbus,current,selected,2026-05-26,2027-03-31,False,,2026-05-26,2027-03-31,archive_feed_info_window
nishinihonjrbus,meikinsen,,excluded_discontinued_on_or_before_anchor,2022-04-01,2022-06-30,True,2022-06-30,,,
nyuzentown,noranmaicar,current,selected,2026-02-25,2027-03-31,False,,2026-02-25,2027-03-31,archive_feed_info_window
oyabecity,oyabecitybus,current,selected,2026-04-01,2027-03-31,False,,2026-04-01,2027-03-31,archive_feed_info_window
takaokacity,koueibus,current,selected,2026-04-01,2027-03-31,False,,2026-04-01,2027-03-31,archive_feed_info_window
tateyamatown,tateyama,current,selected,2026-10-13,2027-03-31,False,,2026-04-15,2026-10-10,archive_feed_info_window
tonamicity,tonamishieibasu,current,selected,2026-03-26,2027-03-31,False,,2026-03-26,2027-03-31,archive_feed_info_window
toyama-asahitown,asahimachibus,current,selected,2026-03-16,2027-03-31,False,,2026-03-16,2027-03-31,archive_feed_info_window
toyamacity,jojocommunitybus,,excluded_discontinued_on_or_before_anchor,2025-04-17,2025-10-31,True,2025-09-30,,,
toyamacity,yamadacommunitybus,current,selected,2026-04-01,2027-03-31,False,,2026-04-01,2027-03-31,archive_feed_info_window
toyamacity,fuchucommunitybus,current,selected,2026-04-01,2027-03-31,False,,2026-04-01,2027-03-31,archive_feed_info_window
toyamacity,oyamacommunitybus,current,selected,2026-04-01,2027-03-31,False,,2026-04-01,2027-03-31,archive_feed_info_window
toyamacity,maidohayabus,current,selected,2026-04-01,2027-03-31,False,,2026-04-01,2027-03-31,archive_feed_info_window
toyamacity,horikawaminamicommunitybus,current,selected,2026-04-01,2027-03-31,False,,2026-04-01,2027-03-31,archive_feed_info_window
toyamacity,yatsuocommunitybus,current,selected,2026-04-20,2027-03-31,False,,2026-04-20,2027-03-31,archive_feed_info_window
toyamacity,mizuhashifureaicommunitybus,,excluded_discontinued_on_or_before_anchor,2025-04-01,2025-10-31,True,2025-09-30,,,
toyamacity,kurehaikiikibus,current,selected,2026-04-01,2027-03-31,False,,2026-04-01,2027-03-31,archive_feed_info_window
uozucity,junkai,current,selected,2026-04-02,2027-03-31,False,,2026-04-02,2027-03-31,archive_feed_info_window
uozucity,omotenashi,,no_downloaded_archive_valid_on_anchor,2025-03-15,2026-03-16,False,,,,
hakusancity,hakusan_bus_meguru,current,selected,2026-03-16,2027-03-15,False,,2026-03-16,2027-03-15,archive_feed_info_window
komatsucity,kibagatasen,current,selected,2026-10-01,2027-09-30,False,,2025-10-01,2026-09-30,archive_feed_info_window
komatsucity,blue,current,selected,2026-04-01,2027-03-31,False,,2026-04-01,2027-03-31,archive_feed_info_window
komatsucity,orange,current,selected,2026-04-01,2027-03-31,False,,2026-04-01,2027-03-31,archive_feed_info_window
nonoichicity,communitybus,current,selected,2026-02-05,2027-03-31,False,,2026-02-05,2027-03-31,archive_feed_info_window
uchinadatown,communitybus,current,selected,2025-11-17,2026-12-31,False,,2025-11-17,2026-12-31,archive_feed_info_window
ichikawamisatotown,ichikawamisatobus,current,selected,2026-10-01,2027-03-31,False,,2026-04-01,2027-03-31,archive_feed_info_window
kaicity,kaicitybus,current,selected,2025-04-01,2027-03-31,False,,2025-04-01,2027-03-31,archive_feed_info_window
kiyosato,kiyosato-picnicbus,,no_downloaded_archive_valid_on_anchor,2025-04-01,2026-03-31,False,,,,
kosugevillage,kosugesoneibus,current,selected,2026-04-01,2027-03-31,False,,2026-04-01,2027-03-31,archive_feed_info_window
minobutown,iitomimotosukosen,,no_downloaded_archive_valid_on_anchor,2025-04-01,2026-03-31,False,,,,
minobutown,furusekizyunkansen,,no_downloaded_archive_valid_on_anchor,2025-04-01,2026-03-31,False,,,,
minobutown,furusekikaiiwamasen,,no_downloaded_archive_valid_on_anchor,2025-04-01,2026-03-31,False,,,,
nirasakicity,shiminbus,,no_downloaded_archive_valid_on_anchor,2025-04-01,2026-03-31,False,,,,
yamanashi-hokutocity,hokuto-bus,current,selected,2026-04-01,2027-03-31,False,,2026-04-01,2027-03-31,archive_feed_info_window
yamanashi-nanbutown,nanbucyoueibasu,current,selected,2026-04-01,2027-03-31,False,,2026-04-01,2027-03-31,archive_feed_info_window
agematsutown,agematu,current,selected,2026-10-01,2027-09-30,False,,2026-07-02,2027-07-01,archive_feed_info_window
aokivillage,aokisoneibus,current,selected,2026-10-01,2027-09-30,False,,2026-08-20,2027-08-19,archive_feed_info_window
chikuma-bus,rosenbus,current,selected,2026-10-01,2027-09-30,False,,2026-04-01,2027-03-31,archive_feed_info_window
chikumacity,chikumajunkanbus,current,selected,2026-08-25,2027-03-31,False,,2026-08-25,2027-03-31,archive_feed_info_window
iijimatown,iichanbus,,no_downloaded_archive_valid_on_anchor,2024-12-10,2025-12-09,False,,,,
iiyamacity,nanohanabus,current,selected,2026-04-22,2027-03-31,False,,2026-04-22,2027-03-31,archive_feed_info_window
karuizawatown,junkan-bus,current,selected,2026-08-05,2027-03-31,False,,2026-08-05,2027-03-31,archive_feed_info_window
kisokoikirengo,kiso-bus,current,selected,2026-10-01,2027-09-30,False,,2026-08-19,2027-08-18,archive_feed_info_window
kisotown,kisotown,current,selected,2026-10-01,2027-09-30,False,,2026-07-01,2027-06-30,archive_feed_info_window
kisovillage,kisovill,current,selected,2026-08-25,2027-09-30,False,,2026-08-25,2027-09-30,archive_feed_info_window
kitaaikivillage,soneibus,,no_downloaded_archive_valid_on_anchor,2023-08-31,2024-03-31,False,,,,
kusakarukotsu,kusakarubus,current,selected,2026-08-01,2027-07-31,False,,2026-08-01,2027-07-31,archive_feed_info_window
matsumotocity,guruttomatsumotobus2,current,selected,2026-08-01,2028-03-31,False,,2026-08-01,2028-03-31,archive_feed_info_window
matsumotocity,guruttomatsumotobus1,current,selected,2026-08-01,2028-03-31,False,,2026-08-01,2028-03-31,archive_feed_info_window
minamishinshu,Minamishinshu-Iidacity-1,current,selected,2026-08-23,2027-03-31,False,,2026-08-23,2027-03-31,archive_feed_info_window
minamishinshu,Minamishinshu-toyooka-1,current,selected,2026-04-01,2027-03-31,False,,2026-04-01,2027-03-31,archive_feed_info_window
minamishinshu,Minamishinshu-seibu-1,current,selected,2026-07-15,2027-04-02,False,,2026-07-15,2027-04-02,archive_feed_info_window
minamishinshu,Minamishinshu-iidacity-3,current,selected,2026-09-01,2027-03-31,False,,2026-09-01,2027-03-31,archive_feed_info_window
minamishinshu,Minamishinshu-Ooshika-1,current,selected,2026-04-01,2027-03-31,False,,2026-04-01,2027-03-31,archive_feed_info_window
minamishinshu,Minamishinshu-achi-1,current,selected,2026-04-01,2027-03-31,False,,2026-04-01,2027-03-31,archive_feed_info_window
minamishinshu,Minamishinshu-Matsukawa-1,current,selected,2026-03-16,2027-03-31,False,,2026-03-16,2027-03-31,archive_feed_info_window
minamishinshu,Minamishinshu-Nanbu-1,current,selected,2026-04-01,2027-03-31,False,,2026-04-01,2027-03-31,archive_feed_info_window
minamishinshu,Minamishinshu-takamori-1,current,selected,2026-04-08,2027-03-31,False,,2026-04-08,2027-03-31,archive_feed_info_window
minamishinshu,Minamishinshu-iida-2,current,selected,2026-03-21,2027-03-31,False,,2026-03-21,2027-03-31,archive_feed_info_window
minamishinshu,Minamishinshu-Shinnan-1,current,selected,2026-04-01,2027-03-31,False,,2026-04-01,2027-03-31,archive_feed_info_window
minamishinshu,Minamishinshu-takagi-1,current,selected,2026-04-23,2026-12-15,False,,2026-04-23,2026-12-15,archive_feed_info_window
nagadenbus,nagadenbus-iizuna,current,selected,2026-04-15,2027-04-14,False,,2026-04-15,2027-04-14,archive_feed_info_window
nagadenbus,nagadenbus-exp,current,selected,2026-04-07,2026-12-04,False,,2026-04-07,2026-12-04,archive_feed_info_window
nagadenbus,nagadenbus-nakano,current,selected,2026-04-15,2027-04-14,False,,2026-04-15,2027-04-14,archive_feed_info_window
nagadenbus,nagadenbus-nagano,current,selected,2026-03-30,2027-03-29,False,,2026-03-30,2027-03-29,archive_feed_info_window
nagadenbus,obuse-romango,current,selected,2026-04-25,2026-11-23,False,,2026-04-25,2026-11-23,archive_feed_info_window
nagano-ikedatown,IkedaTownBus,current,selected,2026-03-14,2027-03-17,False,,2026-03-14,2027-03-17,archive_feed_info_window
nagano-kawakamivillage,kawakamibus,current,selected,2026-03-24,2027-03-31,False,,2026-03-24,2027-03-31,archive_feed_info_window
nagano-nakanocity,fureaibus,,no_downloaded_archive_valid_on_anchor,2024-01-12,2025-01-11,False,,,,
naganocity,shiei_noriaibus,current,selected,2026-04-01,2027-03-31,False,,2026-04-01,2027-03-31,archive_feed_info_window
nagisotown,communitybus,current,selected,2026-04-01,2027-03-31,False,,2026-04-01,2027-03-31,archive_feed_info_window
okayacity,silkybus,,no_downloaded_archive_valid_on_anchor,2024-12-09,2026-03-31,False,,,,
okuwavillage,kuwachan-bus,current,selected,2026-10-01,2027-09-30,False,,2026-01-23,2027-01-22,archive_feed_info_window
omachicity,omachiraicholiner,current,selected,2026-03-23,2026-11-30,False,,2026-03-23,2026-11-30,archive_feed_info_window
omachicity,omachisiminbus,current,selected,2026-04-01,2027-03-31,False,,2026-04-01,2027-03-31,archive_feed_info_window
otakivillage,otaki-village,current,selected,2026-05-26,2027-03-31,False,,2026-05-26,2027-03-31,archive_feed_info_window
shinanotown,rosenbus,,no_downloaded_archive_valid_on_anchor,2023-06-02,2024-03-31,False,,,,
shiojiricity,suteppukunn,current,selected,2026-04-01,2028-04-01,False,,2026-04-01,2028-04-01,archive_feed_info_window
suwacity,karinchanbas,current,selected,2026-04-01,2027-03-31,False,,2026-04-01,2027-03-31,archive_feed_info_window
suzakicity,suzakashiminbus,current,selected,2026-08-04,2027-04-30,False,,2026-08-04,2027-04-30,archive_feed_info_window
tateshinatown,tateshinasmile,,no_downloaded_archive_valid_on_anchor,2025-10-14,2026-03-31,False,,,,
toshinkanko-bus,rosenbus,current,selected,2026-04-01,2027-03-31,False,,2026-04-01,2027-03-31,archive_feed_info_window
uedabus,noriai_bus,,no_downloaded_archive_valid_on_anchor,2026-10-01,2027-09-30,False,,,,
uedacity,uedashigaitizyunkanbus,current,selected,2026-07-06,2027-03-31,False,,2026-07-06,2027-03-31,archive_feed_info_window
aketetsu,akechirailway,current,selected,2026-03-14,2027-03-31,False,,2026-03-14,2027-03-31,archive_feed_info_window
enacity,communitybus,current,selected,2026-10-01,2027-03-31,False,,2026-07-13,2027-03-31,archive_feed_info_window
gerocity,gerobus,current,selected,2026-08-07,2027-03-31,False,,2026-08-07,2027-03-31,archive_feed_info_window
gifu-yamagatacity,communitybus,current,selected,2026-04-01,2027-03-31,False,,2026-04-01,2027-03-31,archive_feed_info_window
gifucity,communitybus,current,selected,2026-09-01,2027-08-31,False,,2026-09-01,2027-08-31,archive_feed_info_window
gujocity,citybus,current,selected,2026-10-01,2027-03-31,False,,2026-08-12,2027-03-31,archive_feed_info_window
hachikanbus,hachimanbus,current,selected,2026-07-21,2027-03-31,False,,2026-07-21,2027-03-31,archive_feed_info_window
hashimacity,HashimaCityCommunityBus,current,selected,2026-10-01,2027-03-31,False,,2026-03-14,2027-03-31,archive_feed_info_window
hichisotown,choeibus,current,selected,2026-04-01,2027-03-31,False,,2026-04-01,2027-03-31,archive_feed_info_window
hidacity,communitybus,current,selected,2026-10-01,2027-09-30,False,,2026-04-01,2026-09-30,archive_feed_info_window
ibigawatown,communitybus,current,selected,2026-07-21,2027-09-30,False,,2026-07-21,2027-09-30,archive_feed_info_window
kaizucity,communitybus,current,selected,2026-04-01,2027-03-31,False,,2026-04-01,2027-03-31,archive_feed_info_window
kanicity,satsukibus,current,selected,2026-02-19,2027-03-31,False,,2026-02-19,2027-03-31,archive_feed_info_window
kasamatsutown,communitybus,current,selected,2026-09-24,2027-09-30,False,,2026-09-24,2027-09-30,archive_feed_info_window
kitaena,kitaena,current,selected,2026-09-14,2027-03-13,False,,2026-09-14,2027-03-13,archive_feed_info_window
minokamocity,communitybus,current,selected,2026-10-01,2027-09-30,False,,2026-04-01,2026-09-30,archive_feed_info_window
mitaketown,communitybus,current,selected,2026-05-20,2027-05-14,False,,2026-05-20,2027-05-14,archive_feed_info_window
mizunamicity,communitybus,current,selected,2026-07-13,2027-03-31,False,,2026-07-13,2027-03-31,archive_feed_info_window
motosucity,shieibus,current,selected,2026-10-01,2026-10-14,False,,2026-04-01,2027-03-31,archive_feed_info_window
nakatsugawacity,communitybus,current,selected,2026-06-11,2027-09-30,False,,2026-06-11,2027-09-30,archive_feed_info_window
nouhibus,nouhibus_kanko,current,selected,2026-04-01,2027-03-31,False,,2026-04-01,2027-03-31,archive_feed_info_window
nouhibus,nouhibus,current,selected,2026-04-01,2027-03-31,False,,2026-04-01,2027-03-31,archive_feed_info_window
nouhibus,takayama_shuyu,current,selected,2026-04-01,2027-03-31,False,,2026-04-01,2027-03-31,archive_feed_info_window
ogakicity,meihankintetsubus,current,selected,2026-10-01,2027-03-31,False,,2026-07-01,2027-03-31,archive_feed_info_window
sekicity,itadorifureaibus,current,selected,2026-04-01,2027-03-31,False,,2026-04-01,2027-03-31,archive_feed_info_window
shirotori-kotsu,shirotorikotsu,current,selected,2026-04-01,2027-03-31,False,,2026-04-01,2027-03-31,archive_feed_info_window
tajimicity,kikyobus,current,selected,2026-10-01,2027-10-31,False,,2025-10-01,2026-10-01,archive_feed_info_window
takayamacity,noramaicar,current,selected,2026-09-01,2027-03-31,False,,2026-09-01,2027-03-31,archive_feed_info_window
takayamacity,takanego,current,selected,2026-04-01,2027-03-31,False,,2026-04-01,2027-03-31,archive_feed_info_window
tohtetsu,tohtetsu_ena,current,selected,2026-09-05,2027-09-04,False,,2026-09-05,2027-09-04,archive_feed_info_window
tohtetsu,tohtetsu_tajimi,current,selected,2026-10-01,2027-03-31,False,,2026-04-01,2026-12-31,archive_feed_info_window
tohtetsu,tohtetsu_kani,current,selected,2026-05-01,2027-03-31,False,,2026-05-01,2027-03-31,archive_feed_info_window
tokicity,communitybus,current,selected,2026-02-01,2026-12-31,False,,2026-02-01,2026-12-31,archive_feed_info_window
yaotsutown,communitybus,current,selected,2026-04-01,2027-03-31,False,,2026-04-01,2027-03-31,archive_feed_info_window
yaotsutown,yaobus,current,selected,2026-07-22,2027-07-21,False,,2026-07-22,2027-07-21,archive_feed_info_window
fujiedacity,gtfsfjed,current,selected,2026-10-25,2027-03-27,False,,2026-03-29,2026-10-24,archive_feed_info_window
hamabus,iwata_seikatsubus,,excluded_discontinued_on_or_before_anchor,2025-04-01,2026-12-31,True,2026-08-23,,,
kakegawacity,kakegawa6,current,selected,2026-07-01,2027-06-30,False,,2026-07-01,2027-06-30,archive_feed_info_window
kakegawacity,kakegawaosuka,current,selected,2026-04-01,2027-03-31,False,,2026-04-01,2027-03-31,archive_feed_info_window
shimadacity,shimada_combus,current,selected,2026-04-01,2027-03-31,False,,2026-04-01,2027-03-31,archive_feed_info_window
shizuokacity,ikawa,current,selected,2026-04-01,2027-06-30,False,,2026-04-01,2027-06-30,archive_feed_info_window
shizuokacity,iryo-fukushi,current,selected,2026-04-01,2026-09-30,True,2026-09-30,2026-04-01,2026-09-30,archive_feed_info_window
shizuokacity,ryougouchi,current,selected,2026-04-01,2027-06-30,False,,2026-04-01,2027-06-30,archive_feed_info_window
shizuokacity,sunpu-roman,,excluded_discontinued_on_or_before_anchor,2025-04-01,2025-09-30,True,2025-09-30,,,
shizuokacity,ojima,,excluded_discontinued_on_or_before_anchor,2025-04-01,2026-06-30,True,2026-03-31,,,
shizuokacity,yui,current,selected,2026-04-01,2027-06-30,False,,2026-04-01,2027-06-30,archive_feed_info_window
shizuokacity,yui-kanbara,current,selected,2026-04-01,2027-06-30,False,,2026-04-01,2027-06-30,archive_feed_info_window
aichi-miyoshicity,sansanbus,current,selected,2026-04-01,2027-03-31,False,,2026-04-01,2027-03-31,archive_feed_info_window
amacity,amashijunkaibasu,current,selected,2023-05-06,2027-03-31,False,,2023-05-06,2027-03-31,archive_feed_info_window
anjocity,AnkuruBus,current,selected,2026-06-01,2027-05-31,False,,2026-06-01,2027-05-31,archive_feed_info_window
aoi-komaki,aoikotsu,current,selected,2026-10-05,2027-03-31,False,,2026-04-21,2027-03-31,archive_feed_info_window
chiryucity,communitybus,current,selected,2025-12-23,2026-12-31,False,,2025-12-23,2026-12-31,archive_feed_info_window
chitabus,chitabus,current,selected,2026-10-01,2027-09-30,False,,2026-08-11,2027-08-10,archive_feed_info_window
chitacity,chita-aiaibus,current,selected,2026-03-03,2027-03-31,False,,2026-03-03,2027-03-31,archive_feed_info_window
gamagoricity,communitybus,current,selected,2026-09-01,2027-08-31,False,,2026-09-01,2027-08-31,archive_feed_info_window
hekinancity,kurukuru-bus,current,selected,2026-09-30,2027-09-30,False,,2025-08-03,2026-09-30,archive_feed_info_window
higashiuratown,communitybus,current,selected,2026-10-01,2027-03-31,False,,2026-02-27,2027-03-31,archive_feed_info_window
kariyacity,communitybus,current,selected,2026-06-16,2027-06-15,False,,2026-06-16,2027-06-15,archive_feed_info_window
kasugaicity,kasugaicitybus,,no_downloaded_archive_valid_on_anchor,2026-10-01,2027-09-30,False,,,,
kitanagoyacity,communitybus,current,selected,2026-07-27,2027-03-31,False,,2026-07-27,2027-03-31,archive_feed_info_window
kitashitara,odekakehokusetsu,current,selected,2026-10-01,2027-10-31,False,,2026-09-01,2027-03-31,archive_feed_info_window
meikaijo,ship,current,selected,2026-02-20,2027-03-31,False,,2026-02-20,2027-03-31,archive_feed_info_window
minamichitatown,communitybus,current,selected,2026-10-01,2027-09-30,False,,2026-01-01,2026-09-30,archive_feed_info_window
nagakutecity,communitybus,current,selected,2026-03-05,2027-03-31,False,,2026-03-05,2027-03-31,archive_feed_info_window
nishiocity,meitestu_tobu,current,selected,2026-09-17,2027-09-30,False,,2026-09-17,2027-09-30,archive_feed_info_window
nishiocity,tosen,current,selected,2026-10-01,2027-09-30,False,,2026-03-16,2026-09-30,archive_feed_info_window
nishiocity,rokumangokukururinbus,current,selected,2026-04-01,2027-03-31,False,,2026-04-01,2027-03-31,archive_feed_info_window
nisshincity,communitybus,current,selected,2025-10-08,2027-01-10,False,,2025-10-08,2027-01-10,archive_feed_info_window
oguchitown,communitybus,current,selected,2026-06-05,2027-05-31,False,,2026-06-05,2027-05-31,archive_feed_info_window
owariasahicity,communitybus,current,selected,2026-04-01,2026-11-30,False,,2026-04-01,2026-11-30,archive_feed_info_window
setocity,setocitybus,current,selected,2026-04-01,2027-03-31,False,,2026-04-01,2027-03-31,archive_feed_info_window
shinshirocity,sbus,current,selected,2026-09-01,2027-03-31,False,,2026-09-01,2027-03-31,archive_feed_info_window
taketoyotown,communitybus,current,selected,2026-03-28,2027-03-31,False,,2026-03-28,2027-03-31,archive_feed_info_window
tokaicity,tokai-ranranbus,current,selected,2026-10-01,2027-03-31,False,,2026-03-29,2027-03-31,archive_feed_info_window
tokonamecity,Gruun,current,selected,2026-01-01,2026-12-31,False,,2026-01-01,2026-12-31,archive_feed_info_window
toyoakecity,himawaribus,current,selected,2026-04-01,2027-03-31,False,,2026-04-01,2027-03-31,archive_feed_info_window
toyotacity,chiikibus,current,selected,2026-04-01,2027-03-31,False,,2026-04-01,2027-03-31,archive_feed_info_window
toyotacity,kikanbus,current,selected,2026-09-01,2027-03-31,False,,2026-09-01,2027-03-31,archive_feed_info_window
toyoyamatown,communitybus,current,selected,2026-02-08,2027-03-31,False,,2026-02-08,2027-03-31,archive_feed_info_window
busnet-tsu,guruttotsubus,current,selected,2025-05-07,2027-01-05,False,,2025-05-07,2027-01-05,archive_feed_info_window
igacity,communitybus,current,selected,2026-04-01,2027-03-31,False,,2026-04-01,2027-03-31,archive_feed_info_window
inabecity,fukushibus,current,selected,2026-04-01,2027-03-31,False,,2026-04-01,2027-03-31,archive_feed_info_window
isecity,numakibus,current,selected,2025-08-19,2027-01-10,False,,2025-08-19,2027-01-10,archive_feed_info_window
isecity,communitybus,current,selected,2026-04-01,2026-11-30,False,,2026-04-01,2026-11-30,archive_feed_info_window
isetetu,iserailway,current,selected,2026-03-14,2027-03-31,False,,2026-03-14,2027-03-31,archive_feed_info_window
kameyamacity,communitybus,current,selected,2025-12-24,2027-01-31,False,,2025-12-24,2027-01-31,archive_feed_info_window
kawagoetown,fureaibus,current,selected,2026-04-01,2027-03-31,False,,2026-04-01,2027-03-31,archive_feed_info_window
kihotown,chominbus,current,selected,2026-01-15,2027-01-31,False,,2026-01-15,2027-01-31,archive_feed_info_window
kisosakitown,communitybus,current,selected,2025-10-01,2027-03-31,False,,2025-10-01,2027-03-31,archive_feed_info_window
komonotown,communitybus,current,selected,2026-04-01,2026-11-30,False,,2026-04-01,2026-11-30,archive_feed_info_window
kumanocity,shuyubus,current,selected,2025-12-04,2027-01-31,False,,2025-12-04,2027-01-31,archive_feed_info_window
kumanocity,communitybus,current,selected,2026-09-25,2027-09-30,False,,2026-09-25,2027-09-30,archive_feed_info_window
kuwanacity,communitybus,current,selected,2026-06-03,2027-06-30,False,,2026-06-03,2027-06-30,archive_feed_info_window
matsusakacity,communitybus,current,selected,2026-10-01,2027-03-31,False,,2026-04-01,2027-03-31,archive_feed_info_window
mie-kotsu,sancoinanki,current,selected,2026-04-01,2026-12-31,False,,2026-04-01,2026-12-30,archive_feed_info_window
mie-kotsu,sancochusei,current,selected,2026-09-08,2026-12-30,False,,2026-09-08,2026-12-30,archive_feed_info_window
mie-kotsu,sancoiga,current,selected,2026-04-01,2026-12-30,False,,2026-04-01,2026-12-30,archive_feed_info_window
mie-kotsu,sancoshima,current,selected,2026-09-08,2027-01-02,False,,2026-09-08,2027-01-02,archive_feed_info_window
mie-kotsu,sancomatsusaka,current,selected,2026-06-01,2026-12-30,False,,2026-06-01,2026-12-30,archive_feed_info_window
mie-kotsu,sancoyokkaichi,current,selected,2026-09-08,2026-12-30,False,,2026-09-08,2026-12-30,archive_feed_info_window
mie-kotsu,sancokuwana,current,selected,2026-09-08,2026-12-30,False,,2026-09-08,2026-12-30,archive_feed_info_window
mie-kotsu,sancoise,current,selected,2026-09-01,2026-12-30,False,,2026-09-01,2026-12-30,archive_feed_info_window
mie-meiwatown,chominbus,current,selected,2026-04-01,2027-03-31,False,,2026-04-01,2027-03-31,archive_feed_info_window
minamiisetown,choeibus,current,selected,2026-09-20,2027-09-30,False,,2026-09-20,2027-09-30,archive_feed_info_window
nabaricity,communitybus,current,selected,2026-04-01,2027-03-31,False,,2026-04-01,2027-03-31,archive_feed_info_window
odaitown,choeibus,current,selected,2026-08-11,2027-09-30,False,,2026-08-11,2027-09-30,archive_feed_info_window
owasecity,fureaibus,current,selected,2026-02-02,2027-01-31,False,,2026-02-02,2027-01-31,archive_feed_info_window
seikatsubus-yokkaichi,sbusyokkaichi,current,selected,2026-04-01,2027-09-30,False,,2026-04-01,2027-09-30,archive_feed_info_window
shimacity,anori,current,selected,2026-06-07,2027-03-28,False,,2026-06-07,2027-03-28,archive_feed_info_window
shimacity,agowanteikisen,current,selected,2026-10-01,2027-09-30,False,,2021-10-01,2026-12-31,archive_feed_info_window
suzukacity,communitybus,current,selected,2026-09-15,2027-03-31,False,,2026-09-15,2027-03-31,archive_feed_info_window
takitown,choeibus,current,selected,2025-12-10,2027-01-31,False,,2025-12-10,2027-01-31,archive_feed_info_window
tobacity,communitybus,current,selected,2026-09-01,2027-03-31,False,,2026-09-01,2027-03-31,archive_feed_info_window
tobacity,teikisen,current,selected,2026-04-01,2028-01-31,False,,2026-04-01,2028-01-31,archive_feed_info_window
tointown,communitybus,current,selected,2026-07-14,2027-09-30,False,,2026-07-14,2027-09-30,archive_feed_info_window
tsu-airportline,airportline,current,selected,2026-08-16,2027-03-31,False,,2026-08-16,2027-03-31,archive_feed_info_window
tsucity,communitybus,current,selected,2026-10-10,2027-03-31,False,,2026-04-01,2027-03-31,archive_feed_info_window
wataraitown,choeibus,current,selected,2026-04-01,2027-03-31,False,,2026-04-01,2027-03-31,archive_feed_info_window
yokkaichicity,communitybus,current,selected,2025-12-01,2026-12-31,False,,2025-12-01,2026-12-31,archive_feed_info_window
higashiomicity,higasiohmisicommunitybus,current,selected,2025-04-01,2026-09-30,False,,2025-04-01,2026-09-30,archive_feed_info_window
kokacity,sinaicommunitybus,current,selected,2026-04-01,2027-03-31,False,,2026-04-01,2027-03-31,archive_feed_info_window
kusatsucity,kusatsusimamebus,current,selected,2026-03-01,2027-03-31,False,,2026-03-01,2027-03-31,archive_feed_info_window
moriyamacity,kuruttobus,current,selected,2026-06-04,2027-03-31,False,,2026-06-04,2027-03-31,archive_feed_info_window
nagahamacity,nishiazaiodekakewagon,current,selected,2026-05-21,2027-03-31,False,,2026-05-21,2027-03-31,archive_feed_info_window
omihachimancity,akakonbus,current,selected,2025-08-28,2027-05-31,False,,2025-08-28,2027-05-31,archive_feed_info_window
rittocity,rittoukurichanbus,,no_downloaded_archive_valid_on_anchor,2025-04-01,2026-03-31,False,,,,
shiga-hinotown,choueibus,current,selected,2026-04-01,2027-03-31,False,,2026-04-01,2027-03-31,archive_feed_info_window
shiga-konancity,konansimegurukun,current,selected,2026-04-01,2027-03-31,False,,2026-04-01,2027-03-31,archive_feed_info_window
takashimacity,takasimasicommunitybus,current,selected,2026-03-30,2027-03-31,False,,2026-03-30,2027-03-31,archive_feed_info_window
yasucity,onoriyasu,current,selected,2026-04-01,2027-03-31,False,,2026-04-01,2027-03-31,archive_feed_info_window
shinkikanko,limonbus,current,selected,2026-04-01,2027-03-31,False,,2026-04-01,2027-03-31,archive_feed_info_window
akashicity,tacobustacobusmini,current,selected,2026-04-01,2027-04-30,False,,2026-04-01,2027-04-30,archive_feed_info_window
akocity,teijuurou,current,selected,2026-04-01,2027-04-30,False,,2026-04-01,2027-04-30,archive_feed_info_window
akocity,yuranosuke,current,selected,2026-04-01,2027-04-30,False,,2026-04-01,2027-04-30,archive_feed_info_window
asagocity,acobus,,excluded_discontinued_on_or_before_anchor,2024-10-01,2025-03-31,True,2025-03-31,,,
awajicity,awajinawahimebus,current,selected,2026-03-12,2027-03-11,False,,2026-03-12,2027-03-11,archive_feed_info_window
awajicity,awaji-jenova-line-akashi-iwaya,current,selected,2026-02-01,2027-03-31,False,,2026-02-01,2027-03-31,archive_feed_info_window
fukusakitown,junkai-fukuhime-fukusakikasairenkei,current,selected,2026-04-01,2027-03-31,False,,2026-04-01,2027-03-31,archive_feed_info_window
himejicity,ieshima-boze-yukihiko,current,selected,2026-10-01,2027-09-30,False,,2026-04-01,2027-03-31,archive_feed_info_window
hyogo-kamikawatown,communitybus,current,selected,2026-07-01,2027-03-31,False,,2026-07-01,2027-03-31,archive_feed_info_window
hyogo-kamitown,kamichominbus,,no_downloaded_archive_valid_on_anchor,2021-12-01,2024-03-31,False,,,,
hyogo-ono,ranranbus,current,selected,2026-04-01,2027-03-31,False,,2026-04-01,2027-03-31,archive_feed_info_window
ichikawatown,communitybus,current,selected,2026-05-01,2027-04-30,False,,2026-05-01,2027-04-30,archive_feed_info_window
inagawatown,fureaibus,current,selected,2026-10-01,2027-09-30,False,,2025-10-01,2026-09-30,archive_feed_info_window
kakogawacity,kakobuskakobusmini,current,selected,2026-09-15,2027-09-30,False,,2026-09-15,2027-09-30,archive_feed_info_window
kamigoritown,ainorigo,current,selected,2025-11-01,2026-10-31,False,,2025-11-01,2026-10-31,archive_feed_info_window
kasaicity,kasaineppihappybus,current,selected,2026-04-01,2027-03-31,False,,2026-04-01,2027-03-31,archive_feed_info_window
kasaicity,unifureaitomi,current,selected,2026-04-01,2027-03-31,False,,2026-04-01,2027-03-31,archive_feed_info_window
katocity,yashiroshigaichinoriaitaxi,,no_downloaded_archive_valid_on_anchor,2024-04-01,2025-03-31,False,,,,
kobecity,kobe-satoyama,current,selected,2026-03-02,2027-03-31,False,,2026-03-02,2027-03-31,archive_feed_info_window
kobecity,kobe-shiokaze,current,selected,2026-10-01,2027-09-30,False,,2025-08-01,2026-09-30,archive_feed_info_window
minamiawajicity,lanrunbus,current,selected,2026-04-01,2027-03-31,False,,2026-04-01,2027-03-31,archive_feed_info_window
nishinomiyacity,sakurayamanami,current,selected,2025-09-01,2026-10-31,False,,2025-09-01,2026-10-31,archive_feed_info_window
nishinomiyacity,najio-ikunokogen,current,selected,2026-04-01,2027-04-30,False,,2026-04-01,2027-04-30,archive_feed_info_window
nishinomiyacity,koyoen,current,selected,2026-03-02,2027-03-31,False,,2026-03-02,2027-03-31,archive_feed_info_window
nishinomiyacity,guruttonamaze,current,selected,2026-04-01,2027-05-31,False,,2026-04-01,2027-05-31,archive_feed_info_window
nishiwakicity,loopbus-orihimebus,current,selected,2026-04-01,2027-03-31,False,,2026-04-01,2027-03-31,archive_feed_info_window
sayotown,communitybus,current,selected,2026-05-01,2027-04-30,False,,2026-05-01,2027-04-30,archive_feed_info_window
shinonsentown,yumetsubame,current,selected,2026-04-01,2027-03-31,False,,2026-04-01,2027-03-31,archive_feed_info_window
shisocity,shitanbus-wingshinki,current,selected,2026-04-01,2027-03-31,False,,2026-04-01,2027-03-31,archive_feed_info_window
shisocity,shitanbus,current,selected,2026-04-01,2027-03-31,False,,2026-04-01,2027-03-31,archive_feed_info_window
sumotocity,communitybus,current,selected,2026-10-01,2027-03-31,False,,2026-04-01,2027-03-31,archive_feed_info_window
takarazukacity,runrunbus,current,selected,2026-05-01,2027-09-30,False,,2026-05-01,2027-09-30,archive_feed_info_window
takasagocity,jotonbus,current,selected,2026-10-01,2027-09-30,False,,2026-09-01,2027-03-31,archive_feed_info_window
tambasasayamacity,communitybusheartrun,,excluded_discontinued_date_unknown,2024-11-01,2025-12-31,True,,,,
tatsunocity,communitybus,current,selected,2026-04-01,2027-04-30,False,,2026-04-01,2027-04-30,archive_feed_info_window
toyookacity,inacar,current,selected,2026-04-01,2027-03-31,False,,2026-04-01,2027-03-31,archive_feed_info_window
toyookacity,kobus,current,selected,2026-04-01,2027-03-31,False,,2026-04-01,2027-03-31,archive_feed_info_window
yabucity,waiwai-sekimiya-yoka,,no_downloaded_archive_valid_on_anchor,2021-10-01,2024-12-31,False,,,,
andotown,andocombus,,no_downloaded_archive_valid_on_anchor,2025-02-01,2026-03-31,False,,,,
yamatokoriyamacity,kingyobus,current,selected,2026-04-01,2027-03-31,False,,2026-04-01,2027-03-31,archive_feed_info_window
yamatotakadacity,communitybuskibougou,current,selected,2026-10-01,2027-03-31,False,,2026-04-01,2027-03-31,archive_feed_info_window
aridagawatown,aridagawatownbus,current,selected,2026-03-28,2027-03-31,False,,2026-03-28,2027-03-31,archive_feed_info_window
chukibus,chukibus,current,selected,2026-09-20,2027-03-31,False,,2026-09-20,2027-03-31,archive_feed_info_window
iwadecity,junkaibus,current,selected,2026-07-07,2027-03-31,False,,2026-07-07,2027-03-31,archive_feed_info_window
katsuragitown,community-bus,current,selected,2026-05-18,2027-05-17,False,,2026-05-18,2027-05-17,archive_feed_info_window
kinokawacity,kinokawa_bus,current,selected,2026-07-03,2028-03-31,False,,2026-07-03,2028-03-31,archive_feed_info_window
kumanogobobus,kumanogobobus_kumano,current,selected,2026-04-01,2027-03-31,False,,2026-04-01,2027-03-31,archive_feed_info_window
kumanogobobus,kumanogobobus_gobo,current,selected,2025-10-01,2026-10-31,False,,2025-10-01,2026-10-31,archive_feed_info_window
kushimoto,bus-kushimotokankoshuyu-wakayama-jp,current,selected,2026-09-28,2027-03-31,False,,2026-09-28,2027-03-31,archive_feed_info_window
meikobus,meikobus,current,selected,2026-09-07,2027-03-31,False,,2026-09-07,2027-03-31,archive_feed_info_window
rinkan,koyasan,current,selected,2026-04-23,2027-03-31,False,,2026-04-23,2027-03-31,archive_feed_info_window
rinkan,hashimoto-rinkandenentoshi,current,selected,2026-03-28,2027-03-31,False,,2026-03-28,2027-03-31,archive_feed_info_window
ryujinbus,ryujinbus,current,selected,2026-09-19,2027-03-31,False,,2026-09-19,2027-03-31,archive_feed_info_window
susamitown,Communitybus,,no_downloaded_archive_valid_on_anchor,2024-04-01,2025-03-31,False,,,,
tanabecity,Jumin-Bus,current,selected,2026-05-31,2027-05-31,False,,2026-05-31,2027-05-31,archive_feed_info_window
masudacity,noriai,current,selected,2026-01-01,2027-03-31,False,,2026-01-01,2027-03-31,archive_feed_info_window
hayashimatown,hayashimatowncommunitybus,current,selected,2026-04-01,2027-03-31,False,,2026-04-01,2027-03-31,archive_feed_info_window
hokushin-bus,ibaraaiaibus,current,selected,2026-05-13,2027-05-12,False,,2026-05-13,2027-05-12,archive_feed_info_window
hokushin-bus,hokushinbus,current,selected,2026-03-09,2027-03-08,False,,2026-03-09,2027-03-08,archive_feed_info_window
kagaminotown,kagaminotownbus,current,selected,2026-04-01,2027-03-31,False,,2026-04-01,2027-03-31,archive_feed_info_window
maniwacity,maniwakun,current,selected,2026-04-01,2027-03-31,False,,2026-04-01,2027-03-31,archive_feed_info_window
nagitown,nagibus,current,selected,2026-03-02,2027-03-01,False,,2026-03-02,2027-03-01,archive_feed_info_window
niimicity,niimishieibus,current,selected,2026-06-30,2027-06-29,False,,2026-06-30,2027-06-29,archive_feed_info_window
setouchicity,setouchicitykankobus,current,selected,2026-08-01,2027-01-31,False,,2026-08-01,2027-01-31,archive_feed_info_window
setouchicity,setouchicitybus,current,selected,2026-04-01,2027-03-31,False,,2026-04-01,2027-03-31,archive_feed_info_window
shootown,shoochofureaibus,current,selected,2026-09-11,2026-09-30,False,,2026-09-11,2026-09-30,archive_feed_info_window
tsuyamacity,bus-tsuyamacity-okayama-jp,,no_downloaded_archive_valid_on_anchor,2026-03-17,2026-04-30,False,,,,
waketown,wakechoueibasu,,no_downloaded_archive_valid_on_anchor,2025-03-11,2025-12-31,False,,,,
asatetu,asakaigantetsudo,current,selected,2026-06-11,2027-06-10,False,,2026-06-11,2027-06-10,archive_feed_info_window
higashimiyoshitown,higashimiyoshitownbus,current,selected,2026-03-11,2027-03-31,False,,2026-03-11,2027-03-31,archive_feed_info_window
kaiyotown,kaiyotownbus,current,selected,2026-04-01,2027-03-31,False,,2026-04-01,2027-03-31,archive_feed_info_window
kamikatsutown,kamikatsutownbus,,no_downloaded_archive_valid_on_anchor,2025-04-01,2026-03-31,False,,,,
kitajimatown,kitajimatownfukushibus,current,selected,2026-02-19,2027-02-18,False,,2026-02-19,2027-02-18,archive_feed_info_window
matsushigetown,matsushigetownbus,current,selected,2026-06-01,2027-12-31,False,,2026-06-01,2027-12-31,archive_feed_info_window
nakatown,nakatownbus,current,selected,2026-04-30,2027-03-31,False,,2026-04-30,2027-03-31,archive_feed_info_window
narutocity,narutocitytosen,current,selected,2026-04-07,2027-04-06,False,,2026-04-07,2027-04-06,archive_feed_info_window
narutocity,narutocitychiikibus,current,selected,2026-04-07,2027-04-06,False,,2026-04-07,2027-04-06,archive_feed_info_window
tokubus,tokushimabus,current,selected,2026-10-01,2027-12-31,False,,2026-08-24,2027-03-31,archive_feed_info_window
tokubus-anan,tokushimabusanan,,excluded_discontinued_on_or_before_anchor,2023-02-20,2023-09-30,True,2023-09-30,,,
tokubus-nanbu,tokushimabusnanbu,current,selected,2025-10-01,2026-12-31,False,,2025-10-01,2026-12-31,archive_feed_info_window
tokushima-minamitown,minabubyoinrenrakubus,,no_downloaded_archive_valid_on_anchor,2025-03-21,2026-03-20,False,,,,
tokushima-miyoshicity,miyoshicitybus,current,selected,2026-04-01,2027-03-31,False,,2026-04-01,2027-03-31,archive_feed_info_window
tokushima-shiei,tokushimacitybus,current,selected,2026-04-01,2027-03-31,False,,2026-04-01,2027-03-31,archive_feed_info_window
tokushimacity,kamihachimanbus,current,selected,2026-04-01,2027-03-31,False,,2026-04-01,2027-03-31,archive_feed_info_window
tokushimacity,oujinfureaibus,current,selected,2026-04-01,2027-03-31,False,,2026-04-01,2027-03-31,archive_feed_info_window
tsurugitown,tsurugitownbus,current,selected,2026-04-01,2027-03-31,False,,2026-04-01,2027-03-31,archive_feed_info_window
yoshinogawacity,yoshinogawacitybus,current,selected,2026-04-01,2027-03-31,False,,2026-04-01,2027-03-31,archive_feed_info_window
kanonjicity,kanonjishi-noriaibus,current,selected,2026-04-01,2027-03-31,False,,2026-04-01,2027-03-31,archive_feed_info_window
kotosan,sakaide-local,current,selected,2026-03-02,2027-03-01,False,,2026-03-02,2027-03-01,archive_feed_info_window
kotosan,kotohira-local,current,selected,2025-10-01,2026-09-30,False,,2025-10-01,2026-09-30,archive_feed_info_window
kotosan,marugame-community,current,selected,2025-10-01,2026-09-30,False,,2025-10-01,2026-09-30,archive_feed_info_window
mitoyocity,mitoyocommunitybus,current,selected,2026-04-01,2027-03-31,False,,2026-04-01,2027-03-31,archive_feed_info_window
naoshimatown,naoshima,current,selected,2026-08-23,2027-05-31,False,,2026-08-23,2027-05-31,archive_feed_info_window
seisan-kanko,seisankanko_limousine,current,selected,2026-08-27,2027-03-31,False,,2026-08-27,2027-03-31,archive_feed_info_window
akicity,GTFS-Akicity_Bus,current,selected,2026-10-01,2027-03-31,False,,2026-03-01,2027-03-31,archive_feed_info_window
geiseivillage,GTFS-Geiseivill_Bus,current,selected,2026-03-01,2027-04-01,False,,2026-03-01,2027-04-01,archive_feed_info_window
inotown,GTFS-Inotown_Loopbus,current,selected,2026-03-01,2026-12-31,False,,2026-03-01,2026-12-31,archive_feed_info_window
inotown,GTFS-Inotown_HongawaArea,current,selected,2025-07-01,2027-01-05,False,,2025-07-01,2027-01-05,archive_feed_info_window
jr-shikoku-bus-kochi,GTFS-JRbus_Otochi,current,selected,2026-10-01,2027-03-31,False,,2025-08-05,2026-09-30,archive_feed_info_window
kamicity,GTFS-Kamicity_Bus,current,selected,2026-10-01,2027-10-01,False,,2026-04-01,2027-04-01,archive_feed_info_window
kamicity,GTFS-Kamicity_Demandbus,current,selected,2026-10-01,2027-10-01,False,,2025-04-01,2026-12-31,archive_feed_info_window
khkhokubu-kotsu,GTFS-Hokubutraffic_Localbus,current,selected,2026-10-01,2027-09-30,False,,2026-03-20,2027-01-03,archive_feed_info_window
kitagawavillage,GTFS-Kitagawavill_Bus,current,selected,2026-04-01,2027-03-31,False,,2026-04-01,2027-03-31,archive_feed_info_window
kochi-ekimae-kanko,GTFS-Ekimae_Expressbus,current,selected,2026-10-01,2026-12-31,False,,2026-08-01,2026-10-10,archive_feed_info_window
kochi-ekimae-kanko,GTFS-Ekimae_Airportbus,current,selected,2026-10-01,2026-10-31,False,,2026-09-01,2026-10-10,archive_feed_info_window
kochi-kanko-convention,GTFS-KVCA_MY-YUbus,current,selected,2026-10-01,2027-03-31,False,,2026-08-26,2027-03-31,archive_feed_info_window
kochi-konancity,GTFS-Konancity_Bus,current,selected,2026-10-01,2027-10-01,False,,2026-04-01,2026-10-01,archive_feed_info_window
kochi-koryo-kotsu,GTFS-Koryotraffic_Localbus,current,selected,2026-10-01,2026-12-29,False,,2026-04-01,2026-12-29,archive_feed_info_window
kochi-seinan-kotsu,GTFS-Seinantraffic_Localbus,current,selected,2026-10-01,2026-10-31,False,,2026-09-01,2026-10-30,archive_feed_info_window
kochi-seinan-kotsu,GTFS-Seinan_Expressbus,current,selected,2026-06-01,2027-09-30,False,,2026-06-01,2027-09-30,archive_feed_info_window
kochi-seinan-kotsu,GTFS-Seinantraffic_Shimaashi,current,selected,2026-04-01,2027-03-31,False,,2026-04-01,2027-03-31,archive_feed_info_window
kochi-seinan-kotsu,GTFS-Seinantraffic_Akamego,current,selected,2026-04-01,2027-03-31,False,,2026-04-01,2027-03-31,archive_feed_info_window
kochi-seinan-kotsu,GTFS-Seinantraffic_Riverbus,current,selected,2026-04-01,2027-03-31,False,,2026-04-01,2027-03-31,archive_feed_info_window
kochi-suzakicity,GTFS-Susakicity_Bus,current,selected,2026-10-01,2027-01-04,False,,2026-01-01,2027-01-04,archive_feed_info_window
kochi-suzakicity,GTFS-Susakicity_Ferry,current,selected,2025-12-01,2027-01-04,False,,2025-12-01,2027-01-04,archive_feed_info_window
kochi-tobu-kotsu,GTFS-Tobutraffic_Localbus,current,selected,2026-10-01,2027-09-30,False,,2026-04-01,2027-04-01,archive_feed_info_window
kochi-tsunotown,GTFS-Tsunotown_Bus,current,selected,2026-06-04,2026-12-31,False,,2026-06-04,2026-12-31,archive_feed_info_window
kochi_pref,GTFS-Kochipref_Ferry,current,selected,2026-02-01,2027-04-01,False,,2026-02-01,2027-04-01,archive_feed_info_window
kochiap,GTFS-KochIAP_AirportShare,current,selected,2026-04-01,2027-03-31,False,,2026-04-01,2027-03-31,archive_feed_info_window
kuroiwa-kanko,GTFS-Kuroiwakanko_Localbus,current,selected,2026-09-01,2026-12-25,False,,2026-09-01,2026-12-25,archive_feed_info_window
miharavillage,GTFS-Miharavill_Bus,current,selected,2025-11-01,2026-11-02,False,,2025-11-01,2026-11-02,archive_feed_info_window
motoyamatown,GTFS-Motoyamatown_Bus,current,selected,2026-10-01,2027-10-01,False,,2025-10-01,2026-10-01,archive_feed_info_window
murotocity,GTFS-Murotocity_Bus,current,selected,2026-10-01,2027-09-30,False,,2025-10-01,2026-10-01,archive_feed_info_window
nakatosatown,GTFS-Nakatosatown_Bus,current,selected,2026-04-01,2027-04-01,False,,2026-04-01,2027-04-01,archive_feed_info_window
nangokucity,GTFS-Nankokucity_AirportShare,current,selected,2025-10-01,2027-03-31,False,,2025-10-01,2027-03-31,archive_feed_info_window
nangokucity,GTFS-Nankokucity_Bus,current,selected,2026-10-01,2027-02-20,False,,2026-04-01,2027-02-20,archive_feed_info_window
niyodogawatown,GTFS-Niyodogawatown_Townsbus,current,selected,2026-07-01,2026-12-27,False,,2026-07-01,2026-12-27,archive_feed_info_window
otsukitown,GTFS-Otsukitown_Bus,current,selected,2026-02-20,2027-04-01,False,,2026-02-20,2027-04-01,archive_feed_info_window
reihoku-kanko,GTFS-Reihokukanko_Localbus,current,selected,2026-10-01,2026-12-27,False,,2026-07-01,2026-12-27,archive_feed_info_window
sakawatown,GTFS-Sakawatown_Bus,current,selected,2026-03-16,2027-03-31,False,,2026-03-16,2027-03-31,archive_feed_info_window
shimanto-kotsu,GTFS-Shimantotraffic_Feederbus,current,selected,2026-10-01,2027-10-01,False,,2026-03-01,2027-04-01,archive_feed_info_window
shimanto-kotsu,GTFS-Shimantotraffic_Localbus,current,selected,2026-10-01,2027-09-30,False,,2026-04-10,2027-04-01,archive_feed_info_window
shimantocity,GTFS-Shimantocity_Demandbus,,excluded_discontinued_date_unknown,2026-01-05,2027-03-31,True,,,,
shimantocity,GTFS-Shimantocity_Bus,current,selected,2026-05-15,2027-04-01,False,,2026-05-15,2027-04-01,archive_feed_info_window
shimantotown,GTFS-Shimantotown_Bus,current,selected,2026-03-02,2027-04-01,False,,2026-03-02,2027-04-01,archive_feed_info_window
sukumocity,GTFS-Sukumocity_Yururinbus,current,selected,2026-04-01,2027-04-30,False,,2026-04-01,2027-04-30,archive_feed_info_window
sukumocity,GTFS-Sukumocity_Ferry,current,selected,2026-08-01,2027-08-10,False,,2026-08-01,2027-08-10,archive_feed_info_window
sukumocity,GTFS-Sukumocity_Hanabus,current,selected,2026-04-01,2027-04-10,False,,2026-04-01,2027-04-10,archive_feed_info_window
tanotown,GTFS-Tanotown_Bus,current,selected,2026-09-01,2027-10-01,False,,2026-09-01,2027-10-01,archive_feed_info_window
tosacity,GTFS-Tosacity_Bus,current,selected,2026-10-01,2027-09-30,False,,2026-03-01,2027-04-01,archive_feed_info_window
tosaden-kotsu,GTFS-Tosadentraffic_Regularbus,current,selected,2026-10-01,2027-09-30,False,,2026-09-01,2026-09-30,archive_feed_info_window
tosaden-kotsu,GTFS-Tosadentraffic_Streetcar,current,selected,2026-08-01,2027-04-30,False,,2026-08-01,2027-04-30,archive_feed_info_window
tosaden-kotsu,GTFS-Tosadentraffic_Airportbus,current,selected,2026-10-01,2026-10-20,False,,2026-09-01,2026-09-30,archive_feed_info_window
tosashimizucity,GTFS-Tosashimizucity_Bus,current,selected,2026-10-01,2027-09-30,False,,2025-10-01,2026-09-30,archive_feed_info_window
yasudatown,GTFS-Yasudatown_Bus,current,selected,2026-09-01,2027-10-01,False,,2026-09-01,2027-10-01,archive_feed_info_window
amagikankobus,AmagiKankoBus,current,selected,2026-04-01,2027-03-31,False,,2026-04-01,2027-03-31,archive_feed_info_window
ashiyatown,AshiyaTownBus,current,selected,2026-03-28,2027-03-31,False,,2026-03-28,2027-03-31,archive_feed_info_window
buzencity,BuzenCityBus,current,selected,2026-04-01,2027-03-31,False,,2026-04-01,2027-03-31,archive_feed_info_window
chikugocity,HainuzukaStationAreaLoopBus,current,selected,2026-04-01,2027-03-31,False,,2026-04-01,2027-03-31,archive_feed_info_window
chikujotown,ChikujoTownCommunityBus,current,selected,2026-04-01,2027-03-31,False,,2026-04-01,2027-03-31,archive_feed_info_window
dazaifucity,DazaifuCityCommunityBus,current,selected,2025-09-29,2027-03-31,False,,2025-09-29,2027-03-31,archive_feed_info_window
fukuoka-kawasakitown,KawasakiTownFureaiBus,current,selected,2025-10-01,2027-03-31,False,,2025-10-01,2027-03-31,archive_feed_info_window
fukuoka-kogacity,KogaBus,current,selected,2026-06-01,2027-03-31,False,,2026-06-01,2027-03-31,archive_feed_info_window
fukuokacity,ImajukuMeinohamaLine,current,selected,2025-04-01,2027-03-31,False,,2025-04-01,2027-03-31,archive_feed_info_window
fukutsucity,minibus,current,selected,2026-04-01,2027-03-31,False,,2026-04-01,2027-03-31,archive_feed_info_window
hisayamatown,HisayamaIkoBus,current,selected,2026-03-21,2027-03-31,False,,2026-03-21,2027-03-31,archive_feed_info_window
kamacity,KamaCityBus,current,selected,2026-04-01,2027-03-31,False,,2026-04-01,2027-03-31,archive_feed_info_window
kandatown,KandaTownCommunityBus,current,selected,2026-04-01,2027-03-31,False,,2026-04-01,2027-03-31,archive_feed_info_window
kasugacity,yayoi_kasuga,current,selected,2026-04-14,2027-03-31,False,,2026-04-14,2027-03-31,archive_feed_info_window
kitakyushucity,tsunemi-kitaku,current,selected,2026-04-01,2027-03-31,False,,2026-04-01,2027-03-31,archive_feed_info_window
kitakyushucity,okura,current,selected,2026-04-01,2027-03-31,False,,2026-04-01,2027-03-31,archive_feed_info_window
kitakyushucity,oma-dobaru,current,selected,2026-04-01,2027-03-31,False,,2026-04-01,2027-03-31,archive_feed_info_window
kitakyushucity,koyanose-kusubashi-hoshigaoka,current,selected,2026-03-21,2027-03-31,False,,2026-03-21,2027-03-31,archive_feed_info_window
kitakyushucity,higashitani,current,selected,2026-04-01,2027-03-31,False,,2026-04-01,2027-03-31,archive_feed_info_window
kitakyushucity,edamitsu,current,selected,2026-08-06,2027-03-31,False,,2026-08-06,2027-03-31,archive_feed_info_window
kitakyushucity,hiraodai,current,selected,2026-03-20,2027-03-31,False,,2026-03-20,2027-03-31,archive_feed_info_window
kitakyushucity,tashiro-kawachi,current,selected,2026-04-01,2027-03-31,False,,2026-04-01,2027-03-31,archive_feed_info_window
kuratetown,KurateTownSmileBusMiyawakaLine,current,selected,2026-04-01,2027-03-31,False,,2026-04-01,2027-03-31,archive_feed_info_window
miyamacity,MiyamaCityCommunityBus,current,selected,2026-03-02,2027-03-31,False,,2026-03-02,2027-03-31,archive_feed_info_window
miyawakacity,MiyawakaMunakataLine,current,selected,2025-04-01,2027-03-31,False,,2025-04-01,2027-03-31,archive_feed_info_window
mizumakitown,MizumakiTownBus,current,selected,2026-04-01,2027-03-31,False,,2026-04-01,2027-03-31,archive_feed_info_window
munakatacity,MunakataCityCommunityBus,current,selected,2026-04-06,2027-03-31,False,,2026-04-06,2027-03-31,archive_feed_info_window
munakatacity,MunakataCityFureaiBus,current,selected,2026-10-05,2027-03-31,False,,2026-04-01,2027-03-31,archive_feed_info_window
munakatacity,MunakataMankitsuShuyuBus,,excluded_discontinued_date_unknown,2025-07-19,2025-10-26,True,,,,
munakatacity,MunakataCityOshimaFerry,current,selected,2022-04-01,2027-03-31,False,,2022-04-01,2027-03-31,archive_feed_info_window
munakatacity,MiyawakaMunakataLine,current,selected,2026-04-01,2027-03-31,False,,2026-04-01,2027-03-31,archive_feed_info_window
munakatacity,MunakataCityJinoshimaFerry,current,selected,2022-04-01,2027-03-31,False,,2022-04-01,2027-03-31,archive_feed_info_window
nogatacity,NogataCityCommunityBus,current,selected,2026-10-01,2027-03-31,False,,2026-04-01,2027-03-31,archive_feed_info_window
ongatown,OngaTownCommunityBus,current,selected,2026-03-14,2027-03-31,False,,2026-03-14,2027-03-31,archive_feed_info_window
shingutown,TownFerryShingu,current,selected,2026-03-01,2027-02-28,False,,2026-03-01,2027-02-28,archive_feed_info_window
shingutown,ShinguTownCommunityBus,current,selected,2026-03-01,2027-02-28,False,,2026-03-01,2027-02-28,archive_feed_info_window
soedatown,soedamachibus,current,selected,2026-04-01,2027-03-31,False,,2026-04-01,2027-03-31,archive_feed_info_window
suetown,SueTownCommunityBus,current,selected,2026-04-01,2027-03-31,False,,2026-04-01,2027-03-31,archive_feed_info_window
tagawacity,TagawaCityCommunityBus,current,selected,2026-10-05,2027-09-30,False,,2025-10-06,2027-09-30,archive_feed_info_window
taiyo-koutu,taiyo-koutu,current,selected,2026-04-01,2027-03-31,False,,2026-04-01,2027-03-31,archive_feed_info_window
yanagawacity,YanagawaCityCommunityBus,current,selected,2026-10-01,2027-09-30,False,,2025-10-01,2027-03-31,archive_feed_info_window
imaricity,imarinbus,current,selected,2026-04-01,2027-03-31,False,,2026-04-01,2027-03-31,archive_feed_info_window
hiradocity,fureaibus,current,selected,2026-10-01,2027-09-30,False,,2026-04-01,2026-09-30,archive_feed_info_window
kuma-bus,kuma-bus,current,selected,2026-08-31,2027-01-02,False,,2026-08-31,2027-01-02,archive_feed_info_window
kumamoto-shiden,kumamotoshiden,current,selected,2025-06-01,2027-03-31,False,,2025-06-01,2027-03-31,archive_feed_info_window
kumamoto-toshibus,kumamoto-toshibus,current,selected,2026-06-06,2026-12-31,False,,2026-06-06,2026-12-31,archive_feed_info_window
kumamotodentetsu,kumamotodentetsu-bus,current,selected,2026-09-01,2026-12-31,False,,2026-09-01,2026-12-31,archive_feed_info_window
kumamotodentetsu,kumamotodentetsu,current,selected,2026-05-11,2026-12-28,False,,2026-05-11,2026-12-28,archive_feed_info_window
sankobus,sankobus,current,selected,2026-08-13,2027-01-02,False,,2026-08-13,2027-01-02,archive_feed_info_window
kusutown,kusucommunity-bus,current,selected,2026-07-03,2027-03-31,False,,2026-07-03,2027-03-31,archive_feed_info_window
nakatsucity,OshimaIfuku,current,selected,2023-04-01,2026-10-31,False,,2023-04-01,2026-10-31,archive_feed_info_window
nakatsucity,UraYabakei,current,selected,2023-04-01,2027-03-31,False,,2023-04-01,2027-03-31,archive_feed_info_window
nakatsucity,Kii,current,selected,2023-04-01,2026-10-31,False,,2023-04-01,2026-10-31,archive_feed_info_window
nakatsucity,Tsutami,current,selected,2023-04-01,2027-03-31,False,,2023-04-01,2027-03-31,archive_feed_info_window
nakatsucity,Yakata,current,selected,2026-10-01,2027-03-31,False,,2023-04-01,2027-03-31,archive_feed_info_window
nakatsucity,BuzenNakatsu,current,selected,2023-04-01,2027-03-31,False,,2023-04-01,2027-03-31,archive_feed_info_window
nakatsucity,Higashitani,current,selected,2026-10-01,2027-03-31,False,,2023-04-01,2027-03-31,archive_feed_info_window
nakatsucity,Miho,current,selected,2023-04-01,2027-03-31,False,,2023-04-01,2027-03-31,archive_feed_info_window
nakatsucity,ShinyabaNishi,current,selected,2023-04-01,2026-10-31,False,,2023-04-01,2026-10-31,archive_feed_info_window
nakatsucity,Nishimakusa,current,selected,2023-04-01,2027-03-31,False,,2023-04-01,2027-03-31,archive_feed_info_window
nakatsucity,Nishitani,current,selected,2026-10-01,2027-03-31,False,,2023-04-01,2027-03-31,archive_feed_info_window
nakatsucity,OshimadaiKanayoshi,current,selected,2023-04-01,2026-10-31,False,,2023-04-01,2026-10-31,archive_feed_info_window
nakatsucity,UenokawauchiMasaki,current,selected,2023-04-01,2026-10-31,False,,2023-04-01,2026-10-31,archive_feed_info_window
nakatsucity,HiyamajiKamagi,current,selected,2023-04-01,2026-10-31,False,,2023-04-01,2026-10-31,archive_feed_info_window
nakatsucity,YamautsuriKita,current,selected,2023-04-01,2026-10-31,False,,2023-04-01,2026-10-31,archive_feed_info_window
nakatsucity,Kawaraguchi,current,selected,2023-04-01,2026-10-31,False,,2023-04-01,2026-10-31,archive_feed_info_window
nakatsucity,ShinyabaHigashi,current,selected,2023-04-01,2026-10-31,False,,2023-04-01,2026-10-31,archive_feed_info_window
nakatsucity,YamautsuriMinami,current,selected,2023-04-01,2026-10-31,False,,2023-04-01,2026-10-31,archive_feed_info_window
kagoshimacity,aibus,current,selected,2026-04-01,2027-03-31,False,,2026-04-01,2027-03-31,archive_feed_info_window
yaesetown,yaese-town-bus,current,selected,2026-03-01,2027-04-30,False,,2026-03-01,2027-04-30,archive_feed_info_window
yanbaru-expressbus,yanbaru-express-bus,current,selected,2026-04-21,2026-12-31,False,,2026-04-21,2026-12-31,archive_feed_info_window
