dataset,source_file,year,field,columns,rows_total,rows_nonblank,unique_operator_ids_nonblank,status,grain_note
not_acquired,,,operator_name,,,,,not_evaluable_source_not_retrieved,"No Project LINKS CSV bytes were acquired; blank counts are unknown, not zero."
not_acquired,,,operator_number,,,,,not_evaluable_source_not_retrieved,"No Project LINKS CSV bytes were acquired; blank counts are unknown, not zero."
not_acquired,,,year,,,,,not_evaluable_source_not_retrieved,"No Project LINKS CSV bytes were acquired; blank counts are unknown, not zero."
not_acquired,,,permit_type,,,,,not_evaluable_source_not_retrieved,"No Project LINKS CSV bytes were acquired; blank counts are unknown, not zero."
not_acquired,,,prefecture,,,,,not_evaluable_source_not_retrieved,"No Project LINKS CSV bytes were acquired; blank counts are unknown, not zero."
not_acquired,,,address,,,,,not_evaluable_source_not_retrieved,"No Project LINKS CSV bytes were acquired; blank counts are unknown, not zero."
not_acquired,,,vehicle_count,,,,,not_evaluable_source_not_retrieved,"No Project LINKS CSV bytes were acquired; blank counts are unknown, not zero."
not_acquired,,,extended_actual_vehicle_count,,,,,not_evaluable_source_not_retrieved,"No Project LINKS CSV bytes were acquired; blank counts are unknown, not zero."
not_acquired,,,extended_working_vehicle_count,,,,,not_evaluable_source_not_retrieved,"No Project LINKS CSV bytes were acquired; blank counts are unknown, not zero."
not_acquired,,,actual_vehicle_km,,,,,not_evaluable_source_not_retrieved,"No Project LINKS CSV bytes were acquired; blank counts are unknown, not zero."
not_acquired,,,total_vehicle_km,,,,,not_evaluable_source_not_retrieved,"No Project LINKS CSV bytes were acquired; blank counts are unknown, not zero."
not_acquired,,,passenger_count,,,,,not_evaluable_source_not_retrieved,"No Project LINKS CSV bytes were acquired; blank counts are unknown, not zero."
not_acquired,,,revenue,,,,,not_evaluable_source_not_retrieved,"No Project LINKS CSV bytes were acquired; blank counts are unknown, not zero."
not_acquired,,,sales_revenue,,,,,not_evaluable_source_not_retrieved,"No Project LINKS CSV bytes were acquired; blank counts are unknown, not zero."
not_acquired,,,transport_revenue,,,,,not_evaluable_source_not_retrieved,"No Project LINKS CSV bytes were acquired; blank counts are unknown, not zero."
not_acquired,,,operating_expenses,,,,,not_evaluable_source_not_retrieved,"No Project LINKS CSV bytes were acquired; blank counts are unknown, not zero."
not_acquired,,,driver_count,,,,,not_evaluable_source_not_retrieved,"No Project LINKS CSV bytes were acquired; blank counts are unknown, not zero."
not_acquired,,,employee_count,,,,,not_evaluable_source_not_retrieved,"No Project LINKS CSV bytes were acquired; blank counts are unknown, not zero."
