operator_id,agency_name,prefectures,feed_ids,current_feed_count,agency_present_current_in_all_component_feeds,agency_identity_present_in_all_distinct_feed_generations,distinct_generations_min_across_feeds,current_only_all_feeds,2plus_generations_all_feeds,1plus_year_all_feeds,2plus_year_all_feeds,3plus_year_all_feeds,minimum_component_history_span_days,all_component_feeds_history_exhausted,history_depth_cap_reached,history_status
9de42043b1699c03,岩宇地域公共交通活性化協議会,北海道,shiokazeline,1,True,True,2,False,True,True,False,False,365,True,False,measured_same_agency_across_all_feeds
246bf7b3d1fdba6f,石狩湾新港地域公共交通サービス推進協議会（事務局石狩市）,北海道,on-demandtransit_itsumo,1,True,True,1,True,False,False,False,False,,True,False,measured_same_agency_across_all_feeds
0aa8f63a0007a2f1,上士幌町,北海道,kamishihoro|kamishihoro-self-bus,2,True,True,1,False,False,False,False,False,11,True,False,measured_same_agency_across_all_feeds
a0923bc2e16982b5,根室交通株式会社,北海道,nemurobus,1,True,True,7,False,True,True,True,False,968,True,False,measured_same_agency_across_all_feeds
2804fca7e5bf649f,深浦町,青森県,fukaura-town-communitybus,1,True,True,2,False,True,False,False,False,98,True,False,measured_same_agency_across_all_feeds
c5d9141c98a36031,五所川原市,青森県,goshogawara-communitybus,1,True,True,1,True,False,False,False,False,,True,False,measured_same_agency_across_all_feeds
9d4bca15fbb719d7,八戸市交通部,青森県,hachinohe-citybus,1,True,True,2,False,True,False,False,False,86,True,False,measured_same_agency_across_all_feeds
de040b6f0cfaafdb,八戸市,青森県,hachinohe-nango,1,True,True,2,False,True,False,False,False,103,True,False,measured_same_agency_across_all_feeds
0bfc8427a50748b0,階上町コミュニティバス,青森県,hashikamibus,1,True,True,3,False,True,True,True,False,730,True,False,measured_same_agency_across_all_feeds
bacb04f95615f3c8,平川市,青森県,hirakwacitybus,1,True,True,1,True,False,False,False,False,,True,False,measured_same_agency_across_all_feeds
d4b23b4bdc71e955,平内町,青森県,hiranaitownbus,1,True,True,2,False,True,False,False,False,86,True,False,measured_same_agency_across_all_feeds
78cc2a5f356d9247,北星交通株式会社,青森県,hokusei-noriai,1,True,True,2,False,True,False,False,False,289,True,False,measured_same_agency_across_all_feeds
5dab992ca8c3a8ec,東日本旅客鉄道株式会社,青森県,JR-east_tsugaruline,1,True,True,7,False,True,True,True,False,760,True,False,measured_same_agency_across_all_feeds
548b3da28a71befd,黒石市,青森県,kuroishi,1,True,True,2,False,True,False,False,False,227,True,False,measured_same_agency_across_all_feeds
5134fb453e7c3c9d,三沢市,青森県,misawacity-mebus,1,True,True,2,False,True,False,False,False,77,True,False,measured_same_agency_across_all_feeds
f2f147fd2f450aab,中泊町,青森県,nakadomari-communitybus,1,True,True,1,True,False,False,False,False,,True,False,measured_same_agency_across_all_feeds
38e5047e6cd492fd,大鰐町,青森県,owanitown-sunekarabus,1,True,True,1,True,False,False,False,False,,True,False,measured_same_agency_across_all_feeds
b3ee570bc23f5fee,七戸町,青森県,shichinohe_community-bus,1,True,True,2,False,True,False,False,False,138,True,False,measured_same_agency_across_all_feeds
8907f35fd5ab3d5f,下北交通,青森県,shimokitakotsu,1,True,True,3,False,True,False,False,False,99,True,False,measured_same_agency_across_all_feeds
069833ffbbcdb288,新郷村,青森県,shingo-mizubashogo,1,True,True,1,True,False,False,False,False,,True,False,measured_same_agency_across_all_feeds
17078b1fa6473a4a,外ヶ浜町,青森県,sotogahama-townbus,1,True,True,1,True,False,False,False,False,,True,False,measured_same_agency_across_all_feeds
d60dac0394673a9c,東北町,青森県,tohoku-town-bus,1,True,True,9,False,True,True,True,False,861,True,False,measured_same_agency_across_all_feeds
8a3c5859abe57af0,十和田市,青森県,towadacity_communitybus,1,True,True,1,True,False,False,False,False,,True,False,measured_same_agency_across_all_feeds
adb26ef7e9bdf45c,十和田観光電鉄,青森県,toutetsu|toutetsu_airport_line,2,True,True,1,False,False,False,False,False,92,True,False,measured_same_agency_across_all_feeds
ae9f8c6992d7582a,つがる市,青森県,tsugarucity_localtransportation,1,True,True,1,True,False,False,False,False,,True,False,measured_same_agency_across_all_feeds
e765610193cddfda,鶴田町,青森県,tsuruta-townbus,1,True,True,1,True,False,False,False,False,,True,False,measured_same_agency_across_all_feeds
ce53a56d8db7dbb4,蓬田村,青森県,yomogita-communitybus,1,True,True,2,False,True,False,False,False,98,True,False,measured_same_agency_across_all_feeds
8bf28ba4bb543b2b,花巻市コミュニティバス,岩手県,hanamaki,1,True,True,5,False,True,True,False,False,539,True,False,measured_same_agency_across_all_feeds
c31dd4aa8951ed33,一関市市営バス,岩手県,Ichinosekibus,1,True,False,6,,,,,,730,True,False,agency_identity_not_stable_across_generations
f96b468efd2d1ce6,奥州市,岩手県,bus-oshucity-iwate-jp,1,True,True,11,False,True,True,True,False,828,True,False,measured_same_agency_across_all_feeds
fbbe97a63e37e723,七ヶ浜町,宮城県,Gururinko,1,True,True,3,False,True,True,False,False,402,True,False,measured_same_agency_across_all_feeds
1a5927d42a083774,株式会社タケヤ交通,宮城県,takeyakotsu,1,True,False,11,,,,,,883,False,True,depth_cap_reached
4a4e95916eba1efc,秋田県仙北市,秋田県,bus-city-semboku,1,True,True,1,True,False,False,False,False,,True,False,measured_same_agency_across_all_feeds
477d250fdc3b4d35,羽後交通株式会社,秋田県,ugokotsu_honjo|ugokotsu_tazawako,2,True,True,12,,True,True,,,487,False,True,depth_cap_reached
edfc4ff2a0995737,東根市,山形県,HigashineCity,1,True,True,6,False,True,True,True,True,1461,True,False,measured_same_agency_across_all_feeds
abe99c7fabd9bf42,河北町,山形県,KahokuTown,1,True,True,10,False,True,True,True,True,1461,True,False,measured_same_agency_across_all_feeds
013a6e64fdfbcce1,上山市,山形県,KaminoyamaCity,1,True,True,5,False,True,True,True,True,1105,True,False,measured_same_agency_across_all_feeds
7d64affbc807efc1,真室川町,山形県,MamurogawaTown,1,True,True,8,False,True,True,True,True,1463,True,False,measured_same_agency_across_all_feeds
51791e7f967c3094,最上川交通,山形県,MOGAMIGAWAKOTSU,1,True,True,4,False,True,True,True,True,1461,True,False,measured_same_agency_across_all_feeds
5e3e5663935187fc,村山市,山形県,MurayamaCity,1,True,True,5,False,True,True,True,True,1461,True,False,measured_same_agency_across_all_feeds
ca8bd4d54763045a,長井市,山形県,NagaiCity,1,True,True,5,False,True,True,True,True,1288,True,False,measured_same_agency_across_all_feeds
b43b3d13a2442768,中山町,山形県,NakayamaTown,1,True,True,5,False,True,True,True,True,1461,True,False,measured_same_agency_across_all_feeds
f24e7858993c921f,南陽市,山形県,NanyoCity,1,True,True,6,False,True,True,True,True,1339,True,False,measured_same_agency_across_all_feeds
026ce0a528318120,西川町,山形県,NishikawaTown,1,True,True,6,False,True,True,True,True,1379,True,False,measured_same_agency_across_all_feeds
fccd5a7da1d9edd9,尾花沢市,山形県,ObanazawaCity,1,True,True,6,False,True,True,True,True,1415,True,False,measured_same_agency_across_all_feeds
76fa06b956b05eae,大江町,山形県,Oetown,1,True,True,7,False,True,True,True,True,1563,True,False,measured_same_agency_across_all_feeds
d86098d78d89a20f,大蔵村,山形県,OhkuraVillage,1,True,True,6,False,True,True,True,True,1369,True,False,measured_same_agency_across_all_feeds
91cf1c46654af62d,寒河江市,山形県,SagaeCity,1,True,True,8,False,True,True,True,True,1543,True,False,measured_same_agency_across_all_feeds
ea2d34630cb33a77,酒田市,山形県,SakataCity,1,True,False,4,,,,,,373,True,False,agency_identity_not_stable_across_generations
886ef73b2a2b067d,鮭川村,山形県,SakegawaVillage,1,True,True,6,False,True,True,True,True,1477,True,False,measured_same_agency_across_all_feeds
0043a735b4386dd8,新庄市,山形県,ShinjoCity,1,True,True,6,False,True,True,True,True,1489,True,False,measured_same_agency_across_all_feeds
9c38a582e77d784e,白鷹町,山形県,ShiratakaTown,1,True,True,5,False,True,True,True,True,1461,True,False,measured_same_agency_across_all_feeds
b12a41ad27980e85,庄内交通,山形県,SHONAIKOTSU,1,True,True,9,False,True,True,True,True,1305,True,False,measured_same_agency_across_all_feeds
553be593d3b76cd4,庄内町,山形県,ShonaiTown,1,True,True,9,False,True,True,True,True,1603,True,False,measured_same_agency_across_all_feeds
34eb8c4dbd3a7172,天童市,山形県,TendoCity,1,True,True,6,False,True,True,True,True,1668,True,False,measured_same_agency_across_all_feeds
5ada3bab740615df,戸沢村,山形県,tozawavillagebus,1,True,True,4,False,True,True,True,True,1096,True,False,measured_same_agency_across_all_feeds
bd51c429d56fb0fd,鶴岡市,山形県,TsuruokaCity,1,True,True,12,False,True,True,True,True,1181,True,False,measured_same_agency_across_all_feeds
8994c33c4ecb087b,朝日町,山形県,AsahiTown,1,True,True,6,False,True,True,True,True,1461,True,False,measured_same_agency_across_all_feeds
899dfba9d7a6b707,金山町,山形県,KaneyamaTown,1,True,True,8,False,True,True,True,True,1405,True,False,measured_same_agency_across_all_feeds
0a541ac12de88fb2,小国町,山形県,OguniTown,1,True,True,9,False,True,True,True,True,1552,True,False,measured_same_agency_across_all_feeds
74ea17838d24a47a,山形市,山形県,YamagataCity,1,True,True,13,,True,True,True,True,1159,False,True,depth_cap_reached
d0d9f8e2e5cdf7c6,山形交通,山形県,YAMAKOBUS,1,True,False,1,,,,,,,True,False,agency_identity_not_stable_across_generations
8ea7e531b8e81347,山辺町,山形県,YamanobeTown,1,True,True,6,False,True,True,True,True,1623,True,False,measured_same_agency_across_all_feeds
d6ae6c03825b66ef,米沢市,山形県,Yonezawa,1,True,True,11,False,True,True,True,True,1476,True,False,measured_same_agency_across_all_feeds
9c1327adceb9c2f1,本宮市,福島県,motomiyashibus,1,True,True,3,False,True,False,False,False,363,True,False,measured_same_agency_across_all_feeds
30dc09f05ee8c16b,大玉村,福島県,otamavillage-bus,1,True,True,1,True,False,False,False,False,,True,False,measured_same_agency_across_all_feeds
136b39d527cb93de,新常磐交通,福島県,SHINJOBANKOTSU,1,True,True,6,False,True,True,True,False,730,True,False,measured_same_agency_across_all_feeds
be9784b9e6658b4d,柳津町,福島県,yanaizutown-bus,1,True,True,3,False,True,False,False,False,29,True,False,measured_same_agency_across_all_feeds
f700ce6fed51e2ec,行方市,茨城県,bus-namegata-ibaraki-jp,1,True,True,5,False,True,False,False,False,98,True,False,measured_same_agency_across_all_feeds
ba7675187b917f3a,大利根交通バス,茨城県,otonekotubus,1,True,True,4,False,True,True,False,False,607,True,False,measured_same_agency_across_all_feeds
7a171cb9df8f77cf,龍ケ崎市役所,茨城県,Ryugasakishi-communitybus,1,True,True,1,True,False,False,False,False,,True,False,measured_same_agency_across_all_feeds
f089ee74d88672ca,土浦市コミュニティ交通「つちまるバス」,茨城県,tsuchimarubus,1,True,True,5,False,True,True,True,True,1182,True,False,measured_same_agency_across_all_feeds
283d2e777f5a9a56,つくばね号,茨城県,TSUKUBANEGO,1,True,True,4,False,True,True,True,False,914,True,False,measured_same_agency_across_all_feeds
9ee61b5870c58eb7,つくバス,茨城県,TSUKUBUS,1,True,False,6,,,,,,913,True,False,agency_identity_not_stable_across_generations
b54bf170ea5d6044,結城市巡回バス,茨城県,junkaibus,1,True,True,3,False,True,True,True,True,1220,True,False,measured_same_agency_across_all_feeds
08ba5678e649cd09,足利市,栃木県,Ashikaga-route-bus,1,True,True,1,True,False,False,False,False,,True,False,measured_same_agency_across_all_feeds
e5e05eb5ecbb2059,壬生町,栃木県,mibubu,1,True,True,2,False,True,False,False,False,305,True,False,measured_same_agency_across_all_feeds
a2fb3b7547d8b7ed,那須塩原市,栃木県,chiikibasu,1,True,False,2,,,,,,365,True,False,agency_identity_not_stable_across_generations
91c5ab096dbf9452,那須町,栃木県,nasutown,1,True,True,2,False,True,False,False,False,229,True,False,measured_same_agency_across_all_feeds
aac11cfd88a794f0,日光市,栃木県,nikkocity,1,True,False,4,,,,,,436,True,False,agency_identity_not_stable_across_generations
c295e79433c4a357,大田原市,栃木県,Ohtawaracitybus,1,True,True,6,False,True,True,False,False,463,True,False,measured_same_agency_across_all_feeds
24449943a5b6b824,矢板市,栃木県,chuuou-junkan,1,True,True,3,False,True,True,False,False,390,True,False,measured_same_agency_across_all_feeds
713a5385e559a9d8,安中市,群馬県,annakashi-rosenbus,1,True,True,1,True,False,False,False,False,,True,False,measured_same_agency_across_all_feeds
40729f8d22d90fef,太田市,群馬県,ootacitybus,1,True,True,1,True,False,False,False,False,,True,False,measured_same_agency_across_all_feeds
6c2a679d71a201a2,永井運輸株式会社,群馬県,Nagaibus,1,True,True,13,,True,True,True,,779,False,True,depth_cap_reached
234d2fea43acd09c,大泉町,群馬県,kouikikoukyoubasuaozora,1,True,True,5,False,True,True,True,True,1309,True,False,measured_same_agency_across_all_feeds
3a2fe864b6d5b773,飯能市乗合ワゴン,埼玉県,odekakemuma-haraichiba|odekakemuma-minamikoma|odekakemuma-seimei-kaji,3,True,True,3,False,True,True,False,False,405,True,False,measured_same_agency_across_all_feeds
e13154d750430422,熊谷市ゆうゆうバス,埼玉県,yuuyuubus,1,True,True,7,False,True,True,True,False,790,True,False,measured_same_agency_across_all_feeds
4d596b89f5ac3dec,さいたま市乗合タクシー,埼玉県,ajisaigou|kawasemigou|minumagou|miyaharanakayoshigou|musashigou|orizurugou|rainbowgou|rakurakugou,8,True,True,1,True,False,False,False,False,,True,False,measured_same_agency_across_all_feeds
6b60e8acc7d1fc0b,さいたま市コミュニティバス,埼玉県,iwatsukikucommunitybus|kitakucommunitybus|minamikucommunitybus|nisikucommunitybus|sakurakucommunitybus,5,True,True,1,True,False,False,False,False,,True,False,measured_same_agency_across_all_feeds
03442301fcfd8ff0,さいたま市,埼玉県,minumakucommunitybus,1,True,True,1,True,False,False,False,False,,True,False,measured_same_agency_across_all_feeds
6e608d3f463c0432,和光市,埼玉県,Wako-City-junkanbus,1,True,True,3,False,True,True,True,False,731,True,False,measured_same_agency_across_all_feeds
e74250ccd6c6ea4d,有限会社大成交通,千葉県,rosenbus,1,True,True,2,False,True,False,False,False,91,True,False,measured_same_agency_across_all_feeds
2dfa9193a233104f,なの花交通バス株式会社,千葉県,rosenbus,1,True,True,2,False,True,False,False,False,91,True,False,measured_same_agency_across_all_feeds
de81319065f8ad26,香取市,千葉県,katori-junkan,1,True,True,13,,True,True,True,,792,False,True,depth_cap_reached
808d4e350feb0cc3,京成バス千葉ウエスト株式会社　塩浜営業所,千葉県,keiseitransitbus,1,True,False,1,,,,,,,True,False,agency_identity_not_stable_across_generations
6ddc9a59681e7785,君津市,千葉県,Kimitsu_City_Community_Bus,1,True,True,2,False,True,False,False,False,90,True,False,measured_same_agency_across_all_feeds
458ef8ea983db080,日東交通（株）,千葉県,Local_buses_via_Kimitsu_City,1,True,True,3,False,True,False,False,False,243,True,False,measured_same_agency_across_all_feeds
f478597598ecb9d9,松戸市,千葉県,matsudo|matsudo-takatsuka,2,True,True,1,False,False,False,False,False,621,True,False,measured_same_agency_across_all_feeds
bf41197930009668,流山市,千葉県,nagareyamagreenbus,1,True,True,5,False,True,True,True,False,1009,True,False,measured_same_agency_across_all_feeds
61761106aa394262,成田市,千葉県,narita-community-bus,1,True,True,2,False,True,False,False,False,121,True,False,measured_same_agency_across_all_feeds
464f9b87dda32d02,四街道市,千葉県,yoppii,1,True,True,2,False,True,False,False,False,224,True,False,measured_same_agency_across_all_feeds
0e49f8902f657548,昭島市,東京都,Abus,1,True,True,1,True,False,False,False,False,,True,False,measured_same_agency_across_all_feeds
298937318733b304,荒川区,東京都,sakura,1,True,True,1,True,False,False,False,False,,True,False,measured_same_agency_across_all_feeds
f3f44abb672f6f18,日立自動車交通株式会社,東京都,sakura,1,True,True,2,False,True,True,True,True,1263,True,False,measured_same_agency_across_all_feeds
0d06c4c294036b59,神津島村,東京都,kozushimavillagebus,1,True,True,2,False,True,True,False,False,369,True,False,measured_same_agency_across_all_feeds
bd49162cfd02f2e6,国立市,東京都,aoyagikko|kunikko,2,True,True,1,True,False,False,False,False,,True,False,measured_same_agency_across_all_feeds
3a7d6c0f602ff1d7,瑞穂町,東京都,DemandResponsiveTransport|communitybus,2,True,True,1,True,False,False,False,False,,True,False,measured_same_agency_across_all_feeds
1d9063022cf972f3,小笠原村,東京都,o,1,True,True,1,True,False,False,False,False,,True,False,measured_same_agency_across_all_feeds
1600b52697f9029b,立川市,東京都,kururinbus,1,True,True,3,False,True,True,True,False,750,True,False,measured_same_agency_across_all_feeds
1552c3539505721d,茅ヶ崎市,神奈川県,eboshigou,1,True,True,2,False,True,True,False,False,578,True,False,measured_same_agency_across_all_feeds
d250a1b76b3f936f,大新東株式会社,神奈川県,Radiant-City,1,True,True,2,False,True,False,False,False,280,True,False,measured_same_agency_across_all_feeds
98e74cccf1f638f3,二宮町,神奈川県,Ninomiyatowncommunitybus,1,True,True,1,True,False,False,False,False,,True,False,measured_same_agency_across_all_feeds
69c3a87ab0a5025a,寒川町,神奈川県,mokusei-go_eastroute|mokusei-go_kuramiomuraroute|mokusei-go_southroute,3,True,True,3,False,True,True,True,False,731,True,False,measured_same_agency_across_all_feeds
04976492d7f8e9ff,ハマちゃんバス,神奈川県,hamachanbus,1,True,True,1,True,False,False,False,False,,True,False,measured_same_agency_across_all_feeds
c19f59b01d9c6c8b,糸魚川バス株式会社,新潟県,itoigawabus,1,True,True,2,False,True,False,False,False,121,True,False,measured_same_agency_across_all_feeds
e7006c28eb52a999,上越市市営バス,新潟県,joetsu,1,True,True,5,False,True,True,True,True,1461,True,False,measured_same_agency_across_all_feeds
2f32c8035cbee2f6,加茂市,新潟県,kamonbus,1,True,True,2,False,True,False,False,False,327,True,False,measured_same_agency_across_all_feeds
8df36df6f2a7289b,村上市,新潟県,murakamisicommunitybus,1,True,True,3,False,True,True,False,False,602,True,False,measured_same_agency_across_all_feeds
650cdabae3687428,燕市,新潟県,tsubame_bus,1,True,True,3,False,True,True,False,False,518,True,False,measured_same_agency_across_all_feeds
1bb76c0c3a4ba092,富山地方鉄道株式会社 ,富山県,chitetsubus|chitetsushinaidensha,2,True,False,8,,,,,,679,False,True,depth_cap_reached
48cf6f68749469f0,射水市コミュニティバス,富山県,imizushi,1,True,True,12,,True,True,True,True,1461,False,True,depth_cap_reached
1b94936e4378f261,加越能バス株式会社,富山県,kaetsunouhimi|kaetsunouippan|kaetsunousekaiisan,3,True,True,10,,True,True,True,True,1202,False,True,depth_cap_reached
e78303753ededa5f,上市町,富山県,kamiichi,1,True,False,3,,,,,,730,True,False,agency_identity_not_stable_across_generations
51dcaa9323655323,黒部市,富山県,shinkansenikuji-ishida-aimoto-minibus,1,True,True,1,True,False,False,False,False,,True,False,measured_same_agency_across_all_feeds
5bd8b1d34c442334,滑川市,富山県,norumycar,1,True,True,8,False,True,True,True,True,1948,True,False,measured_same_agency_across_all_feeds
6051e7dca681aac3,富山県南砺市,富山県,nanbus,1,True,False,5,,,,,,785,True,False,agency_identity_not_stable_across_generations
22f0ac1cacc5e405,入善町,富山県,noranmaicar,1,True,False,4,,,,,,749,True,False,agency_identity_not_stable_across_generations
ee767fcd64f1e298,小矢部市,富山県,oyabecitybus,1,True,True,8,False,True,True,True,True,1715,True,False,measured_same_agency_across_all_feeds
cfd50c2d36fe78fc,高岡市,富山県,koueibus,1,True,True,10,False,True,True,True,True,1408,True,False,measured_same_agency_across_all_feeds
61dc5a121b4c9997,富山県立山町,富山県,tateyama,1,True,False,10,,,,,,720,False,True,depth_cap_reached
91dd73b55ded9189,砺波市,富山県,tonamishieibasu,1,True,False,2,,,,,,724,True,False,agency_identity_not_stable_across_generations
fce462b6ac9604f4,富山県朝日町,富山県,asahimachibus,1,True,False,1,,,,,,,True,False,agency_identity_not_stable_across_generations
1df912b2bac6ca04,富山市,富山県,oyamacommunitybus|yamadacommunitybus|yatsuocommunitybus,3,True,False,5,,,,,,730,True,False,agency_identity_not_stable_across_generations
f5cb610e34e6525b,婦中コミュニティバス運営委員会,富山県,fuchucommunitybus,1,True,False,5,,,,,,1096,True,False,agency_identity_not_stable_across_generations
ff18d3979a4fc5f2,富山市,富山県,maidohayabus,1,True,False,2,,,,,,386,True,False,agency_identity_not_stable_across_generations
3020e137d1fbebb7,堀川南地域コミュニティバス運行事業推進協議会,富山県,horikawaminamicommunitybus,1,True,False,9,,,,,,1096,True,False,agency_identity_not_stable_across_generations
965a5a0626110439,有限会社まちづくり公社呉羽,富山県,kurehaikiikibus,1,True,True,7,False,True,True,True,True,1461,True,False,measured_same_agency_across_all_feeds
9b32b843b06b34c2,魚津市,富山県,junkai,1,True,False,8,,,,,,731,True,False,agency_identity_not_stable_across_generations
a58bddec65d6e101,白山市コミュニティバス「めぐーる」,石川県,hakusan_bus_meguru,1,True,True,8,False,True,True,True,True,1445,True,False,measured_same_agency_across_all_feeds
3307aa9f49e73586,小松市,石川県,blue|kibagatasen|orange,3,True,True,3,False,True,True,True,False,731,True,False,measured_same_agency_across_all_feeds
e7db52639c0167c9,野々市市,石川県,communitybus,1,True,True,3,False,True,False,False,False,181,True,False,measured_same_agency_across_all_feeds
3d6dd8baa0da646c,内灘町,石川県,communitybus,1,True,True,1,True,False,False,False,False,,True,False,measured_same_agency_across_all_feeds
e60f9a53892db2a8,市川三郷町,山梨県,ichikawamisatobus,1,True,True,2,False,True,True,False,False,365,True,False,measured_same_agency_across_all_feeds
71278f569f06a48b,甲斐市,山梨県,kaicitybus,1,True,True,1,True,False,False,False,False,,True,False,measured_same_agency_across_all_feeds
586577078076c7e7,小菅村役場,山梨県,kosugesoneibus,1,True,True,1,True,False,False,False,False,,True,False,measured_same_agency_across_all_feeds
e7de62023c0f0d35,北杜市,山梨県,hokuto-bus,1,True,True,2,False,True,True,False,False,365,True,False,measured_same_agency_across_all_feeds
4306c8f8c24de225,南部町,山梨県,nanbucyoueibasu,1,True,True,2,False,True,True,False,False,365,True,False,measured_same_agency_across_all_feeds
456dc643b0d57b15,上松町,長野県,agematu,1,True,True,4,False,True,True,False,False,629,True,False,measured_same_agency_across_all_feeds
33c6ae00789f0c3f,青木村,長野県,aokisoneibus,1,True,True,5,False,True,True,True,True,1175,True,False,measured_same_agency_across_all_feeds
19e4ec09ca0d3855,千曲バス株式会社,長野県,rosenbus,1,True,True,8,False,True,True,True,False,1038,True,False,measured_same_agency_across_all_feeds
d6788b7763d30b47,千曲市,長野県,chikumajunkanbus,1,True,True,8,False,True,True,True,True,1204,True,False,measured_same_agency_across_all_feeds
f21366995d3e06ad,飯山市,長野県,nanohanabus,1,True,True,3,False,True,True,True,False,748,True,False,measured_same_agency_across_all_feeds
7e2c638ff98684bf,軽井沢町,長野県,junkan-bus,1,True,True,5,False,True,True,False,False,429,True,False,measured_same_agency_across_all_feeds
280868a7f60dfdeb,木曽広域連合,長野県,kiso-bus,1,True,True,4,False,True,False,False,False,322,True,False,measured_same_agency_across_all_feeds
c948f6cd0c1f0606,木曽町,長野県,kisotown,1,True,True,6,False,True,True,False,False,609,True,False,measured_same_agency_across_all_feeds
4135578df6b610d2,木祖村,長野県,kisovill,1,True,True,3,False,True,False,False,False,328,True,False,measured_same_agency_across_all_feeds
325beb17f5c6088f,草軽交通株式会社,長野県,kusakarubus,1,True,True,12,,True,True,True,,981,False,True,depth_cap_reached
a0536955309b648e,松本市,長野県,guruttomatsumotobus1|guruttomatsumotobus2,2,True,True,13,,True,True,True,,852,False,True,depth_cap_reached
ec1254a3f6354514,飯田市,長野県,Minamishinshu-Iidacity-1|Minamishinshu-iida-2|Minamishinshu-iidacity-3,3,True,True,1,False,False,False,False,False,1013,True,False,measured_same_agency_across_all_feeds
84f8236a11792f03,豊丘村,長野県,Minamishinshu-toyooka-1,1,True,True,5,False,True,True,True,True,1096,True,False,measured_same_agency_across_all_feeds
7dff30484d5d20c6,根羽村,長野県,Minamishinshu-seibu-1,1,True,True,8,False,True,True,True,False,1027,True,False,measured_same_agency_across_all_feeds
6d6497ac0a257cc6,伊那バス,長野県,Minamishinshu-Ooshika-1,1,True,True,6,False,True,True,True,False,913,True,False,measured_same_agency_across_all_feeds
ab0b0a7ec0089794,阿智村,長野県,Minamishinshu-achi-1,1,True,True,5,False,True,True,True,False,730,True,False,measured_same_agency_across_all_feeds
5277faacc2db1403,松川町,長野県,Minamishinshu-Matsukawa-1,1,True,True,4,False,True,True,True,True,1102,True,False,measured_same_agency_across_all_feeds
03b4a68a30e7783d,下伊那南部地域公共交通対策協議会,長野県,Minamishinshu-Nanbu-1,1,True,True,6,False,True,True,True,True,1096,True,False,measured_same_agency_across_all_feeds
29d55dd7c1d68dde,高森町,長野県,Minamishinshu-takamori-1,1,True,True,7,False,True,True,True,False,737,True,False,measured_same_agency_across_all_feeds
f06bc82ae6008e16,信南交通,長野県,Minamishinshu-Shinnan-1,1,True,True,6,False,True,True,True,True,1096,True,False,measured_same_agency_across_all_feeds
cc301ad9d1e06a3f,喬木村,長野県,Minamishinshu-takagi-1,1,True,False,3,,,,,,398,True,False,agency_identity_not_stable_across_generations
4c768d4530768edc,長電バス株式会社,長野県,nagadenbus-exp|nagadenbus-iizuna|nagadenbus-nagano|nagadenbus-nakano|obuse-romango,5,True,True,1,True,False,False,False,False,,True,False,measured_same_agency_across_all_feeds
f9da7e40b6de3c85,池田町,長野県,IkedaTownBus,1,True,True,6,False,True,True,False,False,463,True,False,measured_same_agency_across_all_feeds
316fca9973bd4cc2,川上村,長野県,kawakamibus,1,True,True,4,False,True,True,True,False,738,True,False,measured_same_agency_across_all_feeds
4a30fed82cad514c,長野市,長野県,shiei_noriaibus,1,True,True,10,False,True,True,True,False,1051,True,False,measured_same_agency_across_all_feeds
f26bbc90dee92ad3,南木曽町,長野県,communitybus,1,True,True,10,False,True,True,True,True,2247,True,False,measured_same_agency_across_all_feeds
f6aa534fe33840cb,大桑村,長野県,kuwachan-bus,1,True,True,2,False,True,False,False,False,114,True,False,measured_same_agency_across_all_feeds
6213f4c061a2ae7f,大町市,長野県,omachiraicholiner|omachisiminbus,2,True,True,1,False,False,False,False,False,1034,True,False,measured_same_agency_across_all_feeds
94ad68ce99c4b0c6,王滝村,長野県,otaki-village,1,True,True,2,False,True,False,False,False,265,True,False,measured_same_agency_across_all_feeds
098ab9bf279f9094,塩尻市,長野県,suteppukunn,1,True,True,4,False,True,True,True,False,1090,True,False,measured_same_agency_across_all_feeds
07a038f861ab47c9,諏訪市,長野県,karinchanbas,1,True,True,8,False,True,True,True,False,1083,True,False,measured_same_agency_across_all_feeds
dd48f912e29313b2,須坂市,長野県,suzakashiminbus,1,True,True,8,False,True,True,True,True,1183,True,False,measured_same_agency_across_all_feeds
f49d08bde3350dcc,東信観光バス,長野県,rosenbus,1,True,True,1,True,False,False,False,False,,True,False,measured_same_agency_across_all_feeds
b2627c72a60b05d5,上田市,長野県,uedashigaitizyunkanbus,1,True,True,6,False,True,True,True,True,1133,True,False,measured_same_agency_across_all_feeds
25ec70a07da2e36f,恵那市,岐阜県,communitybus,1,True,True,13,,True,True,True,True,1138,False,True,depth_cap_reached
96168af835554220,下呂市,岐阜県,gerobus,1,True,True,2,False,True,False,False,False,39,True,False,measured_same_agency_across_all_feeds
cd9a63cb830d4a60,山県市,岐阜県,communitybus,1,True,True,3,False,True,True,True,False,764,True,False,measured_same_agency_across_all_feeds
b5c001fa617bb737,岐阜市,岐阜県,communitybus,1,True,True,13,,True,True,True,True,1219,False,True,depth_cap_reached
d8463c7ceeb20f70,郡上市,岐阜県,citybus,1,True,True,9,False,True,True,True,False,978,True,False,measured_same_agency_across_all_feeds
c6458b2b6be0d781,八幡観光バス,岐阜県,hachimanbus,1,True,True,8,False,True,True,False,False,540,True,False,measured_same_agency_across_all_feeds
439663fbdf09ee90,羽島市,岐阜県,HashimaCityCommunityBus,1,True,True,9,False,True,True,True,False,1092,True,False,measured_same_agency_across_all_feeds
d23803d6d1fe6f62,七宗町,岐阜県,choeibus,1,True,True,6,False,True,True,True,True,1461,True,False,measured_same_agency_across_all_feeds
b962df4999d8f8dc,飛騨市,岐阜県,communitybus,1,True,True,7,False,True,True,True,True,1278,True,False,measured_same_agency_across_all_feeds
f9f3684ad7886330,揖斐川町,岐阜県,communitybus,1,True,True,8,False,True,True,True,True,1408,True,False,measured_same_agency_across_all_feeds
f1395a6ac8895127,海津市,岐阜県,communitybus,1,True,True,13,,True,True,True,True,1826,False,True,depth_cap_reached
830174a793bbacbc,可児市,岐阜県,satsukibus,1,True,True,6,False,True,True,True,False,794,True,False,measured_same_agency_across_all_feeds
d9fd5b3e31a7f46a,笠松町,岐阜県,communitybus,1,True,True,7,False,True,True,True,True,1659,True,False,measured_same_agency_across_all_feeds
3b1f66c6c0289772,北恵那交通株式会社,岐阜県,kitaena,1,True,True,13,,True,True,True,,896,False,True,depth_cap_reached
5b34520d555eef80,岐阜県美濃加茂市,岐阜県,communitybus,1,True,True,10,False,True,True,True,True,1924,True,False,measured_same_agency_across_all_feeds
955fab470fe82245,御嵩町,岐阜県,communitybus,1,True,True,10,False,True,True,True,True,1973,True,False,measured_same_agency_across_all_feeds
a2c87d36f392ed2f,瑞浪市,岐阜県,communitybus,1,True,True,8,False,True,True,True,True,1425,True,False,measured_same_agency_across_all_feeds
7d95ed75e48600d3,岐阜県本巣市,岐阜県,shieibus,1,True,True,9,False,True,True,True,True,1926,True,False,measured_same_agency_across_all_feeds
5105e5bb31873e22,中津川市,岐阜県,communitybus,1,True,False,9,,,,,,1349,False,True,depth_cap_reached
14edb104d1c03bd1,濃飛乗合自動車（濃飛バス）,岐阜県,nouhibus|nouhibus_kanko|takayama_shuyu,3,True,True,5,False,True,True,True,False,1023,True,False,measured_same_agency_across_all_feeds
418d43df59fd3080,名阪近鉄バス,岐阜県,meihankintetsubus,1,True,True,13,,True,True,True,True,1126,False,True,depth_cap_reached
c0b360a1c5ff93b2,関市,岐阜県,itadorifureaibus,1,True,True,5,False,True,True,False,False,610,True,False,measured_same_agency_across_all_feeds
240be61e9bac238b,白鳥交通,岐阜県,shirotorikotsu,1,True,True,5,False,True,True,False,False,421,True,False,measured_same_agency_across_all_feeds
de1fd04691fc82a0,多治見市,岐阜県,kikyobus,1,True,True,1,True,False,False,False,False,,True,False,measured_same_agency_across_all_feeds
1b46428c40996e26,高山市,岐阜県,noramaicar|takanego,2,True,True,6,,True,True,True,,740,False,True,depth_cap_reached
04afcd6e81f821eb,東濃鉄道株式会社,岐阜県,tohtetsu_ena|tohtetsu_kani|tohtetsu_tajimi,3,True,True,1,,,,,,1638,False,True,depth_cap_reached
b015442b14fc089a,土岐市,岐阜県,communitybus,1,True,True,10,False,True,True,True,True,1802,True,False,measured_same_agency_across_all_feeds
ab65c7c9dff9f6db,八百津町,岐阜県,communitybus|yaobus,2,True,True,4,False,True,True,True,False,842,True,False,measured_same_agency_across_all_feeds
bf2a0bd7316bea0b,藤枝市,静岡県,gtfsfjed,1,True,True,2,False,True,False,False,False,148,True,False,measured_same_agency_across_all_feeds
a2b53f0452fbce52,掛川バスサービス株式会社,静岡県,kakegawa6,1,True,True,3,False,True,True,False,False,456,True,False,measured_same_agency_across_all_feeds
a7fccbf6903c1db4,掛川市,静岡県,kakegawaosuka,1,True,False,2,,,,,,365,True,False,agency_identity_not_stable_across_generations
2a7012120d7bf2f9,島田市コミュニティバス,静岡県,shimada_combus,1,True,True,7,False,True,True,True,True,1461,True,False,measured_same_agency_across_all_feeds
76724c61520c60c4,静岡市自主運行バス,静岡県,ikawa|iryo-fukushi|ryougouchi|yui|yui-kanbara,5,True,True,2,False,True,False,False,False,182,True,False,measured_same_agency_across_all_feeds
1674aafdd72afabb,みよし市,愛知県,sansanbus,1,True,True,1,True,False,False,False,False,,True,False,measured_same_agency_across_all_feeds
ad24427aaf7dfc35,あま市,愛知県,amashijunkaibasu,1,True,True,1,True,False,False,False,False,,True,False,measured_same_agency_across_all_feeds
10644de5cbc62e2c,安城市,愛知県,AnkuruBus,1,True,True,8,False,True,True,True,False,974,True,False,measured_same_agency_across_all_feeds
f0a62b949c81c008,あおい交通,愛知県,aoikotsu,1,True,True,13,,True,True,True,,905,False,True,depth_cap_reached
367f26a9cc1d545e,知立市,愛知県,communitybus,1,True,True,6,False,True,True,True,False,740,True,False,measured_same_agency_across_all_feeds
b25ab01212f4416c,知多乗合株式会社,愛知県,chitabus,1,True,True,2,False,True,False,False,False,191,True,False,measured_same_agency_across_all_feeds
51902e0a7db29e64,知多市,愛知県,chita-aiaibus,1,True,True,7,False,True,True,True,False,732,True,False,measured_same_agency_across_all_feeds
5ef02203d47d9267,愛知県蒲郡市,愛知県,communitybus,1,True,True,1,True,False,False,False,False,,True,False,measured_same_agency_across_all_feeds
b2dbc8959ae05bcf,碧南市,愛知県,kurukuru-bus,1,True,True,1,True,False,False,False,False,,True,False,measured_same_agency_across_all_feeds
d501390145ea892f,東浦町,愛知県,communitybus,1,True,True,13,,True,True,True,True,2341,False,True,depth_cap_reached
d6738de4e4c40faf,刈谷市,愛知県,communitybus,1,True,False,2,,,,,,135,True,False,agency_identity_not_stable_across_generations
f206fa6dcc9c7844,北名古屋市,愛知県,communitybus,1,True,True,7,False,True,True,True,True,1122,True,False,measured_same_agency_across_all_feeds
c9f164492de5be85,北設楽郡公共交通活性化協議会,愛知県,odekakehokusetsu,1,True,False,2,,,,,,31,True,False,agency_identity_not_stable_across_generations
17795a231de33cea,南知多町役場,愛知県,communitybus,1,True,True,5,False,True,True,True,False,823,True,False,measured_same_agency_across_all_feeds
a150614825d4fd08,長久手市,愛知県,communitybus,1,True,True,3,False,True,True,False,False,701,True,False,measured_same_agency_across_all_feeds
3d3498f745c2eec9,名鉄東部交通株式会社,愛知県,meitestu_tobu,1,True,True,12,False,True,True,True,True,1630,True,False,measured_same_agency_across_all_feeds
4c4bda4e9aa57808,愛知県西尾市,愛知県,rokumangokukururinbus,1,True,True,8,False,True,True,True,True,1278,True,False,measured_same_agency_across_all_feeds
45d288ab46a15919,日進市,愛知県,communitybus,1,True,True,13,,True,,,,311,False,True,depth_cap_reached
08b0195bfe9286b4,大口町,愛知県,communitybus,1,True,True,1,True,False,False,False,False,,True,False,measured_same_agency_across_all_feeds
e9f46e5051432948,尾張旭市,愛知県,communitybus,1,True,True,6,False,True,True,True,False,821,True,False,measured_same_agency_across_all_feeds
1ed9276944e13cdb,瀬戸市コミュニティバス,愛知県,setocitybus,1,True,True,2,False,True,True,False,False,365,True,False,measured_same_agency_across_all_feeds
dc3fe2de808edf45,新城市,愛知県,sbus,1,True,True,8,False,True,True,True,False,915,True,False,measured_same_agency_across_all_feeds
0ab39fb6e94f7c25,武豊町,愛知県,communitybus,1,True,True,8,False,True,True,True,True,2370,True,False,measured_same_agency_across_all_feeds
99d4d7f296d88b89,東海市,愛知県,tokai-ranranbus,1,True,True,6,False,True,True,False,False,534,True,False,measured_same_agency_across_all_feeds
a04bcadaf5b59f24,コミュニティバス Gruun,愛知県,Gruun,1,True,True,4,False,True,True,True,False,792,True,False,measured_same_agency_across_all_feeds
3992d10d620b08e1,豊明市ひまわりバス,愛知県,himawaribus,1,True,True,3,False,True,True,True,False,730,True,False,measured_same_agency_across_all_feeds
668049f405f19758,豊田市,愛知県,chiikibus|kikanbus,2,True,False,2,,,,,,147,False,True,depth_cap_reached
534900febdcbb0cf,豊山町,愛知県,communitybus,1,True,True,9,False,True,True,True,True,2322,True,False,measured_same_agency_across_all_feeds
7dd07348305faca9,バスネット津,三重県,guruttotsubus,1,True,False,2,,,,,,365,True,False,agency_identity_not_stable_across_generations
2a56784094b70e97,伊賀市,三重県,communitybus,1,True,True,11,False,True,True,True,True,1814,True,False,measured_same_agency_across_all_feeds
e8fc60bafb8c0468,いなべ市,三重県,fukushibus,1,True,True,2,False,True,True,False,False,383,True,False,measured_same_agency_across_all_feeds
37252b9e42c44ca2,伊勢市,三重県,communitybus|numakibus,2,True,True,2,,True,True,,,366,False,True,depth_cap_reached
bbad295b99d028e4,亀山市,三重県,communitybus,1,True,True,8,False,True,True,True,True,1847,True,False,measured_same_agency_across_all_feeds
065989f3242db4d2,川越町,三重県,fureaibus,1,True,True,2,False,True,False,False,False,289,True,False,measured_same_agency_across_all_feeds
3b200490340155b7,紀宝町,三重県,chominbus,1,True,True,4,False,True,True,True,False,1068,True,False,measured_same_agency_across_all_feeds
7affe91f4fb66236,木曽岬町,三重県,communitybus,1,True,True,3,False,True,True,True,True,1279,True,False,measured_same_agency_across_all_feeds
b94724e1e11c8584,菰野町,三重県,communitybus,1,True,True,4,False,True,True,False,False,600,True,False,measured_same_agency_across_all_feeds
3bab256709f41106,熊野市,三重県,communitybus|shuyubus,2,True,False,4,,,,,,1345,True,False,agency_identity_not_stable_across_generations
755f78334a0101f7,桑名市,三重県,communitybus,1,True,True,10,False,True,True,True,True,2004,True,False,measured_same_agency_across_all_feeds
77a2bd43ffba906e,松阪市,三重県,communitybus,1,True,True,13,,True,True,True,True,1680,False,True,depth_cap_reached
9c331ed26ad3d24f,三重交通(南紀営業所),三重県,sancoinanki,1,True,True,2,,True,,,,0,False,True,depth_cap_reached
7b5323b91d158bfc,三重交通(中勢営業所),三重県,sancochusei,1,True,True,2,,True,,,,160,False,True,depth_cap_reached
9054866ac42da288,三重交通(伊賀営業所),三重県,sancoiga,1,True,True,1,,,,,,,False,True,depth_cap_reached
df33cf01f1a42b00,三重交通(志摩営業所),三重県,sancoshima,1,True,True,2,,True,,,,0,False,True,depth_cap_reached
4804a0391bd4610d,三重交通(松阪営業所),三重県,sancomatsusaka,1,True,True,1,,,,,,,False,True,depth_cap_reached
d7ffba0c9b9c74fa,三重交通(四日市営業所),三重県,sancoyokkaichi,1,True,True,1,,,,,,,False,True,depth_cap_reached
fde5953a8ba11f07,三重交通(桑名営業所),三重県,sancokuwana,1,True,True,1,,,,,,,False,True,depth_cap_reached
46403a81ab310685,三重交通(伊勢営業所),三重県,sancoise,1,True,True,1,,,,,,,False,True,depth_cap_reached
c506b762db2225ed,明和町,三重県,chominbus,1,True,True,1,True,False,False,False,False,,True,False,measured_same_agency_across_all_feeds
d3284d2ef4f58b7a,南伊勢町,三重県,choeibus,1,True,True,13,,True,True,True,True,1809,False,True,depth_cap_reached
c4de497042e3a761,三重県名張市,三重県,communitybus,1,True,True,13,,True,True,True,True,1777,False,True,depth_cap_reached
65d4d24224b4a518,大台町,三重県,choeibus,1,True,True,6,False,True,True,True,False,926,True,False,measured_same_agency_across_all_feeds
46a618bc4afa3021,尾鷲市,三重県,fureaibus,1,True,True,1,True,False,False,False,False,,True,False,measured_same_agency_across_all_feeds
3cc877fe3acb2648,生活バス四日市,三重県,sbusyokkaichi,1,True,True,3,False,True,True,True,True,1338,True,False,measured_same_agency_across_all_feeds
6b32abc949aac89f,志摩市,三重県,anori,1,True,True,1,True,False,False,False,False,,True,False,measured_same_agency_across_all_feeds
dc45d9f674c7eb29,鈴鹿市,三重県,communitybus,1,True,True,1,True,False,False,False,False,,True,False,measured_same_agency_across_all_feeds
82f8e2a322296fbd,多気町,三重県,choeibus,1,True,True,4,False,True,True,False,False,678,True,False,measured_same_agency_across_all_feeds
86632681cd96861c,鳥羽市,三重県,communitybus,1,True,True,9,False,True,True,True,True,1964,True,False,measured_same_agency_across_all_feeds
0df2f44283a5f464,東員町,三重県,communitybus,1,True,True,5,False,True,True,True,False,1043,True,False,measured_same_agency_across_all_feeds
b231d467c29dfdb0,津市,三重県,communitybus,1,True,True,13,,True,True,True,,913,False,True,depth_cap_reached
25725638edbeda10,度会町,三重県,choeibus,1,True,True,9,False,True,True,True,True,2518,True,False,measured_same_agency_across_all_feeds
2e24efa74037fa6f,四日市市,三重県,communitybus,1,True,True,3,False,True,True,False,False,493,True,False,measured_same_agency_across_all_feeds
f8c028722fa3ee00,東近江市,滋賀県,higasiohmisicommunitybus,1,True,True,3,False,True,True,False,False,365,True,False,measured_same_agency_across_all_feeds
25f5a95f365d2379,甲賀市コミュニティバス,滋賀県,sinaicommunitybus,1,True,True,3,False,True,True,True,False,730,True,False,measured_same_agency_across_all_feeds
78b9257d94ba14e6,草津市,滋賀県,kusatsusimamebus,1,True,True,3,False,True,True,False,False,699,True,False,measured_same_agency_across_all_feeds
378ab4f2c75eff26,近江鉄道,滋賀県,kuruttobus,1,True,False,2,,,,,,429,True,False,agency_identity_not_stable_across_generations
aef4e3ecacfed9e0,長浜市,滋賀県,nishiazaiodekakewagon,1,True,True,3,False,True,True,True,False,832,True,False,measured_same_agency_across_all_feeds
4b30648412728a98,近江八幡市（あかこんバス）,滋賀県,akakonbus,1,True,True,3,False,True,False,False,False,119,True,False,measured_same_agency_across_all_feeds
9863f74a3e136ce4,日野町,滋賀県,choueibus,1,True,True,4,False,True,True,True,False,765,True,False,measured_same_agency_across_all_feeds
108518c2f65ca1ea,湖南市,滋賀県,konansimegurukun,1,True,True,3,False,True,True,False,False,630,True,False,measured_same_agency_across_all_feeds
794bb9caf6c41de1,高島市,滋賀県,takasimasicommunitybus,1,True,True,6,False,True,True,False,False,728,True,False,measured_same_agency_across_all_feeds
f024f25c51707d57,野洲市,滋賀県,onoriyasu,1,True,True,3,False,True,True,False,False,601,True,False,measured_same_agency_across_all_feeds
4334858809a92bbf,神姫観光株式会社,大阪府,limonbus,1,True,True,7,False,True,True,False,False,429,True,False,measured_same_agency_across_all_feeds
381f9d34c5253639,明石市,兵庫県,tacobustacobusmini,1,True,True,6,False,True,True,True,True,1673,True,False,measured_same_agency_across_all_feeds
a84f1780d62f6711,東備西播定住自立圏形成推進協議会,兵庫県,teijuurou,1,True,True,4,False,True,True,True,False,730,True,False,measured_same_agency_across_all_feeds
da2690b82cb9e143,赤穂市,兵庫県,yuranosuke,1,True,True,6,False,True,True,True,True,1826,True,False,measured_same_agency_across_all_feeds
78cfe51698f6c2f7,淡路市,兵庫県,awajinawahimebus,1,True,True,9,False,True,True,True,True,1548,True,False,measured_same_agency_across_all_feeds
af67b0c25c3ecdbf,福崎町,兵庫県,junkai-fukuhime-fukusakikasairenkei,1,True,True,8,False,True,True,True,True,1673,True,False,measured_same_agency_across_all_feeds
c0ec2abe4d5fae40,姫路市,兵庫県,ieshima-boze-yukihiko,1,True,False,7,,,,,,913,True,False,agency_identity_not_stable_across_generations
509bb0712b56ee5e,神河町,兵庫県,communitybus,1,True,True,6,False,True,True,True,True,1642,True,False,measured_same_agency_across_all_feeds
15fca94b47bc0706,小野市,兵庫県,ranranbus,1,True,True,8,False,True,True,True,True,1520,True,False,measured_same_agency_across_all_feeds
0d56b56bd66de99d,市川町,兵庫県,communitybus,1,True,True,8,False,True,True,True,True,1856,True,False,measured_same_agency_across_all_feeds
84a055b672744d86,猪名川町,兵庫県,fureaibus,1,True,True,7,False,True,True,True,True,1675,True,False,measured_same_agency_across_all_feeds
1d24791b4d7eba25,加古川市,兵庫県,kakobuskakobusmini,1,True,True,11,False,True,True,True,True,1749,True,False,measured_same_agency_across_all_feeds
b4a54f2399be6b66,上郡町,兵庫県,ainorigo,1,True,True,7,False,True,True,True,True,1522,True,False,measured_same_agency_across_all_feeds
f511057c68f76932,加西市,兵庫県,kasaineppihappybus|unifureaitomi,2,True,True,3,False,True,True,False,False,503,True,False,measured_same_agency_across_all_feeds
f2f3b6f31df3de7d,神鉄タクシー株式会社,兵庫県,kobe-satoyama|kobe-shiokaze,2,True,False,1,,,,,,92,True,False,agency_identity_not_stable_across_generations
a8fd65c38715d60a,山陽タクシー株式会社,兵庫県,kobe-shiokaze,1,True,True,10,False,True,True,True,True,1642,True,False,measured_same_agency_across_all_feeds
e619a910660496f6,東京・日本交通株式会社神戸営業所,兵庫県,kobe-shiokaze,1,True,False,5,,,,,,670,True,False,agency_identity_not_stable_across_generations
f2ab3427cf3bf892,キクヤ交通株式会社,兵庫県,kobe-shiokaze,1,True,False,5,,,,,,670,True,False,agency_identity_not_stable_across_generations
dc25c40a36fd1911,スターハイヤー株式会社,兵庫県,kobe-shiokaze,1,True,False,5,,,,,,670,True,False,agency_identity_not_stable_across_generations
bd7872f15728c2e8,南あわじ市,兵庫県,lanrunbus,1,True,True,5,False,True,True,True,True,1765,True,False,measured_same_agency_across_all_feeds
66e9f405931569f2,西宮市（さくらやまなみバス）,兵庫県,sakurayamanami,1,True,False,2,,,,,,335,True,False,agency_identity_not_stable_across_generations
0fe7949bde51db5b,西宮市,兵庫県,koyoen|najio-ikunokogen,2,True,True,1,False,False,False,False,False,730,True,False,measured_same_agency_across_all_feeds
4fd1ccc8f3f8581a,「ぐるっと生瀬」運行協議会,兵庫県,guruttonamaze,1,True,True,7,False,True,True,True,True,1826,True,False,measured_same_agency_across_all_feeds
e44e923a4b6ca43b,西脇市,兵庫県,loopbus-orihimebus,1,True,True,7,False,True,True,True,True,1582,True,False,measured_same_agency_across_all_feeds
bfa69af863f27bbb,佐用町,兵庫県,communitybus,1,True,True,6,False,True,True,True,True,1703,True,False,measured_same_agency_across_all_feeds
f19cc086761d29ec,新温泉町民バス「夢つばめ」,兵庫県,yumetsubame,1,True,False,2,,,,,,761,True,False,agency_identity_not_stable_across_generations
dfbfa41bae0f72c3,株式会社ウイング神姫,兵庫県,shitanbus-wingshinki,1,True,True,5,False,True,True,False,False,481,True,False,measured_same_agency_across_all_feeds
bf192fc5c7fad648,篠陽タクシー有限会社,兵庫県,shitanbus,1,True,True,4,False,True,True,True,True,1840,True,False,measured_same_agency_across_all_feeds
30841bd52059a753,洲本市コミュニティバス,兵庫県,communitybus,1,True,True,7,False,True,True,True,True,1826,True,False,measured_same_agency_across_all_feeds
8af3ba1e65af1d94,フクユタクシー,兵庫県,runrunbus,1,True,True,7,False,True,True,True,True,1430,True,False,measured_same_agency_across_all_feeds
94ec5a53e4ffc1bd,高砂市,兵庫県,jotonbus,1,True,True,7,False,True,True,True,True,1687,True,False,measured_same_agency_across_all_feeds
9af5db3eaef67451,たつの市,兵庫県,communitybus,1,True,True,7,False,True,True,True,True,1673,True,False,measured_same_agency_across_all_feeds
a7dcaf15031f9ef8,豊岡市,兵庫県,inacar|kobus,2,True,True,6,False,True,True,True,True,1826,True,False,measured_same_agency_across_all_feeds
80e36f594c8c1662,大和郡山市,奈良県,kingyobus,1,True,True,2,False,True,False,False,False,261,True,False,measured_same_agency_across_all_feeds
caeb6b2224486213,大和高田市コミュニティバスきぼう号,奈良県,communitybuskibougou,1,True,True,2,False,True,True,False,False,365,True,False,measured_same_agency_across_all_feeds
9cf4670d46004eba,有田川町,和歌山県,aridagawatownbus,1,True,True,5,False,True,True,True,False,978,True,False,measured_same_agency_across_all_feeds
2bd6480f87ef3775,中紀バス,和歌山県,chukibus,1,True,True,4,False,True,True,True,False,902,True,False,measured_same_agency_across_all_feeds
f68aae6e777c4dcb,岩出市,和歌山県,junkaibus,1,True,True,3,False,True,True,True,False,1019,True,False,measured_same_agency_across_all_feeds
eba9cc2aad5e2626,かつらぎ町,和歌山県,community-bus,1,True,True,2,False,True,False,False,False,348,True,False,measured_same_agency_across_all_feeds
ced8e01232dc6a56,紀の川市,和歌山県,kinokawa_bus,1,True,True,6,False,True,True,True,False,833,True,False,measured_same_agency_across_all_feeds
cad9c8e1fd143fcf,熊野御坊南海バス,和歌山県,kumanogobobus_gobo|kumanogobobus_kumano,2,True,True,9,,True,True,True,,852,False,True,depth_cap_reached
cac812f9ff9efcff,串本タクシー,和歌山県,bus-kushimotokankoshuyu-wakayama-jp,1,True,True,4,False,True,True,True,True,1122,True,False,measured_same_agency_across_all_feeds
93f9b320d8365656,明光バス,和歌山県,meikobus,1,True,True,13,,True,,,,348,False,True,depth_cap_reached
e2b70194d2e58029,南海りんかんバス,和歌山県,hashimoto-rinkandenentoshi|koyasan,2,True,True,5,,True,True,True,,899,False,True,depth_cap_reached
bcf0e549eb803da4,龍神自動車,和歌山県,ryujinbus,1,True,True,13,,True,True,True,,946,False,True,depth_cap_reached
21500d6267aa8560,田辺市,和歌山県,Jumin-Bus,1,True,True,1,True,False,False,False,False,,True,False,measured_same_agency_across_all_feeds
f5a60f311d4e2b6b,益田市,島根県,noriai,1,True,True,3,False,True,False,False,False,88,True,False,measured_same_agency_across_all_feeds
7d4b89eb4c2873f7,早島町,岡山県,hayashimatowncommunitybus,1,True,True,6,False,True,True,True,True,1220,True,False,measured_same_agency_across_all_feeds
8ff33a5795ac2fd5,北振バス株式会社,岡山県,ibaraaiaibus,1,True,True,1,True,False,False,False,False,,True,False,measured_same_agency_across_all_feeds
b8f620e6d3007214,北振バス株式会社,岡山県,hokushinbus,1,True,True,1,True,False,False,False,False,,True,False,measured_same_agency_across_all_feeds
d8f8001f08b52449,鏡野町,岡山県,kagaminotownbus,1,True,True,8,False,True,True,True,False,965,True,False,measured_same_agency_across_all_feeds
ea7cf9753b02fce3,真庭市コミュニティバス『まにわくん』,岡山県,maniwakun,1,True,True,3,False,True,True,True,False,730,True,False,measured_same_agency_across_all_feeds
f855d437824f374b,奈義町,岡山県,nagibus,1,True,True,3,False,True,True,True,True,1433,True,False,measured_same_agency_across_all_feeds
ef464b3fdea9c8eb,新見市,岡山県,niimishieibus,1,True,True,5,False,True,True,False,False,578,True,False,measured_same_agency_across_all_feeds
7b2f67959fe885f1,瀬戸内市,岡山県,setouchicitybus|setouchicitykankobus,2,True,True,1,False,False,False,False,False,365,True,False,measured_same_agency_across_all_feeds
6beb8ee79189ef88,勝央町,岡山県,shoochofureaibus,1,True,True,4,False,True,True,True,True,1313,True,False,measured_same_agency_across_all_feeds
92e5c5e493557ae6,阿佐海岸鉄道株式会社,徳島県,asakaigantetsudo,1,True,True,7,False,True,True,True,True,1266,True,False,measured_same_agency_across_all_feeds
126c22215149d4e2,東みよし町,徳島県,higashimiyoshitownbus,1,True,True,1,True,False,False,False,False,,True,False,measured_same_agency_across_all_feeds
4a169d52710fc115,海陽町,徳島県,kaiyotownbus,1,True,True,2,False,True,True,False,False,422,True,False,measured_same_agency_across_all_feeds
e8ea0428abe63191,北島町,徳島県,kitajimatownfukushibus,1,True,True,6,False,True,True,True,True,1420,True,False,measured_same_agency_across_all_feeds
6c20f81da3d46821,松茂町,徳島県,matsushigetownbus,1,True,True,7,False,True,True,True,True,1278,True,False,measured_same_agency_across_all_feeds
79cd83ec94a17d8a,那賀町,徳島県,nakatownbus,1,True,True,4,False,True,True,True,True,1486,True,False,measured_same_agency_across_all_feeds
44f66019228b9560,鳴門市,徳島県,narutocitychiikibus,1,True,True,4,False,True,True,True,True,1439,True,False,measured_same_agency_across_all_feeds
771e9534464a7690,徳島バス,徳島県,tokushimabus,1,True,True,12,,True,True,,,542,False,True,depth_cap_reached
5e572e2a3dec774c,徳島バス南部,徳島県,tokushimabusnanbu,1,True,True,5,False,True,True,True,False,991,True,False,measured_same_agency_across_all_feeds
b4a3b984e8b39756,三好市,徳島県,miyoshicitybus,1,True,True,7,False,True,True,True,True,1461,True,False,measured_same_agency_across_all_feeds
ff7f41a7c451e031,徳島市交通局,徳島県,tokushimacitybus,1,True,False,5,,,,,,685,True,False,agency_identity_not_stable_across_generations
19cac7a5f2f6d84b,上八万バス運営委員会,徳島県,kamihachimanbus,1,True,True,4,False,True,True,True,True,1421,True,False,measured_same_agency_across_all_feeds
ee4d27347ce9f3c9,応神ふれあいバス運行協議会,徳島県,oujinfureaibus,1,True,True,6,False,True,True,True,True,1476,True,False,measured_same_agency_across_all_feeds
66264ba5f3e92934,つるぎ町,徳島県,tsurugitownbus,1,True,True,5,False,True,True,True,True,1461,True,False,measured_same_agency_across_all_feeds
2bb00c4604794719,吉野川市,徳島県,yoshinogawacitybus,1,True,True,5,False,True,True,True,True,1463,True,False,measured_same_agency_across_all_feeds
ca91fc798a0befb1,観音寺市のりあいバス,香川県,kanonjishi-noriaibus,1,True,True,2,False,True,True,False,False,450,True,False,measured_same_agency_across_all_feeds
2298d9a183607775,琴参バス株式会社,香川県,kotohira-local|marugame-community|sakaide-local,3,True,True,1,False,False,False,False,False,365,True,False,measured_same_agency_across_all_feeds
1fb6bee0e3d4ae4a,三豊市コミュニティバス,香川県,mitoyocommunitybus,1,True,True,3,False,True,True,False,False,691,True,False,measured_same_agency_across_all_feeds
4f21ad129e1f7043,直島町,香川県,naoshima,1,True,True,10,False,True,True,False,False,509,True,False,measured_same_agency_across_all_feeds
37628618e0f74a24,西讃観光,香川県,seisankanko_limousine,1,True,False,1,,,,,,,False,True,depth_cap_reached
56b7324264b7a179,安芸市,高知県,GTFS-Akicity_Bus,1,True,True,3,False,True,True,False,False,683,True,False,measured_same_agency_across_all_feeds
9e458242bfce2ead,芸西村,高知県,GTFS-Geiseivill_Bus,1,True,True,3,False,True,True,False,False,699,True,False,measured_same_agency_across_all_feeds
30de919eef272ee7,いの町,高知県,GTFS-Inotown_HongawaArea|GTFS-Inotown_Loopbus,2,True,True,1,False,False,False,False,False,515,True,False,measured_same_agency_across_all_feeds
2f5117c67bd61062,ジェイアール四国バス株式会社,高知県,GTFS-JRbus_Otochi,1,True,True,4,False,True,True,False,False,461,True,False,measured_same_agency_across_all_feeds
13a6e284148c1268,香美市,高知県,GTFS-Kamicity_Bus|GTFS-Kamicity_Demandbus,2,True,True,2,False,True,False,False,False,243,True,False,measured_same_agency_across_all_feeds
2445a693c134f77a,株式会社県交北部交通,高知県,GTFS-Hokubutraffic_Localbus,1,True,True,3,False,True,True,False,False,504,True,False,measured_same_agency_across_all_feeds
86a6b53d524240eb,北川村,高知県,GTFS-Kitagawavill_Bus,1,True,True,3,False,True,True,False,False,516,True,False,measured_same_agency_across_all_feeds
978eefc03e49f305,株式会社高知駅前観光,高知県,GTFS-Ekimae_Airportbus|GTFS-Ekimae_Expressbus,2,True,True,9,,True,True,,,396,False,True,depth_cap_reached
5a10a68074d9a2e6,公益財団法人高知県観光コンベンション協会,高知県,GTFS-KVCA_MY-YUbus,1,True,True,13,,True,True,,,724,False,True,depth_cap_reached
f577dacd81c19eea,香南市,高知県,GTFS-Konancity_Bus,1,True,True,4,False,True,True,False,False,547,True,False,measured_same_agency_across_all_feeds
e0f90c75da5e7600,高知高陵交通株式会社,高知県,GTFS-Koryotraffic_Localbus,1,True,True,6,False,True,True,False,False,547,True,False,measured_same_agency_across_all_feeds
d7889a09cadaf934,高知西南交通株式会社,高知県,GTFS-Seinan_Expressbus|GTFS-Seinantraffic_Akamego|GTFS-Seinantraffic_Localbus|GTFS-Seinantraffic_Riverbus|GTFS-Seinantraffic_Shimaashi,5,True,True,3,,True,True,,,669,False,True,depth_cap_reached
7aaa8829daed2cb9,須崎市,高知県,GTFS-Susakicity_Bus,1,True,True,2,False,True,True,False,False,549,True,False,measured_same_agency_across_all_feeds
f07cbf6e254eeca8,高知東部交通株式会社,高知県,GTFS-Tobutraffic_Localbus,1,True,True,6,False,True,True,False,False,516,True,False,measured_same_agency_across_all_feeds
1ff38f65d34f6fa2,津野町,高知県,GTFS-Tsunotown_Bus,1,True,True,8,False,True,True,False,False,611,True,False,measured_same_agency_across_all_feeds
791b873a3a70fc7d,有限会社黒岩観光,高知県,GTFS-Kuroiwakanko_Localbus,1,True,True,10,False,True,True,True,False,792,True,False,measured_same_agency_across_all_feeds
06127f36e21f81a7,三原村,高知県,GTFS-Miharavill_Bus,1,True,True,4,False,True,True,False,False,381,True,False,measured_same_agency_across_all_feeds
efa058ba678f865e,本山町,高知県,GTFS-Motoyamatown_Bus,1,True,True,2,False,True,True,False,False,365,True,False,measured_same_agency_across_all_feeds
caaed3c5d20cedb5,室戸市,高知県,GTFS-Murotocity_Bus,1,True,True,2,False,True,True,False,False,365,True,False,measured_same_agency_across_all_feeds
e74f8e0297310c23,中土佐町,高知県,GTFS-Nakatosatown_Bus,1,True,True,3,False,True,True,False,False,547,True,False,measured_same_agency_across_all_feeds
1cbc1f36772e9844,南国市,高知県,GTFS-Nankokucity_Bus,1,True,True,2,False,True,True,False,False,516,True,False,measured_same_agency_across_all_feeds
d918491da3d91640,仁淀川町,高知県,GTFS-Niyodogawatown_Townsbus,1,True,True,8,False,True,True,False,False,715,True,False,measured_same_agency_across_all_feeds
4419f79ed84914eb,大月町,高知県,GTFS-Otsukitown_Bus,1,True,True,3,False,True,True,False,False,690,True,False,measured_same_agency_across_all_feeds
c5c8eb0ae04e4623,有限会社嶺北観光自動車,高知県,GTFS-Reihokukanko_Localbus,1,True,True,8,False,True,True,False,False,638,True,False,measured_same_agency_across_all_feeds
24b96d12b0e7fcd5,佐川町,高知県,GTFS-Sakawatown_Bus,1,True,True,5,False,True,True,False,False,531,True,False,measured_same_agency_across_all_feeds
8fc2ddddcc767bdc,株式会社四万十交通,高知県,GTFS-Shimantotraffic_Feederbus|GTFS-Shimantotraffic_Localbus,2,True,True,3,False,True,True,False,False,556,True,False,measured_same_agency_across_all_feeds
051a98597bc9a2a0,四万十市,高知県,GTFS-Shimantocity_Bus,1,True,True,4,False,True,True,False,False,591,True,False,measured_same_agency_across_all_feeds
e9bc01fa9507f99d,四万十町,高知県,GTFS-Shimantotown_Bus,1,True,True,3,False,True,True,False,False,517,True,False,measured_same_agency_across_all_feeds
22bdeb765eb9b2b3,宿毛市,高知県,GTFS-Sukumocity_Hanabus|GTFS-Sukumocity_Yururinbus,2,True,True,3,False,True,True,False,False,639,True,False,measured_same_agency_across_all_feeds
873566ceb024ef81,田野町,高知県,GTFS-Tanotown_Bus,1,True,True,3,False,True,True,False,False,700,True,False,measured_same_agency_across_all_feeds
681d012c88b18908,土佐市,高知県,GTFS-Tosacity_Bus,1,True,True,4,False,True,True,False,False,516,True,False,measured_same_agency_across_all_feeds
109a5e6e3855370d,とさでん交通株式会社,高知県,GTFS-Tosadentraffic_Airportbus|GTFS-Tosadentraffic_Regularbus,2,True,True,7,,True,True,,,427,False,True,depth_cap_reached
fab44ef0e6707072,土佐清水市,高知県,GTFS-Tosashimizucity_Bus,1,True,True,2,False,True,True,False,False,395,True,False,measured_same_agency_across_all_feeds
2720cde1c5094341,安田町,高知県,GTFS-Yasudatown_Bus,1,True,True,3,False,True,True,False,False,700,True,False,measured_same_agency_across_all_feeds
aaf96b1f46338026,甘木観光バス,福岡県,AmagiKankoBus,1,True,True,1,True,False,False,False,False,,True,False,measured_same_agency_across_all_feeds
45cefe0fd8758009,芦屋タウンバス,福岡県,AshiyaTownBus,1,True,True,2,False,True,True,True,False,742,True,False,measured_same_agency_across_all_feeds
7866e489d4c14e8e,豊前市,福岡県,BuzenCityBus,1,True,True,2,False,True,True,True,False,761,True,False,measured_same_agency_across_all_feeds
7ae15c12ab48af37,筑後市,福岡県,HainuzukaStationAreaLoopBus,1,True,True,2,False,True,False,False,False,182,True,False,measured_same_agency_across_all_feeds
1723c1b3b38066fd,築上町,福岡県,ChikujoTownCommunityBus,1,True,False,1,,,,,,,True,False,agency_identity_not_stable_across_generations
debe99c70a4444b3,太宰府市,福岡県,DazaifuCityCommunityBus,1,True,True,1,True,False,False,False,False,,True,False,measured_same_agency_across_all_feeds
f37a9df203952b31,川崎町,福岡県,KawasakiTownFureaiBus,1,True,True,2,False,True,True,False,False,579,True,False,measured_same_agency_across_all_feeds
3e9de2a66669e4e0,古賀市公共施設等連絡バス コガバス,福岡県,KogaBus,1,True,True,4,False,True,True,True,True,2252,True,False,measured_same_agency_across_all_feeds
11fa9fd79fd208aa,株式会社姪浜タクシー,福岡県,ImajukuMeinohamaLine,1,True,True,1,True,False,False,False,False,,True,False,measured_same_agency_across_all_feeds
3bd4c867ae52be24,福津市,福岡県,minibus,1,True,True,4,False,True,True,False,False,691,True,False,measured_same_agency_across_all_feeds
872d6c6323482ad6,久山町,福岡県,HisayamaIkoBus,1,True,False,2,,,,,,364,True,False,agency_identity_not_stable_across_generations
993f5e87c42616f3,嘉麻市,福岡県,KamaCityBus,1,True,False,3,,,,,,365,True,False,agency_identity_not_stable_across_generations
5bc658eded155bd7,苅田町コミュニティバス,福岡県,KandaTownCommunityBus,1,True,False,1,,,,,,,True,False,agency_identity_not_stable_across_generations
85d539f6c83212e6,春日市,福岡県,yayoi_kasuga,1,True,True,1,True,False,False,False,False,,True,False,measured_same_agency_across_all_feeds
b181cb351fbf22d4,恒見・喜多久地区おでかけ交通,福岡県,tsunemi-kitaku,1,True,True,5,False,True,True,True,True,1096,True,False,measured_same_agency_across_all_feeds
9a2ee1297c6d7178,大蔵地区おでかけ交通,福岡県,okura,1,True,True,5,False,True,True,True,True,1096,True,False,measured_same_agency_across_all_feeds
e68117862fb6a38b,合馬・道原地区おでかけ交通,福岡県,oma-dobaru,1,True,True,6,False,True,True,True,True,1096,True,False,measured_same_agency_across_all_feeds
686b98b9cf5154d5,木屋瀬・楠橋・星ヶ丘地区おでかけ交通,福岡県,koyanose-kusubashi-hoshigaoka,1,True,True,5,False,True,True,True,False,1085,True,False,measured_same_agency_across_all_feeds
e826c77920aa010b,東谷地区おでかけ交通,福岡県,higashitani,1,True,True,5,False,True,True,True,False,913,True,False,measured_same_agency_across_all_feeds
614c6533abef7e26,枝光地区おでかけ交通,福岡県,edamitsu,1,True,True,8,False,True,True,True,False,995,True,False,measured_same_agency_across_all_feeds
bc1d79790bbac2e9,平尾台地区おでかけ交通,福岡県,hiraodai,1,True,True,4,False,True,True,True,False,1084,True,False,measured_same_agency_across_all_feeds
a621426035032b30,田代・河内地区おでかけ交通,福岡県,tashiro-kawachi,1,True,True,5,False,True,True,True,True,1096,True,False,measured_same_agency_across_all_feeds
fd118108249898bb,鞍手町,福岡県,KurateTownSmileBusMiyawakaLine,1,True,True,1,True,False,False,False,False,,True,False,measured_same_agency_across_all_feeds
ee348a96c795a247,みやま市,福岡県,MiyamaCityCommunityBus,1,True,True,3,False,True,True,True,False,731,True,False,measured_same_agency_across_all_feeds
827cd9cf33a71f69,宮若市,福岡県,MiyawakaMunakataLine,1,True,True,1,True,False,False,False,False,,True,False,measured_same_agency_across_all_feeds
a168f9d5f48716db,水巻町,福岡県,MizumakiTownBus,1,True,True,1,True,False,False,False,False,,True,False,measured_same_agency_across_all_feeds
aa74bb1dc8423fa2,宗像市,福岡県,MunakataCityCommunityBus|MunakataCityFureaiBus,2,True,False,1,,,,,,1491,True,False,agency_identity_not_stable_across_generations
8e1f5e6fca2c9efd,宮若市・宗像市,福岡県,MiyawakaMunakataLine,1,True,False,1,,,,,,,True,False,agency_identity_not_stable_across_generations
69bc77d46412dc19,直方市コミュニティバス,福岡県,NogataCityCommunityBus,1,True,True,2,False,True,True,True,False,761,True,False,measured_same_agency_across_all_feeds
e658098be783030c,遠賀町コミュニティバス,福岡県,OngaTownCommunityBus,1,True,False,2,,,,,,164,True,False,agency_identity_not_stable_across_generations
17e3c7809d6f3908,新宮町コミュニティバスマリンクス,福岡県,ShinguTownCommunityBus,1,True,True,4,False,True,True,True,False,730,True,False,measured_same_agency_across_all_feeds
3ced3ec49a64d543,福岡県添田町（添田町バス）,福岡県,soedamachibus,1,True,False,8,,,,,,649,True,False,agency_identity_not_stable_across_generations
6fdb09f180072eb2,須恵町,福岡県,SueTownCommunityBus,1,True,False,2,,,,,,365,True,False,agency_identity_not_stable_across_generations
6d25a4fda1c2584e,田川市コミュニティバス,福岡県,TagawaCityCommunityBus,1,True,True,4,False,True,True,True,False,735,True,False,measured_same_agency_across_all_feeds
47da422c9d0bbcef,太陽交通株式会社,福岡県,taiyo-koutu,1,True,True,1,True,False,False,False,False,,True,False,measured_same_agency_across_all_feeds
129367897449dd64,柳川市,福岡県,YanagawaCityCommunityBus,1,True,False,2,,,,,,365,True,False,agency_identity_not_stable_across_generations
19a04eb209d455e5,伊万里市,佐賀県,imarinbus,1,True,True,1,True,False,False,False,False,,True,False,measured_same_agency_across_all_feeds
35e99b31d3eaab05,平戸市,長崎県,fureaibus,1,True,True,4,False,True,True,True,False,952,True,False,measured_same_agency_across_all_feeds
eb3cb99dadebbb16,熊本バス,熊本県,kuma-bus,1,True,True,2,,True,,,,0,False,True,depth_cap_reached
f9c4176b4dfac6be,熊本都市バス,熊本県,kumamoto-toshibus,1,True,True,1,,,,,,,False,True,depth_cap_reached
0838bcbc216392a8,熊本電鉄バス,熊本県,kumamotodentetsu-bus,1,True,True,1,,,,,,,False,True,depth_cap_reached
f081c0b7664a316a,九州産交バス,熊本県,sankobus,1,True,True,2,,True,,,,0,False,True,depth_cap_reached
e5a13ec8ddb4886b,玖珠町,大分県,kusucommunity-bus,1,True,True,1,True,False,False,False,False,,True,False,measured_same_agency_across_all_feeds
0dd77c8bb972416a,中津市,大分県,BuzenNakatsu|Higashitani|HiyamajiKamagi|Kawaraguchi|Kii|Miho|Nishimakusa|Nishitani|OshimaIfuku|OshimadaiKanayoshi|ShinyabaHigashi|ShinyabaNishi|Tsutami|UenokawauchiMasaki|UraYabakei|Yakata|YamautsuriKita|YamautsuriMinami,18,True,True,1,True,False,False,False,False,,True,False,measured_same_agency_across_all_feeds
94d2d47c4c53d36e,かごしま市コミュニティバス「あいばす」,鹿児島県,aibus,1,True,True,6,False,True,True,True,False,1069,True,False,measured_same_agency_across_all_feeds
c15780f74117aaec,八重瀬町役場,沖縄県,yaese-town-bus,1,True,True,1,True,False,False,False,False,,True,False,measured_same_agency_across_all_feeds
0ee1b995e9ffc05e,合同会社やんばる急行バス,沖縄県,yanbaru-express-bus,1,True,True,11,,True,True,True,,883,False,True,depth_cap_reached
