organization_id,feed_id,distinct_timetable_generations,distinct_old_generations,archive_versions_downloaded,latest_upload_utc,oldest_distinct_old_upload_utc,current_generation_effective_start,oldest_distinct_generation_effective_start,history_span_days,archive_publication_span_days,has_2plus_generations,history_1plus_year,history_2plus_year,history_3plus_year,date_evidence_status,history_status
kamishihorotown,kamishihoro-self-bus,1,0,2,2025-12-02T17:20:28+00:00,,2025-11-28,,,,False,False,False,False,effective_schedule_date_unavailable,measured
kamishihorotown,kamishihoro,2,1,2,2025-12-02T17:16:21+00:00,2025-11-13T17:43:32+00:00,2025-12-01,2025-11-20,11,18,True,False,False,False,measured,measured
gan-wu,shiokazeline,2,1,2,2025-09-22T14:01:56+00:00,2024-09-26T21:16:37+00:00,2025-10-01,2024-10-01,365,360,True,True,False,False,measured,measured
ishikariwanshinko,on-demandtransit_itsumo,1,0,1,2026-06-23T16:03:10+00:00,,2026-06-23,,,,False,False,False,False,effective_schedule_date_unavailable,measured
nemurokotsu,nemurobus,7,6,7,2026-05-26T08:49:58+00:00,2023-09-16T09:54:38+00:00,2026-05-26,2023-10-01,968,982,True,True,True,False,measured,measured
fukauratown,fukaura-town-communitybus,2,1,2,2026-04-20T16:00:04+00:00,2026-03-18T13:40:54+00:00,2026-04-01,2025-12-24,98,33,True,False,False,False,measured,measured
goshogawaracity,goshogawara-communitybus,1,0,1,2026-07-15T09:06:15+00:00,,2026-07-01,,,,False,False,False,False,effective_schedule_date_unavailable,measured
hachinohe,hachinohe-citybus,2,1,2,2026-03-31T12:05:38+00:00,2026-03-26T22:59:54+00:00,2026-04-01,2026-01-05,86,4,True,False,False,False,measured,measured
hirakawacity,hirakawa-sharedtaxi,1,0,1,2026-03-26T23:56:52+00:00,,2025-11-02,,,,False,False,False,False,effective_schedule_date_unavailable,measured
hirakawacity,hirakwacitybus,1,0,2,2026-03-27T16:08:40+00:00,,2026-03-09,,,,False,False,False,False,effective_schedule_date_unavailable,measured
hashikamitown,hashikamibus,3,2,3,2026-03-27T20:04:01+00:00,2024-04-22T13:23:23+00:00,2026-04-01,2024-04-01,730,704,True,True,True,False,measured,measured
hachinohecity,hachinohe-nango,2,1,2,2026-03-25T17:41:01+00:00,2026-03-18T10:05:13+00:00,2026-03-10,2025-11-27,103,7,True,False,False,False,measured,measured
jr-east-morioka,JReast_wandotaxi,1,0,1,2026-04-17T19:06:04+00:00,,2026-05-01,,,,False,False,False,False,effective_schedule_date_unavailable,measured
hirosakicity,kounan-tetsudou,1,0,1,2026-09-24T13:23:57+00:00,,2026-04-01,,,,False,False,False,False,effective_schedule_date_unavailable,measured
hiranaitown,hiranaitownbus,2,1,2,2026-03-23T11:13:38+00:00,2026-03-23T11:18:34+00:00,2026-03-14,2025-12-18,86,-1,True,False,False,False,measured,measured
hirosakicity,hokusei-noriai,2,1,2,2026-09-24T13:24:43+00:00,2026-01-23T18:29:45+00:00,2026-04-01,2025-06-16,289,243,True,False,False,False,measured,measured
kuroishicity,kuroishi,2,1,2,2026-06-03T15:50:12+00:00,2026-03-18T10:23:45+00:00,2026-06-13,2025-10-29,227,77,True,False,False,False,measured,measured
jr-east-morioka,JR-east_tsugaruline,7,6,7,2026-04-17T18:43:58+00:00,2024-05-01T14:02:02+00:00,2026-05-01,2024-04-01,760,716,True,True,True,False,measured,measured
misawacity,misawacity-mebus,2,1,2,2026-03-25T09:21:51+00:00,2026-03-18T10:54:03+00:00,2026-04-01,2026-01-14,77,6,True,False,False,False,measured,measured
nakadomaritown,nakadomari-communitybus,1,0,1,2026-03-26T23:20:16+00:00,,2026-01-08,,,,False,False,False,False,effective_schedule_date_unavailable,measured
shichinohetown,shichinohe_community-bus,2,1,2,2026-08-20T11:43:24+00:00,2026-05-15T15:17:37+00:00,2026-08-17,2026-04-01,138,96,True,False,False,False,measured,measured
owanitown,owanitown-sunekarabus,1,0,1,2026-03-18T11:05:40+00:00,,2025-11-20,,,,False,False,False,False,effective_schedule_date_unavailable,measured
rokkashovillage,rokkasho-sharedtaxi,1,0,1,2026-03-26T23:30:00+00:00,,2025-10-31,,,,False,False,False,False,effective_schedule_date_unavailable,measured
shingovillage,shingo-mizubashogo,1,0,1,2026-03-27T18:16:13+00:00,,2025-12-08,,,,False,False,False,False,effective_schedule_date_unavailable,measured
tohokutown,tohoku-town-bus,9,8,9,2026-03-31T09:39:45+00:00,2023-11-21T15:36:01+00:00,2026-03-31,2023-11-21,861,860,True,True,True,False,measured,measured
tsugarucity,tsugarucity_localtransportation,1,0,1,2026-03-18T13:51:45+00:00,,2025-10-25,,,,False,False,False,False,effective_schedule_date_unavailable,measured
towadacity,towadacity_communitybus,1,0,1,2026-03-18T11:47:00+00:00,,2025-11-06,,,,False,False,False,False,effective_schedule_date_unavailable,measured
sotogahamatown,sotogahama-townbus,1,0,1,2026-03-18T13:35:31+00:00,,2026-04-01,,,,False,False,False,False,effective_schedule_date_unavailable,measured
ichinosekicity,Ichinosekibus,7,6,7,2026-09-28T16:25:11+00:00,2023-09-04T16:34:48+00:00,2026-04-01,2023-10-01,913,1119,True,True,True,False,measured,measured
tsurutatown,tsuruta-townbus,1,0,1,2026-05-07T15:13:45+00:00,,2026-04-24,,,,False,False,False,False,effective_schedule_date_unavailable,measured
shichigahamatown,Gururinko,3,2,3,2026-04-03T14:48:09+00:00,2025-03-05T10:18:08+00:00,2026-04-03,2025-02-25,402,394,True,True,False,False,measured,measured
yomogitavillage,yomogita-communitybus,2,1,2,2026-04-08T16:29:39+00:00,2026-03-26T23:44:31+00:00,2026-03-17,2025-12-09,98,12,True,False,False,False,measured,measured
higashinecity,HigashineCity,6,5,6,2026-03-09T15:00:26+00:00,2022-12-05T18:54:37+00:00,2026-04-01,2022-04-01,1461,1189,True,True,True,True,measured,measured
sembokucity,bus-city-semboku,1,0,1,2026-04-02T18:53:02+00:00,,2026-04-01,,,,False,False,False,False,effective_schedule_date_unavailable,measured
kahokutown,KahokuTown,10,9,10,2026-03-17T14:07:52+00:00,2022-12-05T19:10:00+00:00,2026-04-01,2022-04-01,1461,1197,True,True,True,True,measured,measured
takeyakoutu,takeyakotsu,13,12,13,2026-08-29T18:13:56+00:00,2024-03-13T18:15:53+00:00,2026-09-01,2024-04-01,883,898,True,True,True,False,measured,measured
mamurogawatown,MamurogawaTown,8,7,8,2026-02-25T10:11:59+00:00,2022-12-05T19:28:47+00:00,2026-03-14,2022-03-12,1463,1177,True,True,True,True,measured,measured
mogamigawakotsu,MOGAMIGAWAKOTSU,4,3,6,2026-04-01T16:22:41+00:00,2022-12-05T21:21:10+00:00,2026-04-01,2022-04-01,1461,1212,True,True,True,True,measured,measured
murayamacity,MurayamaCity,5,4,5,2026-02-27T10:24:32+00:00,2022-12-05T18:03:04+00:00,2026-04-01,2022-04-01,1461,1179,True,True,True,True,measured,measured
nakayamatown,NakayamaTown,5,4,5,2026-03-12T09:30:18+00:00,2022-12-05T19:05:04+00:00,2026-04-01,2022-04-01,1461,1192,True,True,True,True,measured,measured
nishikawatown,NishikawaTown,6,5,6,2026-03-06T15:16:58+00:00,2022-12-05T19:15:14+00:00,2026-04-01,2022-06-22,1379,1186,True,True,True,True,measured,measured
sakatacity,SakataCity,6,5,6,2026-04-09T16:11:18+00:00,2022-12-05T21:07:41+00:00,2026-04-09,2020-04-01,2199,1220,True,True,True,True,measured,measured
oetown,Oetown,7,6,7,2026-03-09T14:54:22+00:00,2022-12-05T19:20:13+00:00,2026-04-01,2021-12-20,1563,1189,True,True,True,True,measured,measured
sagaecity,SagaeCity,8,7,8,2025-10-20T11:30:27+00:00,2022-12-05T17:56:07+00:00,2025-11-17,2021-08-27,1543,1049,True,True,True,True,measured,measured
shinjocity,ShinjoCity,6,5,6,2026-03-12T10:02:02+00:00,2022-12-05T19:22:45+00:00,2026-04-01,2022-03-04,1489,1192,True,True,True,True,measured,measured
shiratakatown,ShiratakaTown,5,4,5,2026-02-25T09:47:47+00:00,2022-12-05T21:03:24+00:00,2026-04-01,2022-04-01,1461,1177,True,True,True,True,measured,measured
sakegawavillage,SakegawaVillage,6,5,6,2026-04-21T14:35:24+00:00,2022-12-05T19:33:26+00:00,2026-04-17,2022-04-01,1477,1232,True,True,True,True,measured,measured
shonaikotsu,SHONAIKOTSU,9,8,9,2026-06-24T09:14:36+00:00,2022-12-05T21:18:20+00:00,2026-03-29,2022-09-01,1305,1296,True,True,True,True,measured,measured
tendocity,TendoCity,6,5,6,2026-03-06T11:57:00+00:00,2022-12-05T18:51:48+00:00,2026-04-01,2021-09-06,1668,1186,True,True,True,True,measured,measured
shonaitown,ShonaiTown,9,8,10,2026-04-13T15:17:33+00:00,2022-12-05T21:11:28+00:00,2026-04-13,2021-11-22,1603,1224,True,True,True,True,measured,measured
yamagata-kaneyamatown,KaneyamaTown,8,7,8,2026-03-13T09:32:41+00:00,2022-12-05T19:25:42+00:00,2026-04-01,2022-05-27,1405,1193,True,True,True,True,measured,measured
yamagata-asahitown,AsahiTown,6,5,6,2026-03-04T12:14:39+00:00,2022-12-05T19:18:07+00:00,2026-04-01,2022-04-01,1461,1184,True,True,True,True,measured,measured
yamagatatetsudo,flowerliner,1,0,1,2026-03-09T15:45:54+00:00,,2026-03-14,,,,False,False,False,False,effective_schedule_date_unavailable,measured
yamagata-yamagatacity,YamagataCity,13,12,13,2026-08-10T09:58:47+00:00,2023-07-11T14:21:03+00:00,2026-09-02,2023-07-01,1159,1125,True,True,True,True,measured,measured
yamagata-ogunitown,OguniTown,9,8,9,2026-06-10T09:21:59+00:00,2022-12-05T21:01:13+00:00,2026-07-01,2022-04-01,1552,1282,True,True,True,True,measured,measured
yamakobus,YAMAKOBUS,8,7,8,2026-09-15T10:26:36+00:00,2022-12-05T21:15:21+00:00,2026-05-25,2021-10-01,1697,1379,True,True,True,True,measured,measured
otamavillage,otamavillage-bus,1,0,1,2026-05-28T16:20:50+00:00,,2026-03-04,,,,False,False,False,False,effective_schedule_date_unavailable,measured
yonezawacity,Yonezawa,11,10,11,2026-04-17T09:42:03+00:00,2022-12-05T20:53:18+00:00,2026-04-16,2022-04-01,1476,1228,True,True,True,True,measured,measured
motomiyacity,motomiyashibus,3,2,3,2026-03-17T17:05:32+00:00,2025-03-24T09:01:20+00:00,2026-03-17,2025-03-19,363,358,True,False,False,False,measured,measured
yamanobetown,YamanobeTown,6,5,6,2026-03-30T11:20:39+00:00,2022-12-05T19:06:46+00:00,2026-03-18,2021-10-07,1623,1210,True,True,True,True,measured,measured
namegatacity,bus-namegata-ibaraki-jp,5,4,5,2026-02-26T17:04:04+00:00,2025-11-24T11:18:05+00:00,2026-02-26,2025-11-20,98,94,True,False,False,False,measured,measured
ryugasakicity,Ryugasakishi-communitybus,1,0,1,2026-01-29T09:23:02+00:00,,2025-09-01,,,,False,False,False,False,effective_schedule_date_unavailable,measured
otonekotu,otonekotubus,4,3,4,2026-04-09T11:36:28+00:00,2025-01-05T09:55:17+00:00,2026-04-09,2024-08-10,607,459,True,True,False,False,measured,measured
shinjobankotsu,SHINJOBANKOTSU,6,5,6,2026-03-26T16:27:03+00:00,2024-05-31T13:34:16+00:00,2026-04-01,2024-04-01,730,664,True,True,True,False,measured,measured
tsuchiuracity,tsuchimarubus,5,4,5,2026-03-09T13:57:19+00:00,2023-03-07T08:45:18+00:00,2026-03-04,2022-12-08,1182,1098,True,True,True,True,measured,measured
yukicity,junkaibus,3,2,3,2026-06-17T09:09:39+00:00,2023-11-22T15:18:31+00:00,2026-08-03,2023-04-01,1220,937,True,True,True,True,measured,measured
tsukubacity,TSUKUBUS,8,7,8,2026-03-24T13:29:53+00:00,2023-03-02T09:31:19+00:00,2026-04-01,2022-10-01,1278,1118,True,True,True,True,measured,measured
ashikagacity,Ashikaga-route-bus,1,0,1,2026-07-15T17:16:44+00:00,,2026-05-11,,,,False,False,False,False,effective_schedule_date_unavailable,measured
mibutown,mibubu,2,1,2,2026-03-17T10:50:28+00:00,2025-08-18T11:15:30+00:00,2026-03-23,2025-05-22,305,210,True,False,False,False,measured,measured
nasutown,nasutown,2,1,2,2026-03-31T10:13:59+00:00,2025-09-26T11:42:57+00:00,2026-04-01,2025-08-15,229,185,True,False,False,False,measured,measured
nikkocity,nikkocity,7,6,7,2026-03-17T14:08:50+00:00,2023-02-10T09:36:18+00:00,2026-04-01,2023-01-04,1183,1131,True,True,True,True,measured,measured
nasushiobaracity,chiikibasu,3,2,3,2026-03-03T13:58:57+00:00,2024-07-17T08:46:35+00:00,2026-04-01,2024-04-01,730,594,True,True,True,False,measured,measured
otawaracity,Ohtawaracitybus,6,5,6,2026-03-27T11:23:07+00:00,2025-02-05T08:51:59+00:00,2026-03-27,2024-12-19,463,415,True,True,False,False,measured,measured
yaitacity,chuuou-junkan,3,2,3,2026-03-17T15:09:32+00:00,2025-02-20T13:53:42+00:00,2026-03-17,2025-02-20,390,390,True,True,False,False,measured,measured
gunma-otacity,ootacitybus,1,0,1,2026-06-19T10:32:57+00:00,,2026-06-05,,,,False,False,False,False,effective_schedule_date_unavailable,measured
annakacity,annakashi-rosenbus,1,0,1,2026-05-18T15:20:42+00:00,,2026-05-15,,,,False,False,False,False,effective_schedule_date_unavailable,measured
oizumitown,kouikikoukyoubasuaozora,5,4,6,2026-04-09T17:19:25+00:00,2023-03-07T11:50:55+00:00,2026-05-07,2022-10-06,1309,1129,True,True,True,True,measured,measured
hannocity,odekakemuma-seimei-kaji,3,2,3,2026-03-17T13:56:23+00:00,2024-03-13T13:09:25+00:00,2025-04-01,2024-02-21,405,734,True,True,False,False,measured,measured
hannocity,odekakemuma-haraichiba,3,2,3,2025-12-25T10:44:47+00:00,2025-12-25T09:30:20+00:00,2025-01-01,2023-09-01,488,0,True,True,False,False,measured,measured
hannocity,odekakemuma-minamikoma,3,2,3,2025-12-25T10:46:54+00:00,2024-03-13T13:12:43+00:00,2025-01-01,2023-09-01,488,651,True,True,False,False,measured,measured
saitamacity,rakurakugou,1,0,1,2026-06-16T09:34:55+00:00,,2024-04-01,,,,False,False,False,False,effective_schedule_date_unavailable,measured
saitamacity,iwatsukikucommunitybus,1,0,1,2026-06-16T09:34:24+00:00,,2025-05-01,,,,False,False,False,False,effective_schedule_date_unavailable,measured
saitamacity,ajisaigou,1,0,1,2026-06-16T09:34:34+00:00,,2025-06-01,,,,False,False,False,False,effective_schedule_date_unavailable,measured
kumagayacity,yuuyuubus,7,6,8,2026-03-27T13:33:23+00:00,2024-02-21T09:13:21+00:00,2026-04-01,2024-02-01,790,765,True,True,True,False,measured,measured
saitamacity,nisikucommunitybus,1,0,1,2026-06-16T09:33:50+00:00,,2022-04-01,,,,False,False,False,False,effective_schedule_date_unavailable,measured
saitamacity,kawasemigou,1,0,1,2026-06-16T09:34:44+00:00,,2026-04-01,,,,False,False,False,False,effective_schedule_date_unavailable,measured
saitamacity,musashigou,1,0,1,2026-06-16T09:34:39+00:00,,2025-12-01,,,,False,False,False,False,effective_schedule_date_unavailable,measured
saitamacity,miyaharanakayoshigou,1,0,1,2026-06-16T09:35:06+00:00,,2025-12-01,,,,False,False,False,False,effective_schedule_date_unavailable,measured
saitamacity,minumakucommunitybus,1,0,1,2026-06-16T09:34:13+00:00,,2022-04-01,,,,False,False,False,False,effective_schedule_date_unavailable,measured
saitamacity,sakurakucommunitybus,1,0,1,2026-06-16T09:34:07+00:00,,2022-04-01,,,,False,False,False,False,effective_schedule_date_unavailable,measured
saitamacity,minamikucommunitybus,1,0,1,2026-06-16T09:34:19+00:00,,2022-04-01,,,,False,False,False,False,effective_schedule_date_unavailable,measured
saitamacity,orizurugou,1,0,1,2026-06-16T09:35:01+00:00,,2025-12-01,,,,False,False,False,False,effective_schedule_date_unavailable,measured
saitamacity,rainbowgou,1,0,1,2026-06-16T09:34:49+00:00,,2025-12-01,,,,False,False,False,False,effective_schedule_date_unavailable,measured
saitamacity,minumagou,1,0,1,2026-06-16T09:34:30+00:00,,2023-04-01,,,,False,False,False,False,effective_schedule_date_unavailable,measured
wakocity,Wako-City-junkanbus,3,2,3,2026-04-27T12:44:05+00:00,2024-09-17T11:29:44+00:00,2026-01-04,2024-01-04,731,587,True,True,True,False,measured,measured
saitamacity,kitakucommunitybus,1,0,1,2026-06-16T09:34:02+00:00,,2022-04-01,,,,False,False,False,False,effective_schedule_date_unavailable,measured
inzaicity,rosenbus,2,1,2,2026-06-22T15:10:45+00:00,2026-06-22T15:08:12+00:00,2026-07-01,2026-04-01,91,0,True,False,False,False,measured,measured
katoricity,katori-junkan,13,12,13,2026-09-23T12:01:51+00:00,2024-07-26T11:26:22+00:00,2026-09-01,2024-07-01,792,789,True,True,True,False,measured,measured
keisei-transitbus,keiseitransitbus,6,5,9,2026-03-18T11:28:33+00:00,2023-09-11T18:27:18+00:00,2026-04-01,2023-10-01,913,918,True,True,True,False,measured,measured
kimitsucity,Kimitsu_City_Community_Bus,2,1,2,2026-06-01T11:01:05+00:00,2026-01-09T20:48:38+00:00,2026-03-01,2025-12-01,90,142,True,False,False,False,measured,measured
matsudocity,matsudo-takatsuka,1,0,1,2026-07-22T14:46:37+00:00,,2026-08-03,,,,False,False,False,False,effective_schedule_date_unavailable,measured
matsudocity,matsudo,4,3,4,2026-06-25T17:08:08+00:00,2024-12-16T10:03:30+00:00,2026-08-03,2024-11-20,621,556,True,True,False,False,measured,measured
nagareyamacity,nagareyamagreenbus,5,4,5,2026-01-13T08:56:12+00:00,2023-03-09T13:38:32+00:00,2025-10-01,2022-12-27,1009,1040,True,True,True,False,measured,measured
kimitsucity,Local_buses_via_Kimitsu_City,3,2,3,2026-08-02T00:03:36+00:00,2025-11-25T12:50:57+00:00,2026-08-01,2025-12-01,243,249,True,False,False,False,measured,measured
arakawacity,sakura,1,0,1,2026-03-04T11:28:38+00:00,,2026-03-01,,,,False,False,False,False,effective_schedule_date_unavailable,measured
akishimacity,Abus,1,0,1,2026-09-03T16:22:44+00:00,,2026-08-28,,,,False,False,False,False,effective_schedule_date_unavailable,measured
yotsukaidocity,yoppii,2,1,2,2025-12-15T16:08:04+00:00,2025-08-28T10:10:12+00:00,2026-04-01,2025-08-20,224,109,True,False,False,False,measured,measured
naritacity,narita-community-bus,2,1,2,2026-02-13T20:33:27+00:00,2026-02-13T20:30:37+00:00,2026-04-01,2025-12-01,121,0,True,False,False,False,measured,measured
katsushikacity,sakura,2,1,2,2025-12-17T10:26:43+00:00,2024-12-26T14:28:06+00:00,2025-12-29,2022-07-15,1263,355,True,True,True,True,measured,measured
kunitachicity,kunikko,1,0,2,2026-07-28T11:38:01+00:00,,2026-09-01,,,,False,False,False,False,effective_schedule_date_unavailable,measured
kunitachicity,aoyagikko,1,0,1,2026-01-21T16:20:41+00:00,,2026-01-13,,,,False,False,False,False,effective_schedule_date_unavailable,measured
kozushimavillage,kozushimavillagebus,2,1,2,2026-02-09T08:57:22+00:00,2025-09-14T16:45:18+00:00,2026-01-29,2025-01-25,369,147,True,True,False,False,measured,measured
mizuhotown,communitybus,1,0,1,2026-03-08T21:09:31+00:00,,2024-10-01,,,,False,False,False,False,effective_schedule_date_unavailable,measured
mizuhotown,DemandResponsiveTransport,1,0,1,2026-09-25T15:34:26+00:00,,2024-10-01,,,,False,False,False,False,effective_schedule_date_unavailable,measured
tachikawacity,kururinbus,3,2,3,2026-03-30T14:17:28+00:00,2024-03-12T16:40:43+00:00,2026-04-01,2024-03-12,750,747,True,True,True,False,measured,measured
ogasawaravillage,o,1,0,1,2026-02-10T15:08:56+00:00,,2026-02-10,,,,False,False,False,False,effective_schedule_date_unavailable,measured
samukawatown,mokusei-go_kuramiomuraroute,3,2,3,2025-12-25T09:50:36+00:00,2024-01-06T01:16:52+00:00,2025-12-01,2023-12-01,731,719,True,True,True,False,measured,measured
ninomiyatown,Ninomiyatowncommunitybus,1,0,1,2025-11-26T14:43:42+00:00,,2022-10-01,,,,False,False,False,False,effective_schedule_date_unavailable,measured
daishinto,Radiant-City,2,1,2,2026-02-26T10:28:23+00:00,2025-05-23T16:41:46+00:00,2026-03-01,2025-05-25,280,278,True,False,False,False,measured,measured
chigasakicity,eboshigou,2,1,2,2026-04-27T13:01:26+00:00,2026-04-27T12:01:55+00:00,2026-05-02,2024-10-01,578,0,True,True,False,False,measured,measured
yokosukacity,hamachanbus,1,0,1,2026-03-16T14:55:12+00:00,,2023-06-01,,,,False,False,False,False,effective_schedule_date_unavailable,measured
samukawatown,mokusei-go_southroute,3,2,3,2025-12-25T09:49:48+00:00,2024-01-06T01:14:37+00:00,2025-12-01,2023-12-01,731,719,True,True,True,False,measured,measured
samukawatown,mokusei-go_eastroute,3,2,3,2025-12-25T09:48:08+00:00,2024-01-06T01:07:09+00:00,2025-12-01,2023-12-01,731,719,True,True,True,False,measured,measured
itoigawabus,itoigawabus,2,1,2,2026-08-13T10:59:31+00:00,2026-06-08T22:21:31+00:00,2026-07-31,2026-04-01,121,65,True,False,False,False,measured,measured
joetsucity,joetsu,5,4,5,2026-03-31T15:36:50+00:00,2023-03-06T13:51:12+00:00,2026-04-01,2022-04-01,1461,1121,True,True,True,True,measured,measured
tsubamecity,tsubame_bus,3,2,3,2026-08-14T15:23:48+00:00,2025-03-21T15:38:01+00:00,2026-09-01,2025-04-01,518,510,True,True,False,False,measured,measured
murakamicity,murakamisicommunitybus,3,2,3,2026-08-06T08:50:29+00:00,2024-12-19T15:08:08+00:00,2026-07-30,2024-12-05,602,594,True,True,False,False,measured,measured
kamocity,kamonbus,2,1,2,2026-06-10T09:02:59+00:00,2025-07-15T13:14:56+00:00,2026-06-01,2025-07-09,327,329,True,False,False,False,measured,measured
kaetsunou,kaetsunousekaiisan,10,9,11,2026-03-18T14:58:34+00:00,2022-12-04T13:34:53+00:00,2026-04-01,2021-07-01,1735,1200,True,True,True,True,measured,measured
chitetsu,chitetsushinaidensha,11,10,11,2026-02-27T17:20:01+00:00,2022-12-04T14:55:49+00:00,2026-03-14,2022-03-14,1461,1181,True,True,True,True,measured,measured
kaetsunou,kaetsunouhimi,11,10,11,2026-03-18T16:12:01+00:00,2022-12-04T14:10:42+00:00,2026-04-01,2019-12-01,2313,1200,True,True,True,True,measured,measured
imizucity,imizushi,12,11,13,2026-03-19T17:32:38+00:00,2022-12-04T21:19:30+00:00,2026-04-01,2022-04-01,1461,1200,True,True,True,True,measured,measured
kurobecity,shinkansenikuji-ishida-aimoto-minibus,1,0,1,2026-03-25T19:32:44+00:00,,2026-04-01,,,,False,False,False,False,effective_schedule_date_unavailable,measured
manyosen,manyosen,1,0,1,2026-08-31T19:24:17+00:00,,2026-09-01,,,,False,False,False,False,effective_schedule_date_unavailable,measured
kamiichitown,kamiichi,8,7,8,2026-03-18T14:30:54+00:00,2022-12-04T21:26:26+00:00,2026-04-01,2020-04-01,2191,1199,True,True,True,True,measured,measured
kaetsunou,kaetsunouippan,13,12,13,2026-07-16T10:51:33+00:00,2023-03-28T09:26:35+00:00,2026-07-16,2023-04-01,1202,1206,True,True,True,True,measured,measured
takaokacity,koueibus,10,9,10,2026-07-06T16:53:59+00:00,2022-12-04T18:42:08+00:00,2026-04-01,2022-05-24,1408,1309,True,True,True,True,measured,measured
nyuzentown,noranmaicar,6,5,7,2026-07-06T16:50:46+00:00,2022-12-04T21:44:22+00:00,2026-02-25,2018-09-01,2734,1309,True,True,True,True,measured,measured
oyabecity,oyabecitybus,8,7,8,2026-07-14T10:05:54+00:00,2022-12-04T21:12:45+00:00,2026-04-01,2021-07-21,1715,1317,True,True,True,True,measured,measured
nantocity,nanbus,8,7,11,2026-05-26T10:43:36+00:00,2022-12-04T21:15:27+00:00,2026-05-26,2021-04-01,1881,1268,True,True,True,True,measured,measured
tonamicity,tonamishieibasu,6,5,6,2026-03-30T13:29:56+00:00,2022-12-04T21:07:48+00:00,2026-03-26,2021-04-20,1801,1211,True,True,True,True,measured,measured
toyamacity,fuchucommunitybus,6,5,6,2026-03-24T16:07:07+00:00,2022-12-04T18:32:40+00:00,2026-04-01,2022-04-01,1461,1205,True,True,True,True,measured,measured
toyamacity,yamadacommunitybus,10,9,10,2026-03-24T09:37:45+00:00,2022-12-04T18:35:01+00:00,2026-04-01,2021-04-01,1826,1205,True,True,True,True,measured,measured
toyama-asahitown,asahimachibus,8,7,8,2026-03-13T09:04:20+00:00,2022-12-04T21:47:40+00:00,2026-03-16,2022-03-14,1463,1194,True,True,True,True,measured,measured
toyamacity,horikawaminamicommunitybus,10,9,10,2026-03-19T20:35:12+00:00,2022-12-04T18:35:43+00:00,2026-04-01,2022-04-01,1461,1201,True,True,True,True,measured,measured
toyamacity,maidohayabus,5,4,8,2026-03-19T20:25:20+00:00,2022-12-04T18:26:24+00:00,2026-04-01,2021-04-01,1826,1201,True,True,True,True,measured,measured
toyamacity,oyamacommunitybus,8,7,9,2026-03-24T09:39:59+00:00,2022-12-04T18:34:32+00:00,2026-04-01,2022-04-01,1461,1205,True,True,True,True,measured,measured
toyamacity,yatsuocommunitybus,12,11,12,2026-04-21T07:57:02+00:00,2022-12-04T18:33:39+00:00,2026-04-20,2022-04-01,1480,1233,True,True,True,True,measured,measured
toyamacity,kurehaikiikibus,7,6,8,2026-03-19T20:20:25+00:00,2022-12-04T18:27:36+00:00,2026-04-01,2022-04-01,1461,1201,True,True,True,True,measured,measured
komatsucity,blue,4,3,4,2026-03-25T16:43:16+00:00,2023-10-23T09:38:51+00:00,2026-04-01,2023-10-01,913,884,True,True,True,False,measured,measured
uozucity,junkai,11,10,11,2026-04-08T15:55:34+00:00,2022-12-04T20:48:39+00:00,2026-04-02,2021-04-01,1827,1220,True,True,True,True,measured,measured
hakusancity,hakusan_bus_meguru,8,7,8,2026-03-11T14:49:59+00:00,2023-03-15T16:53:43+00:00,2026-03-16,2022-04-01,1445,1091,True,True,True,True,measured,measured
nonoichicity,communitybus,3,2,3,2026-02-06T18:20:47+00:00,2025-08-19T15:52:04+00:00,2026-02-05,2025-08-08,181,171,True,False,False,False,measured,measured
komatsucity,orange,4,3,4,2026-03-25T16:44:35+00:00,2023-10-23T09:41:34+00:00,2026-04-01,2023-10-01,913,884,True,True,True,False,measured,measured
uchinadatown,communitybus,1,0,1,2026-01-28T09:28:47+00:00,,2025-11-17,,,,False,False,False,False,effective_schedule_date_unavailable,measured
kaicity,kaicitybus,1,0,1,2026-03-17T20:01:52+00:00,,2025-04-01,,,,False,False,False,False,effective_schedule_date_unavailable,measured
yamanashi-nanbutown,nanbucyoueibasu,2,1,2,2026-03-31T10:49:27+00:00,2025-05-08T10:50:19+00:00,2026-04-01,2025-04-01,365,326,True,True,False,False,measured,measured
kosugevillage,kosugesoneibus,1,0,1,2026-07-23T09:08:08+00:00,,2026-04-01,,,,False,False,False,False,effective_schedule_date_unavailable,measured
yamanashi-hokutocity,hokuto-bus,2,1,2,2026-04-17T10:53:57+00:00,2025-09-12T09:45:57+00:00,2026-04-01,2025-04-01,365,217,True,True,False,False,measured,measured
chikumacity,chikumajunkanbus,8,7,8,2026-08-25T23:58:19+00:00,2023-06-02T10:51:39+00:00,2026-08-25,2023-05-09,1204,1180,True,True,True,True,measured,measured
iiyamacity,nanohanabus,3,2,3,2026-04-22T20:19:27+00:00,2025-03-31T13:11:34+00:00,2026-04-22,2024-04-04,748,387,True,True,True,False,measured,measured
kisovillage,kisovill,3,2,3,2026-08-25T16:28:29+00:00,2025-09-12T15:59:05+00:00,2026-08-25,2025-10-01,328,347,True,False,False,False,measured,measured
karuizawatown,junkan-bus,5,4,5,2026-08-06T09:38:55+00:00,2025-06-03T08:42:55+00:00,2026-08-05,2025-06-02,429,429,True,True,False,False,measured,measured
kusakarukotsu,kusakarubus,12,11,13,2026-07-26T13:23:35+00:00,2023-11-03T16:58:43+00:00,2026-08-01,2023-11-24,981,995,True,True,True,False,measured,measured
matsumotocity,guruttomatsumotobus2,13,12,13,2026-07-02T14:24:14+00:00,2024-03-28T20:18:30+00:00,2026-08-01,2024-04-01,852,825,True,True,True,False,measured,measured
minamishinshu,Minamishinshu-Iidacity-1,6,5,6,2026-09-03T13:41:28+00:00,2023-05-01T10:32:25+00:00,2026-08-23,2023-04-01,1240,1221,True,True,True,True,measured,measured
minamishinshu,Minamishinshu-toyooka-1,5,4,5,2026-03-23T13:22:40+00:00,2023-05-01T11:15:58+00:00,2026-04-01,2023-04-01,1096,1057,True,True,True,True,measured,measured
matsumotocity,guruttomatsumotobus1,13,12,13,2026-07-02T14:23:06+00:00,2023-06-02T14:23:36+00:00,2026-08-01,2023-05-02,1187,1125,True,True,True,True,measured,measured
minamishinshu,Minamishinshu-iidacity-3,1,0,1,2026-09-10T08:29:05+00:00,,2026-09-01,,,,False,False,False,False,effective_schedule_date_unavailable,measured
minamishinshu,Minamishinshu-Ooshika-1,6,5,6,2026-03-23T13:12:37+00:00,2023-10-05T14:17:39+00:00,2026-04-01,2023-10-01,913,899,True,True,True,False,measured,measured
minamishinshu,Minamishinshu-seibu-1,8,7,8,2026-07-17T08:54:58+00:00,2023-10-05T14:17:47+00:00,2026-07-15,2023-09-22,1027,1015,True,True,True,False,measured,measured
minamishinshu,Minamishinshu-achi-1,5,4,5,2026-03-23T13:24:53+00:00,2024-03-28T10:42:58+00:00,2026-04-01,2024-04-01,730,725,True,True,True,False,measured,measured
minamishinshu,Minamishinshu-iida-2,5,4,5,2026-03-04T08:38:50+00:00,2023-09-07T14:20:11+00:00,2026-03-21,2023-06-12,1013,908,True,True,True,False,measured,measured
minamishinshu,Minamishinshu-takamori-1,7,6,7,2026-04-08T10:42:05+00:00,2024-03-28T13:21:34+00:00,2026-04-08,2024-04-01,737,740,True,True,True,False,measured,measured
minamishinshu,Minamishinshu-Matsukawa-1,4,3,4,2026-03-23T13:19:30+00:00,2023-05-01T10:36:41+00:00,2026-03-16,2023-03-10,1102,1057,True,True,True,True,measured,measured
minamishinshu,Minamishinshu-Nanbu-1,6,5,6,2026-04-27T09:53:05+00:00,2023-05-01T10:51:37+00:00,2026-04-01,2023-04-01,1096,1091,True,True,True,True,measured,measured
nagadenbus,nagadenbus-exp,1,0,1,2026-07-06T11:23:05+00:00,,2026-04-07,,,,False,False,False,False,effective_schedule_date_unavailable,measured
nagadenbus,nagadenbus-iizuna,1,0,1,2026-04-15T11:34:55+00:00,,2026-04-15,,,,False,False,False,False,effective_schedule_date_unavailable,measured
minamishinshu,Minamishinshu-takagi-1,10,9,10,2026-04-23T16:49:45+00:00,2023-05-01T11:07:06+00:00,2026-04-23,2023-04-13,1106,1088,True,True,True,True,measured,measured
minamishinshu,Minamishinshu-Shinnan-1,6,5,6,2026-03-23T14:50:34+00:00,2023-05-01T10:31:24+00:00,2026-04-01,2023-04-01,1096,1057,True,True,True,True,measured,measured
nagadenbus,obuse-romango,1,0,1,2026-04-25T16:56:29+00:00,,2026-04-25,,,,False,False,False,False,effective_schedule_date_unavailable,measured
nagadenbus,nagadenbus-nagano,1,0,1,2026-04-17T11:28:45+00:00,,2026-03-30,,,,False,False,False,False,effective_schedule_date_unavailable,measured
nagano-ikedatown,IkedaTownBus,6,5,7,2026-03-13T17:51:44+00:00,2024-12-12T11:47:42+00:00,2026-03-14,2024-12-06,463,456,True,True,False,False,measured,measured
nagadenbus,nagadenbus-nakano,1,0,1,2026-04-15T12:45:01+00:00,,2026-04-15,,,,False,False,False,False,effective_schedule_date_unavailable,measured
nagano-kawakamivillage,kawakamibus,4,3,4,2026-03-24T10:04:42+00:00,2024-03-11T18:04:20+00:00,2026-03-24,2024-03-16,738,742,True,True,True,False,measured,measured
nagisotown,communitybus,10,9,10,2026-03-24T15:22:52+00:00,2023-12-03T09:51:54+00:00,2026-04-01,2020-02-05,2247,842,True,True,True,True,measured,measured
omachicity,omachiraicholiner,1,0,1,2026-03-23T18:27:07+00:00,,2026-03-23,,,,False,False,False,False,effective_schedule_date_unavailable,measured
naganocity,shiei_noriaibus,10,9,10,2026-03-31T10:48:19+00:00,2023-06-02T09:35:39+00:00,2026-04-01,2023-05-16,1051,1033,True,True,True,False,measured,measured
otakivillage,otaki-village,2,1,2,2026-06-04T13:15:21+00:00,2025-09-04T10:49:18+00:00,2026-05-26,2025-09-03,265,273,True,False,False,False,measured,measured
suwacity,karinchanbas,8,7,8,2026-02-06T16:51:24+00:00,2023-07-25T16:37:14+00:00,2026-04-01,2023-04-14,1083,927,True,True,True,False,measured,measured
shiojiricity,suteppukunn,4,3,4,2026-03-18T22:00:48+00:00,2024-10-10T15:35:12+00:00,2026-04-01,2023-04-07,1090,524,True,True,True,False,measured,measured
omachicity,omachisiminbus,4,3,4,2026-03-17T09:31:15+00:00,2023-06-02T09:18:59+00:00,2026-04-01,2023-06-02,1034,1019,True,True,True,False,measured,measured
toshinkanko-bus,rosenbus,1,0,1,2026-07-01T15:53:40+00:00,,2026-04-01,,,,False,False,False,False,effective_schedule_date_unavailable,measured
suzakicity,suzakashiminbus,8,7,8,2026-08-04T10:57:02+00:00,2023-09-14T09:53:35+00:00,2026-08-04,2023-05-09,1183,1055,True,True,True,True,measured,measured
aketetsu,akechirailway,1,0,1,2026-03-01T21:30:30+00:00,,2026-03-14,,,,False,False,False,False,effective_schedule_date_unavailable,measured
uedacity,uedashigaitizyunkanbus,6,5,6,2026-07-06T13:34:24+00:00,2023-07-13T10:14:19+00:00,2026-07-06,2023-05-30,1133,1089,True,True,True,True,measured,measured
gifu-yamagatacity,communitybus,3,2,3,2026-03-23T16:17:49+00:00,2024-03-12T11:50:09+00:00,2026-04-01,2024-02-27,764,741,True,True,True,False,measured,measured
hachikanbus,hachimanbus,8,7,8,2026-07-20T11:58:43+00:00,2025-02-20T18:25:41+00:00,2026-07-21,2025-01-27,540,514,True,True,False,False,measured,measured
gifucity,communitybus,13,12,13,2026-08-28T12:27:29+00:00,2023-04-27T06:06:13+00:00,2026-09-01,2023-05-01,1219,1219,True,True,True,True,measured,measured
gerocity,gerobus,2,1,2,2026-08-11T21:15:17+00:00,2026-07-03T15:09:23+00:00,2026-08-07,2026-06-29,39,39,True,False,False,False,measured,measured
kanicity,satsukibus,6,5,6,2026-03-26T10:05:04+00:00,2024-01-17T10:42:00+00:00,2026-02-19,2023-12-18,794,798,True,True,True,False,measured,measured
hichisotown,choeibus,6,5,6,2026-03-25T17:28:44+00:00,2023-03-27T18:20:23+00:00,2026-04-01,2022-04-01,1461,1093,True,True,True,True,measured,measured
kaizucity,communitybus,13,12,13,2026-02-20T17:24:18+00:00,2023-03-29T09:11:49+00:00,2026-04-01,2021-04-01,1826,1059,True,True,True,True,measured,measured
ibigawatown,communitybus,8,7,8,2026-07-21T17:26:29+00:00,2023-03-13T12:35:01+00:00,2026-07-21,2022-09-12,1408,1226,True,True,True,True,measured,measured
kasamatsutown,communitybus,7,6,7,2026-09-25T18:02:16+00:00,2023-03-24T07:59:34+00:00,2026-09-24,2022-03-10,1659,1281,True,True,True,True,measured,measured
mitaketown,communitybus,10,9,10,2026-05-15T10:55:48+00:00,2023-03-30T04:18:04+00:00,2026-05-20,2020-12-24,1973,1142,True,True,True,True,measured,measured
mizunamicity,communitybus,8,7,8,2026-07-02T19:46:37+00:00,2023-03-18T17:54:52+00:00,2026-07-13,2022-08-18,1425,1202,True,True,True,True,measured,measured
kitaena,kitaena,13,12,13,2026-09-15T10:31:33+00:00,2024-05-01T21:32:56+00:00,2026-09-14,2024-04-01,896,866,True,True,True,False,measured,measured
nouhibus,nouhibus_kanko,5,4,5,2026-03-27T18:30:30+00:00,2023-06-13T16:18:38+00:00,2026-04-01,2023-06-13,1023,1018,True,True,True,False,measured,measured
nakatsugawacity,communitybus,13,12,13,2026-06-08T09:01:28+00:00,2023-03-20T11:39:48+00:00,2026-06-11,2020-05-01,2232,1175,True,True,True,True,measured,measured
nouhibus,takayama_shuyu,7,6,7,2026-03-27T18:20:10+00:00,2023-06-13T16:02:13+00:00,2026-04-01,2023-06-13,1023,1018,True,True,True,False,measured,measured
nouhibus,nouhibus,12,11,12,2026-03-27T18:03:21+00:00,2023-06-13T15:28:28+00:00,2026-04-01,2023-04-01,1096,1018,True,True,True,True,measured,measured
sekicity,itadorifureaibus,5,4,5,2026-03-27T13:50:02+00:00,2024-07-31T11:27:48+00:00,2026-04-01,2024-07-30,610,604,True,True,False,False,measured,measured
shirotori-kotsu,shirotorikotsu,5,4,5,2026-05-28T10:54:28+00:00,2025-08-07T08:48:41+00:00,2026-04-01,2025-02-04,421,294,True,True,False,False,measured,measured
takayamacity,takanego,6,5,6,2026-03-25T10:22:50+00:00,2024-03-28T14:11:46+00:00,2026-04-01,2024-03-22,740,726,True,True,True,False,measured,measured
takayamacity,noramaicar,13,12,13,2026-08-31T13:49:49+00:00,2023-08-21T15:19:01+00:00,2026-09-01,2023-07-21,1138,1105,True,True,True,True,measured,measured
tohtetsu,tohtetsu_ena,13,12,13,2026-09-07T18:37:00+00:00,2023-03-17T10:06:48+00:00,2026-09-05,2022-03-12,1638,1270,True,True,True,True,measured,measured
tohtetsu,tohtetsu_kani,1,0,1,2026-09-07T19:29:34+00:00,,2026-05-01,,,,False,False,False,False,effective_schedule_date_unavailable,measured
tokicity,communitybus,10,9,10,2026-01-21T15:51:35+00:00,2023-03-29T08:34:02+00:00,2026-02-01,2021-02-25,1802,1029,True,True,True,True,measured,measured
yaotsutown,communitybus,4,3,4,2026-03-26T17:32:25+00:00,2023-11-29T02:34:46+00:00,2026-04-01,2023-04-20,1077,848,True,True,True,False,measured,measured
kakegawacity,kakegawaosuka,3,2,3,2026-03-31T14:39:13+00:00,2024-05-15T16:15:14+00:00,2026-04-01,2024-04-01,730,684,True,True,True,False,measured,measured
shimadacity,shimada_combus,7,6,7,2026-08-12T15:26:50+00:00,2023-02-15T10:09:48+00:00,2026-04-01,2022-04-01,1461,1274,True,True,True,True,measured,measured
yaotsutown,yaobus,7,6,7,2026-07-22T17:53:26+00:00,2024-03-28T17:29:50+00:00,2026-07-22,2024-04-01,842,846,True,True,True,False,measured,measured
kakegawacity,kakegawa6,3,2,3,2026-06-26T11:17:42+00:00,2025-03-31T15:47:54+00:00,2026-07-01,2025-04-01,456,451,True,True,False,False,measured,measured
shizuokacity,yui-kanbara,3,2,3,2026-06-30T20:01:46+00:00,2024-03-29T22:19:09+00:00,2026-04-01,2024-04-01,730,822,True,True,True,False,measured,measured
shizuokacity,ryougouchi,3,2,3,2026-06-30T20:09:04+00:00,2024-03-29T22:17:05+00:00,2026-04-01,2024-04-01,730,822,True,True,True,False,measured,measured
shizuokacity,yui,3,2,3,2026-07-09T18:10:59+00:00,2024-03-29T22:20:21+00:00,2026-04-01,2024-04-01,730,831,True,True,True,False,measured,measured
shizuokacity,ikawa,3,2,3,2026-06-30T21:38:38+00:00,2024-03-29T22:15:14+00:00,2026-04-01,2024-04-01,730,822,True,True,True,False,measured,measured
amacity,amashijunkaibasu,1,0,1,2026-03-13T10:29:58+00:00,,2023-05-06,,,,False,False,False,False,effective_schedule_date_unavailable,measured
aichi-miyoshicity,sansanbus,1,0,3,2026-02-27T09:43:16+00:00,,2026-04-01,,,,False,False,False,False,effective_schedule_date_unavailable,measured
anjocity,AnkuruBus,8,7,9,2026-04-21T17:10:49+00:00,2023-10-02T08:59:00+00:00,2026-06-01,2023-10-01,974,932,True,True,True,False,measured,measured
chiryucity,communitybus,6,5,6,2025-12-24T09:30:59+00:00,2024-01-19T11:08:53+00:00,2025-12-23,2023-12-14,740,704,True,True,True,False,measured,measured
kariyacity,communitybus,9,8,9,2026-06-16T16:02:37+00:00,2023-05-05T21:51:42+00:00,2026-06-16,2019-12-04,2386,1137,True,True,True,True,measured,measured
gamagoricity,communitybus,1,0,1,2026-09-05T03:30:19+00:00,,2026-09-01,,,,False,False,False,False,effective_schedule_date_unavailable,measured
kitanagoyacity,communitybus,7,6,7,2026-07-17T17:39:40+00:00,2023-09-13T19:42:17+00:00,2026-07-27,2023-07-01,1122,1037,True,True,True,True,measured,measured
chitacity,chita-aiaibus,7,6,8,2026-03-04T16:38:13+00:00,2024-02-21T09:17:10+00:00,2026-03-03,2024-03-01,732,742,True,True,True,False,measured,measured
meikaijo,ship,1,0,1,2026-02-20T21:42:05+00:00,,2026-02-20,,,,False,False,False,False,effective_schedule_date_unavailable,measured
nishiocity,meitestu_tobu,12,11,12,2026-09-25T15:49:52+00:00,2023-03-22T14:52:18+00:00,2026-09-17,2022-04-01,1630,1283,True,True,True,True,measured,measured
nagakutecity,communitybus,3,2,3,2026-03-05T09:14:33+00:00,2024-06-06T18:15:57+00:00,2026-03-05,2024-04-03,701,636,True,True,False,False,measured,measured
nishiocity,rokumangokukururinbus,8,7,10,2026-03-17T08:41:44+00:00,2023-02-28T09:54:00+00:00,2026-04-01,2022-10-01,1278,1112,True,True,True,True,measured,measured
oguchitown,communitybus,1,0,1,2026-06-08T18:07:00+00:00,,2026-06-05,,,,False,False,False,False,effective_schedule_date_unavailable,measured
setocity,setocitybus,2,1,2,2026-03-31T21:59:03+00:00,2025-09-11T09:47:39+00:00,2026-04-01,2025-04-01,365,201,True,True,False,False,measured,measured
nisshincity,communitybus,13,12,13,2025-10-30T11:43:49+00:00,2024-11-28T19:45:26+00:00,2025-10-08,2024-12-01,311,335,True,False,False,False,measured,measured
owariasahicity,communitybus,6,5,6,2026-03-18T23:51:13+00:00,2024-07-02T18:14:37+00:00,2026-04-01,2024-01-01,821,624,True,True,True,False,measured,measured
taketoyotown,communitybus,8,7,10,2026-03-31T13:49:54+00:00,2023-03-29T03:11:57+00:00,2026-03-28,2019-10-01,2370,1098,True,True,True,True,measured,measured
tokonamecity,Gruun,4,3,5,2025-11-27T13:41:56+00:00,2024-03-25T17:23:54+00:00,2026-01-01,2024-04-01,640,611,True,True,False,False,measured,measured
shinshirocity,sbus,8,7,8,2026-08-31T09:49:57+00:00,2024-04-25T18:24:21+00:00,2026-09-01,2024-02-29,915,857,True,True,True,False,measured,measured
toyoakecity,himawaribus,3,2,3,2026-03-26T16:58:29+00:00,2024-05-09T16:14:57+00:00,2026-04-01,2024-04-01,730,686,True,True,True,False,measured,measured
busnet-tsu,guruttotsubus,4,3,4,2025-04-27T19:51:11+00:00,2023-03-28T21:33:40+00:00,2025-05-07,2022-02-06,1186,760,True,True,True,True,measured,measured
toyoyamatown,communitybus,9,8,9,2026-02-10T18:14:33+00:00,2023-03-18T14:28:36+00:00,2026-02-08,2019-10-01,2322,1060,True,True,True,True,measured,measured
toyotacity,kikanbus,13,12,13,2026-08-13T17:41:59+00:00,2024-03-01T15:19:32+00:00,2026-09-01,2024-04-01,883,895,True,True,True,False,measured,measured
toyotacity,chiikibus,13,12,13,2026-03-18T11:36:29+00:00,2023-03-29T02:28:22+00:00,2026-04-01,2021-03-01,1857,1085,True,True,True,True,measured,measured
isecity,numakibus,2,1,2,2025-08-19T14:23:48+00:00,2024-11-01T16:25:59+00:00,2025-08-19,2024-08-18,366,290,True,True,False,False,measured,measured
igacity,communitybus,11,10,11,2026-03-12T11:16:02+00:00,2023-04-07T04:36:56+00:00,2026-04-01,2021-04-13,1814,1070,True,True,True,True,measured,measured
inabecity,fukushibus,2,1,2,2026-03-26T20:20:56+00:00,2025-05-07T15:41:11+00:00,2026-04-01,2025-03-14,383,323,True,True,False,False,measured,measured
isecity,communitybus,13,12,13,2026-08-24T19:03:31+00:00,2023-03-11T23:41:29+00:00,2026-04-01,2020-09-01,2038,1261,True,True,True,True,measured,measured
isetetu,iserailway,1,0,1,2026-03-05T21:08:37+00:00,,2026-03-14,,,,False,False,False,False,effective_schedule_date_unavailable,measured
kawagoetown,fureaibus,2,1,2,2026-03-30T17:37:02+00:00,2025-06-16T09:19:48+00:00,2026-04-01,2025-06-16,289,287,True,False,False,False,measured,measured
kameyamacity,communitybus,8,7,8,2025-12-24T12:21:43+00:00,2023-03-30T04:56:01+00:00,2025-12-24,2020-12-03,1847,1000,True,True,True,True,measured,measured
kihotown,chominbus,4,3,4,2026-01-15T20:21:23+00:00,2023-03-30T18:34:51+00:00,2026-01-15,2023-02-12,1068,1022,True,True,True,False,measured,measured
kumanocity,shuyubus,4,3,4,2025-12-04T12:24:01+00:00,2023-04-07T05:02:51+00:00,2025-12-04,2022-03-30,1345,972,True,True,True,True,measured,measured
kisosakitown,communitybus,3,2,5,2025-09-16T10:41:38+00:00,2024-03-22T12:04:12+00:00,2025-10-01,2024-03-08,572,542,True,True,False,False,measured,measured
komonotown,communitybus,4,3,4,2026-08-24T19:05:39+00:00,2025-03-09T12:06:37+00:00,2026-04-01,2024-08-09,600,533,True,True,False,False,measured,measured
kumanocity,communitybus,8,7,8,2026-09-25T11:39:21+00:00,2023-04-07T04:55:05+00:00,2026-09-25,2021-05-31,1943,1267,True,True,True,True,measured,measured
mie-kotsu,sancoiga,1,0,13,2026-09-29T04:05:37+00:00,,2026-04-01,,,,False,False,False,False,effective_schedule_date_unavailable,measured
kuwanacity,communitybus,10,9,11,2026-06-09T15:41:05+00:00,2023-03-22T18:53:56+00:00,2026-06-03,2020-12-07,2004,1174,True,True,True,True,measured,measured
mie-kotsu,sancoinanki,2,1,13,2026-09-29T04:05:35+00:00,2026-08-11T04:05:40+00:00,2026-04-01,2026-04-01,0,48,True,False,False,False,measured,measured
mie-kotsu,sancochusei,2,1,13,2026-09-29T04:05:38+00:00,2026-08-11T04:05:45+00:00,2026-09-08,2026-04-01,160,48,True,False,False,False,measured,measured
mie-kotsu,sancomatsusaka,1,0,13,2026-09-29T04:05:37+00:00,,2026-06-01,,,,False,False,False,False,effective_schedule_date_unavailable,measured
mie-kotsu,sancoyokkaichi,1,0,13,2026-09-29T04:05:36+00:00,,2026-09-08,,,,False,False,False,False,effective_schedule_date_unavailable,measured
mie-kotsu,sancokuwana,1,0,13,2026-09-29T04:05:36+00:00,,2026-09-08,,,,False,False,False,False,effective_schedule_date_unavailable,measured
mie-kotsu,sancoshima,2,1,13,2026-09-29T04:05:36+00:00,2026-09-27T04:05:37+00:00,2026-09-08,2026-09-08,0,1,True,False,False,False,measured,measured
mie-meiwatown,chominbus,1,0,1,2026-03-27T19:32:57+00:00,,2026-04-01,,,,False,False,False,False,effective_schedule_date_unavailable,measured
minamiisetown,choeibus,13,12,13,2026-09-20T04:35:18+00:00,2023-03-20T20:35:13+00:00,2026-09-20,2021-10-07,1809,1279,True,True,True,True,measured,measured
nabaricity,communitybus,13,12,13,2026-03-09T14:06:06+00:00,2023-03-20T21:24:43+00:00,2026-04-01,2021-05-20,1777,1084,True,True,True,True,measured,measured
mie-kotsu,sancoise,1,0,13,2026-09-29T04:05:38+00:00,,2026-09-01,,,,False,False,False,False,effective_schedule_date_unavailable,measured
seikatsubus-yokkaichi,sbusyokkaichi,3,2,5,2026-03-30T15:32:50+00:00,2023-03-06T21:10:03+00:00,2026-04-01,2022-08-02,1338,1119,True,True,True,True,measured,measured
owasecity,fureaibus,1,0,1,2026-02-02T17:57:11+00:00,,2026-02-02,,,,False,False,False,False,effective_schedule_date_unavailable,measured
shimacity,anori,1,0,1,2026-06-26T17:42:03+00:00,,2026-06-07,,,,False,False,False,False,effective_schedule_date_unavailable,measured
odaitown,choeibus,6,5,6,2026-08-12T11:50:23+00:00,2024-01-30T15:31:11+00:00,2026-08-11,2024-01-28,926,924,True,True,True,False,measured,measured
takitown,choeibus,4,3,4,2025-12-10T01:19:18+00:00,2024-02-07T08:49:46+00:00,2025-12-10,2024-02-01,678,671,True,True,False,False,measured,measured
tobacity,teikisen,1,0,1,2026-03-28T13:38:57+00:00,,2026-04-01,,,,False,False,False,False,effective_schedule_date_unavailable,measured
suzukacity,communitybus,1,0,1,2026-09-23T06:47:03+00:00,,2026-09-15,,,,False,False,False,False,effective_schedule_date_unavailable,measured
tobacity,communitybus,9,8,9,2026-08-21T09:07:27+00:00,2023-03-19T13:27:29+00:00,2026-09-01,2021-04-16,1964,1250,True,True,True,True,measured,measured
tointown,communitybus,5,4,5,2026-07-14T16:36:05+00:00,2023-09-12T17:20:30+00:00,2026-07-14,2023-09-05,1043,1035,True,True,True,False,measured,measured
yokkaichicity,communitybus,3,2,5,2025-12-03T10:48:38+00:00,2024-11-01T15:14:46+00:00,2025-12-01,2024-11-06,390,396,True,True,False,False,measured,measured
tsu-airportline,airportline,1,0,1,2026-08-12T17:07:27+00:00,,2026-08-16,,,,False,False,False,False,effective_schedule_date_unavailable,measured
wataraitown,choeibus,9,8,9,2026-03-27T11:18:49+00:00,2023-03-25T13:03:16+00:00,2026-04-01,2019-05-10,2518,1097,True,True,True,True,measured,measured
kusatsucity,kusatsusimamebus,3,2,3,2026-06-11T15:37:59+00:00,2024-05-27T13:58:30+00:00,2026-03-01,2024-04-01,699,745,True,True,False,False,measured,measured
moriyamacity,kuruttobus,3,2,3,2026-06-11T11:03:30+00:00,2024-05-27T14:04:45+00:00,2026-06-04,2024-04-09,786,744,True,True,True,False,measured,measured
kokacity,sinaicommunitybus,3,2,3,2026-05-27T11:45:56+00:00,2024-05-15T14:38:56+00:00,2026-04-01,2024-04-01,730,741,True,True,True,False,measured,measured
higashiomicity,higasiohmisicommunitybus,3,2,3,2025-03-31T16:11:13+00:00,2024-05-27T11:30:00+00:00,2025-04-01,2024-04-01,365,308,True,True,False,False,measured,measured
nagahamacity,nishiazaiodekakewagon,3,2,3,2026-05-28T09:34:40+00:00,2024-05-20T17:03:04+00:00,2026-05-21,2024-02-09,832,737,True,True,True,False,measured,measured
omihachimancity,akakonbus,3,2,3,2025-09-10T08:48:27+00:00,2025-05-14T14:40:41+00:00,2025-08-28,2025-05-01,119,118,True,False,False,False,measured,measured
shiga-hinotown,choueibus,4,3,4,2026-05-19T15:54:39+00:00,2024-03-06T10:16:59+00:00,2026-04-01,2024-02-26,765,804,True,True,True,False,measured,measured
shiga-konancity,konansimegurukun,3,2,3,2026-05-19T15:11:41+00:00,2024-07-30T16:53:33+00:00,2026-04-01,2024-07-10,630,657,True,True,False,False,measured,measured
yasucity,onoriyasu,3,2,3,2026-05-27T11:27:20+00:00,2024-09-09T16:40:52+00:00,2026-04-01,2024-08-08,601,624,True,True,False,False,measured,measured
akashicity,tacobustacobusmini,6,5,6,2026-03-03T17:08:02+00:00,2022-12-03T15:42:54+00:00,2026-04-01,2021-09-01,1673,1186,True,True,True,True,measured,measured
shinkikanko,limonbus,7,6,9,2026-03-27T14:50:09+00:00,2025-02-20T18:08:54+00:00,2026-04-01,2025-01-27,429,399,True,True,False,False,measured,measured
takashimacity,takasimasicommunitybus,6,5,6,2026-05-13T09:15:24+00:00,2024-05-27T10:05:12+00:00,2026-03-30,2024-04-01,728,715,True,True,False,False,measured,measured
akocity,yuranosuke,6,5,7,2026-03-26T11:02:10+00:00,2022-12-03T20:59:51+00:00,2026-04-01,2021-04-01,1826,1208,True,True,True,True,measured,measured
awajicity,awajinawahimebus,9,8,9,2026-03-26T17:03:57+00:00,2022-12-03T22:24:03+00:00,2026-03-12,2021-12-15,1548,1208,True,True,True,True,measured,measured
akocity,teijuurou,4,3,4,2026-03-26T10:59:53+00:00,2024-10-16T23:36:10+00:00,2026-04-01,2024-04-01,730,525,True,True,True,False,measured,measured
awajicity,awaji-jenova-line-akashi-iwaya,1,0,1,2026-04-03T15:36:03+00:00,,2026-02-01,,,,False,False,False,False,effective_schedule_date_unavailable,measured
ichikawatown,communitybus,8,7,8,2026-04-29T19:41:08+00:00,2022-12-03T16:27:07+00:00,2026-05-01,2021-04-01,1856,1243,True,True,True,True,measured,measured
hyogo-kamikawatown,communitybus,6,5,7,2026-08-18T11:49:08+00:00,2022-12-03T22:37:14+00:00,2026-07-01,2022-01-01,1642,1353,True,True,True,True,measured,measured
hyogo-ono,ranranbus,8,7,8,2026-03-26T15:25:19+00:00,2022-12-03T22:58:31+00:00,2026-04-01,2022-02-01,1520,1208,True,True,True,True,measured,measured
fukusakitown,junkai-fukuhime-fukusakikasairenkei,8,7,8,2026-03-31T15:32:43+00:00,2022-12-03T22:41:28+00:00,2026-04-01,2021-09-01,1673,1213,True,True,True,True,measured,measured
kasaicity,unifureaitomi,3,2,3,2026-04-09T16:10:29+00:00,2025-03-14T12:57:59+00:00,2026-04-01,2024-11-14,503,391,True,True,False,False,measured,measured
kasaicity,kasaineppihappybus,9,8,9,2026-04-09T16:09:44+00:00,2022-12-03T16:12:59+00:00,2026-04-01,2021-04-01,1826,1222,True,True,True,True,measured,measured
kakogawacity,kakobuskakobusmini,11,10,12,2026-09-07T00:01:12+00:00,2022-12-03T15:51:38+00:00,2026-09-15,2021-12-01,1749,1373,True,True,True,True,measured,measured
kamigoritown,ainorigo,7,6,8,2025-10-16T14:13:15+00:00,2022-12-03T21:12:39+00:00,2025-11-01,2021-09-01,1522,1047,True,True,True,True,measured,measured
nishinomiyacity,najio-ikunokogen,3,2,3,2026-05-25T14:37:12+00:00,2024-03-21T09:32:05+00:00,2026-04-01,2024-04-01,730,795,True,True,True,False,measured,measured
kobecity,kobe-satoyama,1,0,1,2026-03-07T13:43:06+00:00,,2026-03-02,,,,False,False,False,False,effective_schedule_date_unavailable,measured
minamiawajicity,lanrunbus,5,4,7,2026-04-02T15:58:23+00:00,2022-12-03T22:18:04+00:00,2026-04-01,2021-06-01,1765,1215,True,True,True,True,measured,measured
nishinomiyacity,sakurayamanami,7,6,7,2025-11-28T18:00:02+00:00,2022-12-01T17:14:03+00:00,2025-09-01,2021-03-01,1645,1093,True,True,True,True,measured,measured
nishiwakicity,loopbus-orihimebus,7,6,7,2026-03-26T17:05:31+00:00,2022-12-03T22:52:40+00:00,2026-04-01,2021-12-01,1582,1208,True,True,True,True,measured,measured
nishinomiyacity,guruttonamaze,7,6,7,2026-02-05T22:58:35+00:00,2022-12-01T17:12:37+00:00,2026-04-01,2021-04-01,1826,1162,True,True,True,True,measured,measured
sayotown,communitybus,6,5,6,2026-04-29T19:42:20+00:00,2022-12-03T21:21:53+00:00,2026-05-01,2021-09-01,1703,1242,True,True,True,True,measured,measured
nishinomiyacity,koyoen,1,0,1,2026-03-04T21:29:38+00:00,,2026-03-02,,,,False,False,False,False,effective_schedule_date_unavailable,measured
takarazukacity,runrunbus,7,6,7,2026-03-31T15:29:46+00:00,2022-12-03T22:45:07+00:00,2026-05-01,2022-06-01,1430,1213,True,True,True,True,measured,measured
shinonsentown,yumetsubame,5,4,6,2026-05-25T14:39:30+00:00,2022-12-03T23:08:41+00:00,2026-04-01,2022-01-01,1551,1268,True,True,True,True,measured,measured
shisocity,shitanbus,4,3,4,2026-03-09T13:29:41+00:00,2022-12-03T21:04:20+00:00,2026-04-01,2021-03-18,1840,1191,True,True,True,True,measured,measured
shisocity,shitanbus-wingshinki,5,4,5,2026-03-09T13:28:17+00:00,2024-12-11T15:13:32+00:00,2026-04-01,2024-12-06,481,452,True,True,False,False,measured,measured
toyookacity,kobus,6,5,7,2026-03-09T14:17:09+00:00,2022-12-03T21:35:57+00:00,2026-04-01,2021-04-01,1826,1191,True,True,True,True,measured,measured
yamatokoriyamacity,kingyobus,2,1,2,2026-02-02T11:18:36+00:00,2025-07-29T10:53:39+00:00,2026-04-01,2025-07-14,261,188,True,False,False,False,measured,measured
toyookacity,inacar,8,7,8,2026-03-09T14:20:43+00:00,2022-12-03T21:27:44+00:00,2026-04-01,2021-04-01,1826,1191,True,True,True,True,measured,measured
tatsunocity,communitybus,7,6,7,2026-03-17T21:46:17+00:00,2022-12-03T18:50:54+00:00,2026-04-01,2021-09-01,1673,1200,True,True,True,True,measured,measured
iwadecity,junkaibus,3,2,5,2026-07-07T18:13:53+00:00,2023-09-27T08:12:07+00:00,2026-07-07,2023-09-22,1019,1014,True,True,True,False,measured,measured
katsuragitown,community-bus,2,1,2,2026-05-18T15:17:28+00:00,2026-03-04T13:49:40+00:00,2026-05-18,2025-06-04,348,75,True,False,False,False,measured,measured
aridagawatown,aridagawatownbus,5,4,5,2026-03-28T12:44:43+00:00,2023-07-24T16:44:30+00:00,2026-03-28,2023-07-24,978,977,True,True,True,False,measured,measured
chukibus,chukibus,4,3,4,2026-09-17T13:43:09+00:00,2024-04-02T15:50:56+00:00,2026-09-20,2024-04-01,902,897,True,True,True,False,measured,measured
kushimoto,bus-kushimotokankoshuyu-wakayama-jp,4,3,8,2026-09-28T12:00:13+00:00,2023-09-19T16:17:42+00:00,2026-09-28,2023-09-02,1122,1104,True,True,True,True,measured,measured
kumanogobobus,kumanogobobus_kumano,13,12,13,2026-04-01T15:55:00+00:00,2023-09-15T11:54:39+00:00,2026-04-01,2023-10-01,913,929,True,True,True,False,measured,measured
kinokawacity,kinokawa_bus,6,5,6,2026-07-03T18:25:20+00:00,2024-04-01T10:23:46+00:00,2026-07-03,2024-03-22,833,823,True,True,True,False,measured,measured
kumanogobobus,kumanogobobus_gobo,9,8,9,2025-10-01T09:20:43+00:00,2023-07-22T15:26:53+00:00,2025-10-01,2023-06-02,852,801,True,True,True,False,measured,measured
rinkan,koyasan,13,12,13,2026-04-23T22:09:06+00:00,2023-10-02T20:06:21+00:00,2026-04-23,2020-09-11,2050,934,True,True,True,True,measured,measured
rinkan,hashimoto-rinkandenentoshi,5,4,5,2026-03-25T18:29:02+00:00,2023-10-13T13:54:05+00:00,2026-03-28,2023-10-11,899,894,True,True,True,False,measured,measured
ryujinbus,ryujinbus,13,12,13,2026-09-14T07:09:46+00:00,2024-02-16T11:36:25+00:00,2026-09-19,2024-02-16,946,940,True,True,True,False,measured,measured
meikobus,meikobus,13,12,13,2026-09-14T07:33:51+00:00,2025-09-24T20:09:42+00:00,2026-09-07,2025-09-24,348,354,True,False,False,False,measured,measured
hayashimatown,hayashimatowncommunitybus,6,5,6,2026-03-06T14:59:13+00:00,2023-03-03T10:46:14+00:00,2026-04-01,2022-11-28,1220,1099,True,True,True,True,measured,measured
masudacity,noriai,3,2,3,2025-12-18T13:54:02+00:00,2025-10-30T11:28:27+00:00,2026-01-01,2025-10-05,88,49,True,False,False,False,measured,measured
tanabecity,Jumin-Bus,1,0,1,2026-06-01T18:23:20+00:00,,2026-05-31,,,,False,False,False,False,effective_schedule_date_unavailable,measured
hokushin-bus,ibaraaiaibus,1,0,1,2026-05-13T15:10:00+00:00,,2026-05-13,,,,False,False,False,False,effective_schedule_date_unavailable,measured
nagitown,nagibus,3,2,3,2026-03-05T12:23:11+00:00,2024-08-26T14:23:34+00:00,2026-03-02,2022-03-30,1433,555,True,True,True,True,measured,measured
kagaminotown,kagaminotownbus,8,7,8,2026-03-18T14:34:07+00:00,2023-09-14T04:01:27+00:00,2026-04-01,2023-08-10,965,916,True,True,True,False,measured,measured
maniwacity,maniwakun,3,2,3,2026-03-13T10:57:12+00:00,2024-06-27T17:01:20+00:00,2026-04-01,2024-04-01,730,623,True,True,True,False,measured,measured
hokushin-bus,hokushinbus,1,0,1,2026-03-09T08:59:39+00:00,,2026-03-09,,,,False,False,False,False,effective_schedule_date_unavailable,measured
setouchicity,setouchicitykankobus,1,0,1,2026-08-07T09:07:10+00:00,,2026-08-01,,,,False,False,False,False,effective_schedule_date_unavailable,measured
niimicity,niimishieibus,5,4,5,2026-06-30T18:03:06+00:00,2024-11-29T17:24:04+00:00,2026-06-30,2024-11-29,578,578,True,True,False,False,measured,measured
shootown,shoochofureaibus,4,3,4,2026-09-11T14:08:44+00:00,2023-02-24T10:02:37+00:00,2026-09-11,2023-02-06,1313,1295,True,True,True,True,measured,measured
setouchicity,setouchicitybus,2,1,2,2026-03-31T10:03:31+00:00,2025-05-02T09:58:31+00:00,2026-04-01,2025-04-01,365,333,True,True,False,False,measured,measured
kaiyotown,kaiyotownbus,2,1,2,2026-03-10T14:38:25+00:00,2025-10-17T15:18:15+00:00,2026-04-01,2025-02-03,422,143,True,True,False,False,measured,measured
asatetu,asakaigantetsudo,7,6,7,2026-06-11T15:31:22+00:00,2023-02-21T08:18:26+00:00,2026-06-11,2022-12-23,1266,1206,True,True,True,True,measured,measured
kitajimatown,kitajimatownfukushibus,6,5,6,2026-02-19T13:12:35+00:00,2023-02-21T08:32:45+00:00,2026-02-19,2022-04-01,1420,1094,True,True,True,True,measured,measured
higashimiyoshitown,higashimiyoshitownbus,1,0,1,2026-03-11T10:04:54+00:00,,2026-03-11,,,,False,False,False,False,effective_schedule_date_unavailable,measured
matsushigetown,matsushigetownbus,7,6,7,2026-06-11T12:01:08+00:00,2023-02-21T08:33:52+00:00,2026-06-01,2022-12-01,1278,1206,True,True,True,True,measured,measured
narutocity,narutocitytosen,1,0,1,2026-04-14T14:44:05+00:00,,2026-04-07,,,,False,False,False,False,effective_schedule_date_unavailable,measured
nakatown,nakatownbus,4,3,4,2026-05-13T17:26:04+00:00,2023-02-21T08:39:53+00:00,2026-04-30,2022-04-05,1486,1177,True,True,True,True,measured,measured
narutocity,narutocitychiikibus,4,3,4,2026-04-14T14:38:31+00:00,2023-02-21T08:44:47+00:00,2026-04-07,2022-04-29,1439,1148,True,True,True,True,measured,measured
tokushima-shiei,tokushimacitybus,8,7,8,2026-03-27T11:42:43+00:00,2023-02-21T11:02:05+00:00,2026-04-01,2022-04-01,1461,1130,True,True,True,True,measured,measured
tokushimacity,kamihachimanbus,4,3,5,2026-03-11T09:38:05+00:00,2023-03-13T12:00:13+00:00,2026-04-01,2022-06-24,1377,1093,True,True,True,True,measured,measured
tokushima-miyoshicity,miyoshicitybus,7,6,7,2026-03-23T14:02:46+00:00,2023-02-21T08:42:25+00:00,2026-04-01,2022-04-01,1461,1126,True,True,True,True,measured,measured
tokubus-nanbu,tokushimabusnanbu,5,4,6,2025-10-06T12:40:12+00:00,2023-02-21T08:13:32+00:00,2025-10-01,2023-01-14,991,958,True,True,True,False,measured,measured
tokushimacity,oujinfureaibus,6,5,6,2026-03-30T09:58:34+00:00,2023-02-21T08:47:22+00:00,2026-04-01,2022-03-17,1476,1133,True,True,True,True,measured,measured
tsurugitown,tsurugitownbus,5,4,5,2026-03-04T15:21:13+00:00,2023-02-21T08:31:27+00:00,2026-04-01,2022-04-01,1461,1107,True,True,True,True,measured,measured
yoshinogawacity,yoshinogawacitybus,5,4,5,2026-03-16T10:54:19+00:00,2023-02-21T08:43:21+00:00,2026-04-01,2022-03-30,1463,1119,True,True,True,True,measured,measured
kanonjicity,kanonjishi-noriaibus,2,1,2,2026-03-26T16:21:05+00:00,2025-03-07T10:02:45+00:00,2026-04-01,2025-01-06,450,384,True,True,False,False,measured,measured
kotosan,sakaide-local,1,0,1,2026-03-02T13:36:26+00:00,,2026-03-02,,,,False,False,False,False,effective_schedule_date_unavailable,measured
kotosan,kotohira-local,2,1,2,2026-02-26T21:54:34+00:00,2024-10-15T10:46:16+00:00,2025-10-01,2024-10-01,365,499,True,True,False,False,measured,measured
kotosan,marugame-community,2,1,2,2026-02-26T21:54:20+00:00,2024-10-04T08:44:43+00:00,2025-10-01,2024-10-01,365,510,True,True,False,False,measured,measured
mitoyocity,mitoyocommunitybus,3,2,3,2026-04-23T16:29:42+00:00,2024-05-13T09:39:28+00:00,2026-04-01,2024-05-10,691,710,True,True,False,False,measured,measured
geiseivillage,GTFS-Geiseivill_Bus,3,2,3,2026-02-20T10:57:53+00:00,2024-11-11T14:03:03+00:00,2026-03-01,2024-04-01,699,465,True,True,False,False,measured,measured
inotown,GTFS-Inotown_Loopbus,4,3,4,2026-03-17T22:24:45+00:00,2024-11-11T14:07:44+00:00,2026-03-01,2024-10-02,515,491,True,True,False,False,measured,measured
seisan-kanko,seisankanko_limousine,12,11,13,2026-08-28T13:58:09+00:00,2023-08-10T21:17:28+00:00,2026-08-27,2023-03-26,1250,1113,True,True,True,True,measured,measured
naoshimatown,naoshima,10,9,10,2026-08-27T14:16:13+00:00,2025-03-27T17:20:02+00:00,2026-08-23,2025-04-01,509,517,True,True,False,False,measured,measured
kochi-seinan-kotsu,GTFS-Seinantraffic_Shimaashi,4,3,4,2026-03-17T10:39:21+00:00,2024-11-11T13:02:11+00:00,2026-04-01,2024-04-01,730,490,True,True,True,False,measured,measured
inotown,GTFS-Inotown_HongawaArea,1,0,1,2025-07-04T09:31:24+00:00,,2025-07-01,,,,False,False,False,False,effective_schedule_date_unavailable,measured
kitagawavillage,GTFS-Kitagawavill_Bus,3,2,3,2026-03-19T16:22:35+00:00,2024-11-21T17:12:58+00:00,2026-04-01,2024-11-01,516,482,True,True,False,False,measured,measured
kochi-seinan-kotsu,GTFS-Seinan_Expressbus,3,2,4,2026-06-24T11:17:52+00:00,2024-11-11T13:02:00+00:00,2026-06-01,2024-07-01,700,589,True,True,False,False,measured,measured
kochi-suzakicity,GTFS-Susakicity_Ferry,1,0,1,2025-12-02T08:37:28+00:00,,2025-12-01,,,,False,False,False,False,effective_schedule_date_unavailable,measured
kochi-seinan-kotsu,GTFS-Seinantraffic_Akamego,5,4,5,2026-03-17T10:57:42+00:00,2024-11-11T13:01:54+00:00,2026-04-01,2024-04-01,730,490,True,True,True,False,measured,measured
kochi-seinan-kotsu,GTFS-Seinantraffic_Riverbus,5,4,5,2026-03-17T10:42:13+00:00,2024-11-11T13:02:05+00:00,2026-04-01,2024-04-01,730,490,True,True,True,False,measured,measured
kochi-tsunotown,GTFS-Tsunotown_Bus,8,7,8,2026-06-16T15:51:09+00:00,2024-11-11T14:10:44+00:00,2026-06-04,2024-10-01,611,582,True,True,False,False,measured,measured
kochi_pref,GTFS-Kochipref_Ferry,1,0,1,2026-02-09T08:58:32+00:00,,2026-02-01,,,,False,False,False,False,effective_schedule_date_unavailable,measured
kochiap,GTFS-KochIAP_AirportShare,1,0,1,2026-02-20T14:59:51+00:00,,2026-04-01,,,,False,False,False,False,effective_schedule_date_unavailable,measured
miharavillage,GTFS-Miharavill_Bus,4,3,4,2025-12-02T08:35:12+00:00,2024-11-11T14:15:27+00:00,2025-11-01,2024-10-16,381,385,True,True,False,False,measured,measured
kuroiwa-kanko,GTFS-Kuroiwakanko_Localbus,10,9,10,2026-09-15T22:17:46+00:00,2024-11-11T13:11:50+00:00,2026-09-01,2024-07-01,792,673,True,True,True,False,measured,measured
nangokucity,GTFS-Nankokucity_AirportShare,1,0,1,2025-10-07T16:19:46+00:00,,2025-10-01,,,,False,False,False,False,effective_schedule_date_unavailable,measured
otsukitown,GTFS-Otsukitown_Bus,3,2,3,2026-02-20T09:41:23+00:00,2024-11-11T14:15:07+00:00,2026-02-20,2024-04-01,690,465,True,True,False,False,measured,measured
nakatosatown,GTFS-Nakatosatown_Bus,3,2,3,2026-02-05T15:50:59+00:00,2024-11-11T15:08:41+00:00,2026-04-01,2024-10-01,547,451,True,True,False,False,measured,measured
niyodogawatown,GTFS-Niyodogawatown_Townsbus,8,7,8,2026-06-25T14:44:52+00:00,2024-11-11T14:07:57+00:00,2026-07-01,2024-07-16,715,591,True,True,False,False,measured,measured
sakawatown,GTFS-Sakawatown_Bus,5,4,5,2026-02-05T16:17:29+00:00,2024-11-11T14:10:35+00:00,2026-03-16,2024-10-01,531,451,True,True,False,False,measured,measured
sukumocity,GTFS-Sukumocity_Yururinbus,3,2,3,2026-03-28T20:23:06+00:00,2024-11-11T13:45:08+00:00,2026-04-01,2024-07-01,639,502,True,True,False,False,measured,measured
shimantocity,GTFS-Shimantocity_Bus,4,3,4,2026-06-01T08:36:44+00:00,2024-11-11T13:51:37+00:00,2026-05-15,2024-10-01,591,566,True,True,False,False,measured,measured
shimantotown,GTFS-Shimantotown_Bus,3,2,4,2026-02-13T09:35:26+00:00,2024-11-11T14:15:46+00:00,2026-03-02,2024-10-01,517,458,True,True,False,False,measured,measured
tanotown,GTFS-Tanotown_Bus,3,2,3,2026-07-22T10:07:00+00:00,2024-11-11T14:02:48+00:00,2026-09-01,2024-10-01,700,617,True,True,False,False,measured,measured
sukumocity,GTFS-Sukumocity_Ferry,1,0,1,2026-07-27T09:19:44+00:00,,2026-08-01,,,,False,False,False,False,effective_schedule_date_unavailable,measured
sukumocity,GTFS-Sukumocity_Hanabus,4,3,6,2026-03-19T16:25:27+00:00,2024-11-11T13:44:54+00:00,2026-04-01,2024-04-01,730,493,True,True,True,False,measured,measured
tosaden-kotsu,GTFS-Tosadentraffic_Streetcar,1,0,1,2026-09-28T04:05:45+00:00,,2026-08-01,,,,False,False,False,False,effective_schedule_date_unavailable,measured
yasudatown,GTFS-Yasudatown_Bus,3,2,3,2026-07-22T10:06:08+00:00,2024-11-11T14:02:55+00:00,2026-09-01,2024-10-01,700,617,True,True,False,False,measured,measured
ashiyatown,AshiyaTownBus,2,1,2,2026-02-07T19:42:51+00:00,2026-02-07T12:55:53+00:00,2026-03-28,2024-03-16,742,0,True,True,True,False,measured,measured
amagikankobus,AmagiKankoBus,1,0,1,2026-08-31T16:41:25+00:00,,2026-04-01,,,,False,False,False,False,effective_schedule_date_unavailable,measured
buzencity,BuzenCityBus,2,1,2,2026-03-08T17:37:27+00:00,2025-02-20T16:51:57+00:00,2026-04-01,2024-03-01,761,381,True,True,True,False,measured,measured
fukuoka-kawasakitown,KawasakiTownFureaiBus,2,1,2,2026-02-19T15:23:16+00:00,2025-09-19T08:05:45+00:00,2025-10-01,2024-03-01,579,153,True,True,False,False,measured,measured
chikugocity,HainuzukaStationAreaLoopBus,2,1,2,2026-09-01T17:34:51+00:00,2025-12-27T21:31:29+00:00,2026-04-01,2025-10-01,182,247,True,False,False,False,measured,measured
dazaifucity,DazaifuCityCommunityBus,1,0,1,2026-02-20T10:39:39+00:00,,2025-09-29,,,,False,False,False,False,effective_schedule_date_unavailable,measured
chikujotown,ChikujoTownCommunityBus,3,2,3,2026-03-04T13:20:43+00:00,2025-10-20T14:04:02+00:00,2026-04-01,2025-04-01,365,134,True,True,False,False,measured,measured
fukuokacity,ImajukuMeinohamaLine,1,0,1,2026-04-07T10:23:31+00:00,,2025-04-01,,,,False,False,False,False,effective_schedule_date_unavailable,measured
fukuoka-kogacity,KogaBus,4,3,4,2026-05-31T12:05:01+00:00,2024-10-09T13:10:52+00:00,2026-06-01,2020-04-01,2252,598,True,True,True,True,measured,measured
hisayamatown,HisayamaIkoBus,3,2,3,2026-04-08T20:24:15+00:00,2025-03-17T11:32:43+00:00,2026-03-21,2024-03-23,728,387,True,True,False,False,measured,measured
fukutsucity,minibus,4,3,4,2026-02-17T12:12:57+00:00,2024-05-10T13:15:19+00:00,2026-04-01,2024-05-10,691,647,True,True,False,False,measured,measured
kasugacity,yayoi_kasuga,1,0,1,2026-06-25T02:32:58+00:00,,2026-04-14,,,,False,False,False,False,effective_schedule_date_unavailable,measured
kitakyushucity,tsunemi-kitaku,5,4,5,2026-03-21T10:29:55+00:00,2023-12-21T15:02:44+00:00,2026-04-01,2023-04-01,1096,820,True,True,True,True,measured,measured
kandatown,KandaTownCommunityBus,2,1,2,2026-03-07T16:11:36+00:00,2025-02-19T08:20:40+00:00,2026-04-01,2022-10-01,1278,381,True,True,True,True,measured,measured
kamacity,KamaCityBus,4,3,4,2026-03-14T21:40:29+00:00,2024-03-13T13:18:13+00:00,2026-04-01,2024-04-01,730,731,True,True,True,False,measured,measured
kitakyushucity,okura,5,4,5,2026-03-20T20:01:58+00:00,2023-12-21T15:02:10+00:00,2026-04-01,2023-04-01,1096,820,True,True,True,True,measured,measured
kitakyushucity,koyanose-kusubashi-hoshigaoka,5,4,5,2026-03-21T10:44:53+00:00,2023-12-21T15:01:47+00:00,2026-03-21,2023-04-01,1085,820,True,True,True,False,measured,measured
kitakyushucity,higashitani,5,4,5,2026-03-20T18:55:26+00:00,2023-12-21T15:01:39+00:00,2026-04-01,2023-10-01,913,820,True,True,True,False,measured,measured
kitakyushucity,oma-dobaru,6,5,6,2026-03-20T17:54:26+00:00,2023-12-21T15:02:26+00:00,2026-04-01,2023-04-01,1096,820,True,True,True,True,measured,measured
kitakyushucity,tashiro-kawachi,5,4,5,2026-03-23T14:29:31+00:00,2023-12-21T15:02:01+00:00,2026-04-01,2023-04-01,1096,822,True,True,True,True,measured,measured
kitakyushucity,edamitsu,8,7,8,2026-08-12T23:15:38+00:00,2023-12-21T15:01:27+00:00,2026-08-06,2023-11-15,995,965,True,True,True,False,measured,measured
kitakyushucity,hiraodai,4,3,4,2026-03-20T19:21:22+00:00,2023-12-21T15:02:36+00:00,2026-03-20,2023-04-01,1084,820,True,True,True,False,measured,measured
kuratetown,KurateTownSmileBusMiyawakaLine,1,0,1,2026-04-08T17:38:59+00:00,,2026-04-01,,,,False,False,False,False,effective_schedule_date_unavailable,measured
miyawakacity,MiyawakaMunakataLine,1,0,1,2026-03-24T17:51:31+00:00,,2025-04-01,,,,False,False,False,False,effective_schedule_date_unavailable,measured
miyamacity,MiyamaCityCommunityBus,3,2,3,2026-02-18T13:20:12+00:00,2024-04-07T12:52:22+00:00,2026-03-02,2024-03-01,731,682,True,True,True,False,measured,measured
mizumakitown,MizumakiTownBus,1,0,1,2026-08-12T20:01:36+00:00,,2026-04-01,,,,False,False,False,False,effective_schedule_date_unavailable,measured
munakatacity,MunakataCityCommunityBus,2,1,2,2026-03-20T19:54:33+00:00,2026-03-31T07:48:17+00:00,2026-04-06,2022-03-07,1491,-11,True,True,True,True,measured,measured
munakatacity,MunakataCityOshimaFerry,1,0,1,2026-03-06T10:46:56+00:00,,2022-04-01,,,,False,False,False,False,effective_schedule_date_unavailable,measured
munakatacity,MunakataCityJinoshimaFerry,1,0,1,2026-03-06T10:52:59+00:00,,2022-04-01,,,,False,False,False,False,effective_schedule_date_unavailable,measured
ongatown,OngaTownCommunityBus,3,2,3,2026-03-06T19:11:02+00:00,2025-09-29T13:56:49+00:00,2026-03-14,2022-09-23,1268,158,True,True,True,True,measured,measured
munakatacity,MiyawakaMunakataLine,3,2,3,2026-09-20T15:47:56+00:00,2025-07-30T21:13:02+00:00,2026-04-01,2025-04-01,365,416,True,True,False,False,measured,measured
shingutown,TownFerryShingu,1,0,1,2026-02-20T19:25:44+00:00,,2026-03-01,,,,False,False,False,False,effective_schedule_date_unavailable,measured
suetown,SueTownCommunityBus,3,2,3,2026-02-18T17:38:53+00:00,2025-02-25T11:56:38+00:00,2026-04-01,2022-02-01,1520,358,True,True,True,True,measured,measured
shingutown,ShinguTownCommunityBus,4,3,4,2026-05-09T16:43:06+00:00,2024-02-27T14:42:23+00:00,2026-03-01,2024-03-01,730,802,True,True,True,False,measured,measured
soedatown,soedamachibus,9,8,9,2026-03-06T17:29:02+00:00,2024-05-24T14:18:05+00:00,2026-04-01,2024-05-24,677,651,True,True,False,False,measured,measured
kumamoto-shiden,kumamotoshiden,1,0,1,2025-05-27T10:32:37+00:00,,2025-06-01,,,,False,False,False,False,effective_schedule_date_unavailable,measured
imaricity,imarinbus,1,0,1,2026-03-18T13:24:09+00:00,,2026-04-01,,,,False,False,False,False,effective_schedule_date_unavailable,measured
kuma-bus,kuma-bus,2,1,13,2026-09-29T04:05:44+00:00,2026-09-24T04:05:42+00:00,2026-08-31,2026-08-31,0,5,True,False,False,False,measured,measured
taiyo-koutu,taiyo-koutu,1,0,1,2026-05-15T17:24:03+00:00,,2026-04-01,,,,False,False,False,False,effective_schedule_date_unavailable,measured
kumamotodentetsu,kumamotodentetsu,1,0,1,2026-08-26T22:43:42+00:00,,2026-05-11,,,,False,False,False,False,effective_schedule_date_unavailable,measured
kumamoto-toshibus,kumamoto-toshibus,1,0,13,2026-09-29T04:05:45+00:00,,2026-06-06,,,,False,False,False,False,effective_schedule_date_unavailable,measured
kumamotodentetsu,kumamotodentetsu-bus,1,0,13,2026-09-29T04:05:43+00:00,,2026-09-01,,,,False,False,False,False,effective_schedule_date_unavailable,measured
sankobus,sankobus,2,1,13,2026-09-29T04:05:58+00:00,2026-09-28T04:05:51+00:00,2026-08-13,2026-08-13,0,1,True,False,False,False,measured,measured
nakatsucity,UraYabakei,1,0,1,2026-03-24T14:42:15+00:00,,2023-04-01,,,,False,False,False,False,effective_schedule_date_unavailable,measured
kusutown,kusucommunity-bus,1,0,1,2026-07-06T09:09:28+00:00,,2026-07-03,,,,False,False,False,False,effective_schedule_date_unavailable,measured
nakatsucity,OshimaIfuku,1,0,1,2026-09-20T14:35:28+00:00,,2023-04-01,,,,False,False,False,False,effective_schedule_date_unavailable,measured
nakatsucity,Kii,1,0,1,2026-09-20T12:16:27+00:00,,2023-04-01,,,,False,False,False,False,effective_schedule_date_unavailable,measured
nakatsucity,Miho,1,0,1,2026-03-24T14:20:11+00:00,,2023-04-01,,,,False,False,False,False,effective_schedule_date_unavailable,measured
nakatsucity,ShinyabaNishi,1,0,1,2026-09-20T14:36:11+00:00,,2023-04-01,,,,False,False,False,False,effective_schedule_date_unavailable,measured
nakatsucity,BuzenNakatsu,1,0,1,2026-03-24T14:30:30+00:00,,2023-04-01,,,,False,False,False,False,effective_schedule_date_unavailable,measured
nakatsucity,Tsutami,1,0,1,2026-03-24T14:37:59+00:00,,2023-04-01,,,,False,False,False,False,effective_schedule_date_unavailable,measured
nakatsucity,Nishimakusa,1,0,1,2026-03-24T14:21:49+00:00,,2023-04-01,,,,False,False,False,False,effective_schedule_date_unavailable,measured
nakatsucity,UenokawauchiMasaki,1,0,1,2026-09-20T12:17:35+00:00,,2023-04-01,,,,False,False,False,False,effective_schedule_date_unavailable,measured
nakatsucity,OshimadaiKanayoshi,1,0,1,2026-09-20T14:35:44+00:00,,2023-04-01,,,,False,False,False,False,effective_schedule_date_unavailable,measured
nakatsucity,HiyamajiKamagi,1,0,1,2026-09-20T14:35:00+00:00,,2023-04-01,,,,False,False,False,False,effective_schedule_date_unavailable,measured
nakatsucity,YamautsuriMinami,1,0,1,2026-09-20T12:14:17+00:00,,2023-04-01,,,,False,False,False,False,effective_schedule_date_unavailable,measured
nakatsucity,ShinyabaHigashi,1,0,1,2026-09-20T12:10:18+00:00,,2023-04-01,,,,False,False,False,False,effective_schedule_date_unavailable,measured
nakatsucity,YamautsuriKita,1,0,1,2026-09-20T12:13:18+00:00,,2023-04-01,,,,False,False,False,False,effective_schedule_date_unavailable,measured
nakatsucity,Kawaraguchi,1,0,1,2026-09-20T12:15:21+00:00,,2023-04-01,,,,False,False,False,False,effective_schedule_date_unavailable,measured
yaesetown,yaese-town-bus,1,0,1,2026-05-11T14:48:58+00:00,,2026-03-01,,,,False,False,False,False,effective_schedule_date_unavailable,measured
kagoshimacity,aibus,6,5,8,2026-05-20T15:14:39+00:00,2023-04-28T11:11:23+00:00,2026-04-01,2023-04-28,1069,1118,True,True,True,False,measured,measured
yanbaru-expressbus,yanbaru-express-bus,11,10,13,2026-04-17T16:17:27+00:00,2023-11-22T17:13:22+00:00,2026-04-21,2023-11-20,883,876,True,True,True,False,measured,measured
towadakankodentetsu,toutetsu_airport_line,5,4,5,2026-08-20T14:38:38+00:00,2026-06-25T11:57:21+00:00,2026-09-01,2026-06-01,92,56,True,False,False,False,measured,measured
hanamakicity,hanamaki,5,4,6,2026-03-28T12:37:39+00:00,2025-03-24T10:58:56+00:00,2026-04-01,2024-10-09,539,369,True,True,False,False,measured,measured
shimoko,shimokitakotsu,3,2,3,2026-05-22T16:20:49+00:00,2026-03-18T11:14:51+00:00,2026-05-17,2026-02-07,99,65,True,False,False,False,measured,measured
oshucity,bus-oshucity-iwate-jp,11,10,11,2026-07-08T16:30:18+00:00,2024-03-19T17:50:24+00:00,2026-07-08,2024-04-01,828,840,True,True,True,False,measured,measured
ugokotsu,ugokotsu_tazawako,13,12,13,2026-03-26T10:29:32+00:00,2025-08-12T16:18:46+00:00,2026-08-16,2025-04-16,487,225,True,True,False,False,measured,measured
kaminoyamacity,KaminoyamaCity,5,4,6,2025-08-27T11:15:05+00:00,2022-12-05T18:00:26+00:00,2025-08-25,2022-08-16,1105,995,True,True,True,True,measured,measured
ugokotsu,ugokotsu_honjo,12,11,12,2026-09-03T15:04:42+00:00,2024-07-10T14:42:22+00:00,2026-09-01,2024-04-01,883,785,True,True,True,False,measured,measured
obanazawacity,ObanazawaCity,6,5,7,2025-08-20T13:49:01+00:00,2022-12-05T18:57:43+00:00,2025-10-01,2021-11-16,1415,988,True,True,True,True,measured,measured
ohkuravillage,OhkuraVillage,6,5,6,2025-09-04T11:12:07+00:00,2022-12-05T19:30:53+00:00,2025-10-01,2022-01-01,1369,1003,True,True,True,True,measured,measured
nanyocity,NanyoCity,6,5,6,2026-03-19T13:06:10+00:00,2022-12-05T20:59:06+00:00,2026-04-01,2022-08-01,1339,1199,True,True,True,True,measured,measured
nagaicity,NagaiCity,5,4,5,2025-09-18T10:45:23+00:00,2022-12-05T20:56:27+00:00,2025-10-01,2022-03-23,1288,1017,True,True,True,True,measured,measured
tozawavillage,tozawavillagebus,4,3,4,2026-04-01T16:19:54+00:00,2023-08-21T11:54:43+00:00,2026-04-01,2023-04-01,1096,954,True,True,True,True,measured,measured
tsukubacity,TSUKUBANEGO,4,3,5,2025-10-22T10:05:16+00:00,2024-04-09T08:38:38+00:00,2025-10-01,2023-04-01,914,561,True,True,True,False,measured,measured
yanaizutown,yanaizutown-bus,3,2,3,2026-05-27T17:12:53+00:00,2026-04-28T12:56:02+00:00,2026-05-27,2026-04-28,29,29,True,False,False,False,measured,measured
tsuruokacity,TsuruokaCity,12,11,12,2025-08-22T09:40:04+00:00,2022-12-05T21:05:32+00:00,2025-10-01,2022-07-08,1181,990,True,True,True,True,measured,measured
tateyamatown,tateyama,12,11,13,2026-04-10T13:40:12+00:00,2023-04-07T19:01:22+00:00,2026-04-15,2023-04-15,1096,1098,True,True,True,True,measured,measured
namerikawacity,norumycar,8,7,11,2025-09-22T16:31:25+00:00,2022-12-04T20:59:36+00:00,2025-10-01,2020-06-01,1948,1022,True,True,True,True,measured,measured
nagai-unyu,Nagaibus,13,12,13,2026-07-08T18:09:26+00:00,2024-02-13T09:24:13+00:00,2026-04-01,2024-02-12,779,876,True,True,True,False,measured,measured
chitetsu,chitetsubus,13,12,13,2026-06-01T13:43:29+00:00,2024-07-08T11:24:26+00:00,2026-05-26,2024-07-16,679,693,True,True,False,False,measured,measured
agematsutown,agematu,4,3,4,2026-07-02T10:54:54+00:00,2024-11-14T11:20:07+00:00,2026-07-02,2024-10-11,629,594,True,True,False,False,measured,measured
ichikawamisatotown,ichikawamisatobus,2,1,2,2026-03-23T13:11:18+00:00,2025-06-11T17:11:02+00:00,2026-04-01,2025-04-01,365,284,True,True,False,False,measured,measured
aokivillage,aokisoneibus,5,4,5,2026-08-19T11:21:07+00:00,2023-06-08T08:50:11+00:00,2026-08-20,2023-06-02,1175,1168,True,True,True,True,measured,measured
komatsucity,kibagatasen,3,2,3,2025-10-09T15:08:18+00:00,2023-10-23T09:43:14+00:00,2025-10-01,2023-10-01,731,717,True,True,True,False,measured,measured
kisokoikirengo,kiso-bus,4,3,5,2026-08-12T11:50:27+00:00,2025-09-18T14:42:08+00:00,2026-08-19,2025-10-01,322,327,True,False,False,False,measured,measured
okuwavillage,kuwachan-bus,2,1,3,2026-01-23T12:09:47+00:00,2025-10-08T16:08:27+00:00,2026-01-23,2025-10-08,107,106,True,False,False,False,measured,measured
kisotown,kisotown,6,5,6,2026-07-01T16:44:29+00:00,2024-11-14T11:08:42+00:00,2026-07-01,2024-10-30,609,594,True,True,False,False,measured,measured
chikuma-bus,rosenbus,8,7,8,2026-02-27T09:12:09+00:00,2023-05-29T15:10:04+00:00,2026-04-01,2023-05-29,1038,1004,True,True,True,False,measured,measured
gujocity,citybus,9,8,9,2026-08-12T14:45:49+00:00,2023-12-08T16:12:29+00:00,2026-08-12,2023-12-08,978,977,True,True,True,False,measured,measured
hashimacity,HashimaCityCommunityBus,9,8,9,2026-02-13T14:44:22+00:00,2023-05-16T09:24:47+00:00,2026-03-14,2023-03-18,1092,1004,True,True,True,False,measured,measured
hidacity,communitybus,7,6,7,2026-03-27T19:22:56+00:00,2023-03-28T13:17:53+00:00,2026-04-01,2022-10-01,1278,1095,True,True,True,True,measured,measured
minokamocity,communitybus,10,9,10,2026-03-27T11:55:17+00:00,2023-03-19T09:01:05+00:00,2026-04-01,2020-12-24,1924,1104,True,True,True,True,measured,measured
motosucity,shieibus,9,8,9,2026-05-16T22:41:01+00:00,2023-03-30T04:29:13+00:00,2026-04-01,2020-12-22,1926,1143,True,True,True,True,measured,measured
enacity,communitybus,13,12,13,2026-07-02T10:05:58+00:00,2023-05-31T17:17:22+00:00,2026-07-13,2023-06-01,1138,1127,True,True,True,True,measured,measured
ogakicity,meihankintetsubus,13,12,13,2026-06-26T12:49:08+00:00,2023-05-31T21:12:17+00:00,2026-07-01,2023-06-01,1126,1121,True,True,True,True,measured,measured
aoi-komaki,aoikotsu,13,12,13,2026-04-14T12:10:27+00:00,2023-10-10T09:40:05+00:00,2026-04-21,2023-10-29,905,917,True,True,True,False,measured,measured
fujiedacity,gtfsfjed,2,1,2,2026-03-18T14:46:11+00:00,2026-02-26T15:49:07+00:00,2026-03-29,2025-11-01,148,19,True,False,False,False,measured,measured
chitabus,chitabus,2,1,2,2026-08-03T14:22:24+00:00,2026-02-10T14:48:26+00:00,2026-08-11,2026-02-01,191,173,True,False,False,False,measured,measured
minamichitatown,communitybus,5,4,5,2025-12-18T13:32:03+00:00,2023-10-11T17:26:24+00:00,2026-01-01,2023-10-01,823,798,True,True,True,False,measured,measured
higashiuratown,communitybus,13,12,13,2026-03-27T15:15:27+00:00,2023-03-24T21:51:56+00:00,2026-02-27,2019-10-01,2341,1098,True,True,True,True,measured,measured
kitashitara,odekakehokusetsu,10,9,10,2026-08-14T12:39:18+00:00,2023-12-03T09:59:15+00:00,2026-09-01,2023-11-19,1017,985,True,True,True,False,measured,measured
matsusakacity,communitybus,13,12,13,2026-02-10T12:45:51+00:00,2023-03-17T12:41:23+00:00,2026-04-01,2021-08-25,1680,1061,True,True,True,True,measured,measured
himejicity,ieshima-boze-yukihiko,10,9,10,2026-08-19T16:58:21+00:00,2022-12-03T16:19:27+00:00,2026-04-01,2021-09-01,1673,1355,True,True,True,True,measured,measured
tokaicity,tokai-ranranbus,6,5,6,2026-03-29T20:59:25+00:00,2024-10-11T15:19:09+00:00,2026-03-29,2024-10-11,534,534,True,True,False,False,measured,measured
tsucity,communitybus,13,12,13,2026-03-27T14:04:25+00:00,2023-09-05T19:16:52+00:00,2026-04-01,2023-10-01,913,933,True,True,True,False,measured,measured
sumotocity,communitybus,7,6,7,2026-03-30T17:29:05+00:00,2022-12-03T21:57:31+00:00,2026-04-01,2021-04-01,1826,1212,True,True,True,True,measured,measured
inagawatown,fureaibus,7,6,7,2025-09-15T22:13:49+00:00,2022-12-03T15:35:53+00:00,2025-10-01,2021-03-01,1675,1017,True,True,True,True,measured,measured
kobecity,kobe-shiokaze,10,9,10,2026-02-05T22:47:44+00:00,2022-11-23T20:19:39+00:00,2025-08-01,2021-02-01,1642,1170,True,True,True,True,measured,measured
takasagocity,jotonbus,7,6,7,2026-08-28T15:58:27+00:00,2022-12-03T22:49:26+00:00,2026-09-01,2022-01-18,1687,1363,True,True,True,True,measured,measured
yamatotakadacity,communitybuskibougou,2,1,2,2026-03-13T15:02:23+00:00,2025-05-07T17:14:23+00:00,2026-04-01,2025-04-01,365,309,True,True,False,False,measured,measured
jr-shikoku-bus-kochi,GTFS-JRbus_Otochi,4,3,5,2025-08-01T12:53:13+00:00,2024-11-11T13:15:53+00:00,2025-08-05,2024-05-01,461,262,True,True,False,False,measured,measured
akicity,GTFS-Akicity_Bus,3,2,3,2026-02-19T16:47:49+00:00,2024-11-11T13:22:02+00:00,2026-03-01,2024-04-17,683,465,True,True,False,False,measured,measured
tokubus,tokushimabus,12,11,13,2026-08-20T21:05:49+00:00,2025-02-16T11:14:05+00:00,2026-08-24,2025-02-28,542,550,True,True,False,False,measured,measured
kochi-ekimae-kanko,GTFS-Ekimae_Expressbus,9,8,11,2026-07-27T13:39:05+00:00,2024-11-11T13:16:07+00:00,2026-08-01,2024-10-01,669,623,True,True,False,False,measured,measured
kamicity,GTFS-Kamicity_Demandbus,2,1,2,2025-02-25T09:30:31+00:00,2024-11-11T13:54:27+00:00,2025-04-01,2024-08-01,243,105,True,False,False,False,measured,measured
kamicity,GTFS-Kamicity_Bus,5,4,5,2026-04-09T16:20:29+00:00,2024-11-11T13:54:19+00:00,2026-04-01,2024-08-01,608,514,True,True,False,False,measured,measured
khkhokubu-kotsu,GTFS-Hokubutraffic_Localbus,3,2,3,2026-03-17T09:51:45+00:00,2024-11-11T12:50:40+00:00,2026-03-20,2024-11-01,504,490,True,True,False,False,measured,measured
kochi-kanko-convention,GTFS-KVCA_MY-YUbus,13,12,13,2026-08-25T13:43:11+00:00,2024-11-11T14:15:36+00:00,2026-08-26,2024-09-01,724,651,True,True,False,False,measured,measured
kochi-ekimae-kanko,GTFS-Ekimae_Airportbus,12,11,13,2026-08-18T11:39:36+00:00,2025-07-25T12:34:30+00:00,2026-09-01,2025-08-01,396,388,True,True,False,False,measured,measured
kochi-koryo-kotsu,GTFS-Koryotraffic_Localbus,6,5,6,2026-04-01T14:58:18+00:00,2024-11-11T13:06:58+00:00,2026-04-01,2024-10-01,547,506,True,True,False,False,measured,measured
kochi-konancity,GTFS-Konancity_Bus,4,3,4,2026-05-26T15:14:32+00:00,2024-11-11T13:52:50+00:00,2026-04-01,2024-10-01,547,561,True,True,False,False,measured,measured
kochi-suzakicity,GTFS-Susakicity_Bus,2,1,3,2025-12-04T11:30:06+00:00,2024-11-11T13:22:30+00:00,2026-01-01,2024-07-01,549,387,True,True,False,False,measured,measured
motoyamatown,GTFS-Motoyamatown_Bus,2,1,2,2025-08-18T11:23:24+00:00,2024-11-11T14:07:51+00:00,2025-10-01,2024-10-01,365,279,True,True,False,False,measured,measured
kochi-tobu-kotsu,GTFS-Tobutraffic_Localbus,6,5,6,2026-03-13T18:52:45+00:00,2024-11-11T13:04:14+00:00,2026-04-01,2024-11-01,516,487,True,True,False,False,measured,measured
kochi-seinan-kotsu,GTFS-Seinantraffic_Localbus,13,12,13,2026-09-15T13:30:33+00:00,2024-11-11T13:01:49+00:00,2026-09-01,2024-11-01,669,673,True,True,False,False,measured,measured
reihoku-kanko,GTFS-Reihokukanko_Localbus,8,7,8,2026-07-09T09:00:51+00:00,2024-11-11T13:11:42+00:00,2026-07-01,2024-10-01,638,604,True,True,False,False,measured,measured
nangokucity,GTFS-Nankokucity_Bus,2,1,3,2026-04-02T08:51:10+00:00,2025-08-18T11:23:44+00:00,2026-04-01,2025-09-01,212,226,True,False,False,False,measured,measured
shimanto-kotsu,GTFS-Shimantotraffic_Feederbus,3,2,3,2026-03-09T08:27:06+00:00,2024-11-11T13:07:51+00:00,2026-03-01,2024-04-01,699,482,True,True,False,False,measured,measured
murotocity,GTFS-Murotocity_Bus,2,1,2,2025-09-10T08:41:30+00:00,2024-11-11T13:21:55+00:00,2025-10-01,2024-10-01,365,302,True,True,False,False,measured,measured
tosaden-kotsu,GTFS-Tosadentraffic_Airportbus,13,12,13,2026-08-17T08:39:52+00:00,2025-06-24T15:19:06+00:00,2026-09-01,2025-07-01,427,418,True,True,False,False,measured,measured
shimanto-kotsu,GTFS-Shimantotraffic_Localbus,11,10,12,2026-04-27T16:16:22+00:00,2024-11-11T13:07:46+00:00,2026-04-10,2024-10-01,556,532,True,True,False,False,measured,measured
tosacity,GTFS-Tosacity_Bus,4,3,4,2026-02-20T14:34:35+00:00,2024-11-11T13:22:16+00:00,2026-03-01,2024-10-01,516,466,True,True,False,False,measured,measured
tosaden-kotsu,GTFS-Tosadentraffic_Regularbus,7,6,9,2026-09-19T04:05:42+00:00,2024-11-28T22:26:31+00:00,2026-09-01,2024-11-01,669,659,True,True,False,False,measured,measured
tosashimizucity,GTFS-Tosashimizucity_Bus,2,1,2,2025-08-19T18:22:39+00:00,2024-11-11T13:45:43+00:00,2025-10-01,2024-09-01,395,281,True,True,False,False,measured,measured
munakatacity,MunakataCityFureaiBus,2,1,2,2026-03-23T09:48:40+00:00,2025-02-19T13:22:52+00:00,2026-04-01,2022-03-07,1486,396,True,True,True,True,measured,measured
nogatacity,NogataCityCommunityBus,2,1,2,2026-03-18T19:50:48+00:00,2025-03-17T12:17:18+00:00,2026-04-01,2024-03-01,761,366,True,True,True,False,measured,measured
tagawacity,TagawaCityCommunityBus,4,3,4,2026-05-31T16:19:22+00:00,2024-02-27T14:50:53+00:00,2025-10-06,2023-10-02,735,824,True,True,True,False,measured,measured
yanagawacity,YanagawaCityCommunityBus,3,2,3,2026-02-26T08:10:28+00:00,2024-10-22T20:58:07+00:00,2025-10-01,2023-04-03,912,491,True,True,True,False,measured,measured
hiradocity,fureaibus,4,3,4,2026-04-10T08:44:58+00:00,2023-08-23T17:49:45+00:00,2026-04-01,2023-08-23,952,960,True,True,True,False,measured,measured
sanjocity,guruttosan,1,0,2,2025-11-04T17:20:16+00:00,,2025-11-01,,,,False,False,False,False,effective_schedule_date_unavailable,measured
tochigi-nakagawatown,nakagawamaticommunitybus,1,0,2,2025-03-27T11:50:18+00:00,,2025-04-01,,,,False,False,False,False,effective_schedule_date_unavailable,measured
chiba-rainbow-bus,chibarainbowbus,1,0,2,2024-10-01T09:20:40+00:00,,2024-10-01,,,,False,False,False,False,effective_schedule_date_unavailable,measured
kanumacity,ri-bus,1,0,2,2024-02-09T11:24:13+00:00,,2024-02-01,,,,False,False,False,False,effective_schedule_date_unavailable,measured
minobutown,iitomimotosukosen,1,0,2,2025-07-11T11:03:00+00:00,,2025-04-01,,,,False,False,False,False,effective_schedule_date_unavailable,measured
uozucity,omotenashi,1,0,2,2025-08-28T15:44:07+00:00,,2025-03-15,,,,False,False,False,False,effective_schedule_date_unavailable,measured
kiyosato,kiyosato-picnicbus,1,0,2,2025-03-11T14:50:34+00:00,,2025-04-01,,,,False,False,False,False,effective_schedule_date_unavailable,measured
minobutown,furusekizyunkansen,1,0,2,2025-07-11T11:01:18+00:00,,2025-04-01,,,,False,False,False,False,effective_schedule_date_unavailable,measured
nirasakicity,shiminbus,1,0,2,2025-04-30T14:54:47+00:00,,2025-04-01,,,,False,False,False,False,effective_schedule_date_unavailable,measured
iijimatown,iichanbus,1,0,2,2025-01-30T09:12:59+00:00,,2024-12-10,,,,False,False,False,False,effective_schedule_date_unavailable,measured
kitaaikivillage,soneibus,1,0,2,2023-08-31T15:55:59+00:00,,2023-08-31,,,,False,False,False,False,effective_schedule_date_unavailable,measured
minobutown,furusekikaiiwamasen,1,0,2,2025-07-11T10:50:29+00:00,,2025-04-01,,,,False,False,False,False,effective_schedule_date_unavailable,measured
shinanotown,rosenbus,1,0,2,2023-06-02T15:57:27+00:00,,2023-06-02,,,,False,False,False,False,effective_schedule_date_unavailable,measured
tateshinatown,tateshinasmile,1,0,2,2025-10-14T15:58:31+00:00,,2025-10-14,,,,False,False,False,False,effective_schedule_date_unavailable,measured
nagano-nakanocity,fureaibus,1,0,2,2024-03-08T10:40:30+00:00,,2024-01-12,,,,False,False,False,False,effective_schedule_date_unavailable,measured
okayacity,silkybus,1,0,2,2024-12-09T14:32:25+00:00,,2024-12-09,,,,False,False,False,False,effective_schedule_date_unavailable,measured
yabucity,waiwai-sekimiya-yoka,1,0,2,2022-12-03T21:43:37+00:00,,2021-10-01,,,,False,False,False,False,effective_schedule_date_unavailable,measured
katocity,yashiroshigaichinoriaitaxi,1,0,2,2024-03-25T10:33:25+00:00,,2024-04-01,,,,False,False,False,False,effective_schedule_date_unavailable,measured
rittocity,rittoukurichanbus,1,0,2,2025-04-10T08:55:05+00:00,,2025-04-01,,,,False,False,False,False,effective_schedule_date_unavailable,measured
hyogo-kamitown,kamichominbus,1,0,2,2023-06-08T16:26:44+00:00,,2021-12-01,,,,False,False,False,False,effective_schedule_date_unavailable,measured
susamitown,Communitybus,1,0,2,2024-03-24T10:48:52+00:00,,2024-04-01,,,,False,False,False,False,effective_schedule_date_unavailable,measured
waketown,wakechoueibasu,1,0,2,2025-03-11T12:00:31+00:00,,2025-03-11,,,,False,False,False,False,effective_schedule_date_unavailable,measured
tsuyamacity,bus-tsuyamacity-okayama-jp,1,0,2,2026-03-17T17:41:47+00:00,,2026-03-17,,,,False,False,False,False,effective_schedule_date_unavailable,measured
andotown,andocombus,1,0,2,2025-05-09T16:18:29+00:00,,2025-02-01,,,,False,False,False,False,effective_schedule_date_unavailable,measured
tokushima-minamitown,minabubyoinrenrakubus,1,0,2,2025-03-21T15:58:56+00:00,,2025-03-21,,,,False,False,False,False,effective_schedule_date_unavailable,measured
kamikatsutown,kamikatsutownbus,1,0,2,2025-04-18T16:47:23+00:00,,2025-04-01,,,,False,False,False,False,effective_schedule_date_unavailable,measured
towadakankodentetsu,toutetsu,1,0,1,2026-06-25T11:56:51+00:00,,2026-05-29,,,,False,False,False,False,effective_schedule_date_unavailable,measured
uedabus,noriai_bus,1,0,1,2026-09-15T17:46:55+00:00,,2026-10-01,,,,False,False,False,False,effective_schedule_date_unavailable,measured
shizuokacity,iryo-fukushi,2,1,2,2026-06-30T21:44:44+00:00,2025-10-14T15:05:38+00:00,2026-04-01,2025-10-01,182,259,True,False,False,False,measured,measured
tajimicity,kikyobus,1,0,1,2025-09-17T14:35:46+00:00,,2025-10-01,,,,False,False,False,False,effective_schedule_date_unavailable,measured
tohtetsu,tohtetsu_tajimi,1,0,1,2026-09-07T19:12:14+00:00,,2026-04-01,,,,False,False,False,False,effective_schedule_date_unavailable,measured
hekinancity,kurukuru-bus,1,0,1,2026-09-09T19:23:40+00:00,,2025-08-03,,,,False,False,False,False,effective_schedule_date_unavailable,measured
nishiocity,tosen,1,0,1,2026-03-17T08:44:07+00:00,,2026-03-16,,,,False,False,False,False,effective_schedule_date_unavailable,measured
kasugaicity,kasugaicitybus,1,0,1,2026-09-18T14:20:05+00:00,,2026-10-01,,,,False,False,False,False,effective_schedule_date_unavailable,measured
shimacity,agowanteikisen,1,0,1,2026-03-16T18:37:59+00:00,,2021-10-01,,,,False,False,False,False,effective_schedule_date_unavailable,measured
nakatsucity,Yakata,1,0,1,2026-03-24T15:55:39+00:00,,2023-04-01,,,,False,False,False,False,effective_schedule_date_unavailable,measured
nakatsucity,Nishitani,1,0,1,2026-03-24T15:54:37+00:00,,2023-04-01,,,,False,False,False,False,effective_schedule_date_unavailable,measured
nakatsucity,Higashitani,1,0,1,2026-03-24T15:53:21+00:00,,2023-04-01,,,,False,False,False,False,effective_schedule_date_unavailable,measured
