operator_id,agency_name,prefectures,component_feed_count,comparable_component_feed_count,gtfs_supply_yoy_computable,previous_effective_date_min,previous_effective_date_max,current_effective_date_min,current_effective_date_max,weekday_trips_per_day_previous,weekday_trips_per_day_current,weekday_trips_yoy_pct,weekday_trip_hours_per_day_previous,weekday_trip_hours_per_day_current,weekday_trip_hours_yoy_pct,weekday_straight_line_km_per_day_previous,weekday_straight_line_km_per_day_current,weekday_straight_line_km_yoy_pct,comparison_status
9de42043b1699c03,岩宇地域公共交通活性化協議会,北海道,1,1,True,2024-10-01,2024-10-01,2025-10-01,2025-10-01,9.648,9.64,-0.083,12.158,12.149,-0.074,389.542,389.232,-0.08,measured_all_component_feeds
246bf7b3d1fdba6f,石狩湾新港地域公共交通サービス推進協議会（事務局石狩市）,北海道,1,0,False,,,,,,,,,,,,,,not_confirmed_in_downloaded_distinct_history
0aa8f63a0007a2f1,上士幌町,北海道,2,0,False,,,,,,,,,,,,,,not_confirmed_in_downloaded_distinct_history
a0923bc2e16982b5,根室交通株式会社,北海道,1,1,True,2025-04-01,2025-04-01,2026-05-26,2026-05-26,65.18,64.605,-0.882,86.203,85.649,-0.643,2666.868,2653.639,-0.496,measured_all_component_feeds
2804fca7e5bf649f,深浦町,青森県,1,0,False,,,,,,,,,,,,,,not_confirmed_in_downloaded_distinct_history
c5d9141c98a36031,五所川原市,青森県,1,0,False,,,,,,,,,,,,,,not_confirmed_in_downloaded_distinct_history
9d4bca15fbb719d7,八戸市交通部,青森県,1,0,False,,,,,,,,,,,,,,not_confirmed_in_downloaded_distinct_history
de040b6f0cfaafdb,八戸市,青森県,1,0,False,,,,,,,,,,,,,,not_confirmed_in_downloaded_distinct_history
0bfc8427a50748b0,階上町コミュニティバス,青森県,1,1,True,2025-04-01,2025-04-01,2026-04-01,2026-04-01,24.169,24.069,-0.414,21.478,21.39,-0.41,384.975,383.388,-0.412,measured_all_component_feeds
bacb04f95615f3c8,平川市,青森県,1,0,False,,,,,,,,,,,,,,not_confirmed_in_downloaded_distinct_history
d4b23b4bdc71e955,平内町,青森県,1,0,False,,,,,,,,,,,,,,not_confirmed_in_downloaded_distinct_history
78cc2a5f356d9247,北星交通株式会社,青森県,1,0,False,,,,,,,,,,,,,,not_confirmed_in_downloaded_distinct_history
5dab992ca8c3a8ec,東日本旅客鉄道株式会社,青森県,1,1,True,2025-04-01,2025-04-01,2026-05-01,2026-05-01,7.877,7.816,-0.774,7.746,7.686,-0.775,211.997,210.474,-0.718,measured_all_component_feeds
548b3da28a71befd,黒石市,青森県,1,0,False,,,,,,,,,,,,,,not_confirmed_in_downloaded_distinct_history
5134fb453e7c3c9d,三沢市,青森県,1,0,False,,,,,,,,,,,,,,not_confirmed_in_downloaded_distinct_history
f2f147fd2f450aab,中泊町,青森県,1,0,False,,,,,,,,,,,,,,not_confirmed_in_downloaded_distinct_history
38e5047e6cd492fd,大鰐町,青森県,1,0,False,,,,,,,,,,,,,,not_confirmed_in_downloaded_distinct_history
b3ee570bc23f5fee,七戸町,青森県,1,0,False,,,,,,,,,,,,,,not_confirmed_in_downloaded_distinct_history
8907f35fd5ab3d5f,下北交通,青森県,1,0,False,,,,,,,,,,,,,,not_confirmed_in_downloaded_distinct_history
069833ffbbcdb288,新郷村,青森県,1,0,False,,,,,,,,,,,,,,not_confirmed_in_downloaded_distinct_history
17078b1fa6473a4a,外ヶ浜町,青森県,1,0,False,,,,,,,,,,,,,,not_confirmed_in_downloaded_distinct_history
d60dac0394673a9c,東北町,青森県,1,0,False,,,,,,,,,,,,,,not_confirmed_in_downloaded_distinct_history
8a3c5859abe57af0,十和田市,青森県,1,0,False,,,,,,,,,,,,,,not_confirmed_in_downloaded_distinct_history
adb26ef7e9bdf45c,十和田観光電鉄,青森県,2,0,False,,,,,,,,,,,,,,not_confirmed_in_downloaded_distinct_history
ae9f8c6992d7582a,つがる市,青森県,1,0,False,,,,,,,,,,,,,,not_confirmed_in_downloaded_distinct_history
e765610193cddfda,鶴田町,青森県,1,0,False,,,,,,,,,,,,,,not_confirmed_in_downloaded_distinct_history
ce53a56d8db7dbb4,蓬田村,青森県,1,0,False,,,,,,,,,,,,,,not_confirmed_in_downloaded_distinct_history
8bf28ba4bb543b2b,花巻市コミュニティバス,岩手県,1,1,True,2025-04-01,2025-04-01,2026-04-01,2026-04-01,42.575,42.636,0.143,35.079,35.126,0.134,757.62,757.429,-0.025,measured_all_component_feeds
c31dd4aa8951ed33,一関市市営バス,岩手県,1,1,True,2025-04-01,2025-04-01,2026-04-01,2026-04-01,146.299,143.0,-2.255,91.879,87.224,-5.066,2531.455,2402.271,-5.103,measured_all_component_feeds
f96b468efd2d1ce6,奥州市,岩手県,1,1,True,2025-05-19,2025-05-19,2026-07-08,2026-07-08,84.11,73.168,-13.009,50.043,45.028,-10.021,1153.957,1026.496,-11.046,measured_all_component_feeds
fbbe97a63e37e723,七ヶ浜町,宮城県,1,1,True,2025-02-25,2025-02-25,2026-04-03,2026-04-03,79.385,79.448,0.079,54.59,54.627,0.068,1054.917,1056.739,0.173,measured_all_component_feeds
1a5927d42a083774,株式会社タケヤ交通,宮城県,1,1,True,2025-07-01,2025-07-01,2026-09-01,2026-09-01,32.846,24.959,-24.012,34.721,29.373,-15.403,794.482,652.479,-17.874,measured_all_component_feeds
4a4e95916eba1efc,秋田県仙北市,秋田県,1,0,False,,,,,,,,,,,,,,not_confirmed_in_downloaded_distinct_history
477d250fdc3b4d35,羽後交通株式会社,秋田県,2,2,True,2025-07-01,2025-08-16,2026-08-16,2026-09-01,143.67,132.445,-7.813,141.633,129.514,-8.557,3584.992,3444.891,-3.908,measured_all_component_feeds
edfc4ff2a0995737,東根市,山形県,1,1,True,2025-04-01,2025-04-01,2026-04-01,2026-04-01,14.023,13.034,-7.053,10.269,9.701,-5.531,238.069,223.479,-6.128,measured_all_component_feeds
abe99c7fabd9bf42,河北町,山形県,1,1,True,2025-04-01,2025-04-01,2026-04-01,2026-04-01,22.0,21.964,-0.164,14.883,14.854,-0.195,265.78,265.304,-0.179,measured_all_component_feeds
013a6e64fdfbcce1,上山市,山形県,1,0,False,,,,,,,,,,,,,,not_confirmed_in_downloaded_distinct_history
7d64affbc807efc1,真室川町,山形県,1,1,True,2025-01-16,2025-01-16,2026-03-14,2026-03-14,47.813,45.608,-4.612,23.152,21.516,-7.066,605.559,557.587,-7.922,measured_all_component_feeds
51791e7f967c3094,最上川交通,山形県,1,0,False,,,,,,,,,,,,,,not_confirmed_in_downloaded_distinct_history
5e3e5663935187fc,村山市,山形県,1,1,True,2025-04-01,2025-04-01,2026-04-01,2026-04-01,17.617,17.544,-0.414,12.842,12.789,-0.413,308.259,306.703,-0.505,measured_all_component_feeds
ca8bd4d54763045a,長井市,山形県,1,1,True,2024-10-01,2024-10-01,2025-10-01,2025-10-01,49.655,49.241,-0.834,32.322,32.22,-0.316,706.49,704.002,-0.352,measured_all_component_feeds
b43b3d13a2442768,中山町,山形県,1,1,True,2025-04-01,2025-04-01,2026-04-01,2026-04-01,7.51,7.479,-0.413,8.448,8.414,-0.402,146.215,145.618,-0.408,measured_all_component_feeds
f24e7858993c921f,南陽市,山形県,1,1,True,2025-04-01,2025-04-01,2026-04-01,2026-04-01,25.962,25.854,-0.416,15.251,15.186,-0.426,353.55,351.999,-0.439,measured_all_component_feeds
026ce0a528318120,西川町,山形県,1,1,True,2025-04-01,2025-04-01,2026-04-01,2026-04-01,33.165,31.295,-5.638,22.59,21.375,-5.378,661.646,625.213,-5.506,measured_all_component_feeds
fccd5a7da1d9edd9,尾花沢市,山形県,1,0,False,,,,,,,,,,,,,,not_confirmed_in_downloaded_distinct_history
76fa06b956b05eae,大江町,山形県,1,1,True,2025-04-01,2025-04-01,2026-04-01,2026-04-01,12.847,12.889,0.327,10.055,10.089,0.338,225.096,225.845,0.333,measured_all_component_feeds
d86098d78d89a20f,大蔵村,山形県,1,1,True,2024-09-02,2024-09-02,2025-10-01,2025-10-01,12.567,16.192,28.845,12.792,15.271,19.379,341.983,379.882,11.082,measured_all_component_feeds
91cf1c46654af62d,寒河江市,山形県,1,1,True,2024-10-24,2024-10-24,2025-11-17,2025-11-17,7.356,7.296,-0.816,8.705,8.634,-0.816,113.833,112.918,-0.804,measured_all_component_feeds
ea2d34630cb33a77,酒田市,山形県,1,1,True,2025-04-01,2025-04-01,2026-04-09,2026-04-09,44.977,44.945,-0.071,43.415,40.989,-5.588,747.648,731.331,-2.182,measured_all_component_feeds
886ef73b2a2b067d,鮭川村,山形県,1,0,False,,,,,,,,,,,,,,not_confirmed_in_downloaded_distinct_history
0043a735b4386dd8,新庄市,山形県,1,0,False,,,,,,,,,,,,,,not_confirmed_in_downloaded_distinct_history
9c38a582e77d784e,白鷹町,山形県,1,1,True,2025-04-01,2025-04-01,2026-04-01,2026-04-01,4.636,4.617,-0.41,2.766,2.755,-0.398,54.667,54.441,-0.413,measured_all_component_feeds
b12a41ad27980e85,庄内交通,山形県,1,0,False,,,,,,,,,,,,,,not_confirmed_in_downloaded_distinct_history
553be593d3b76cd4,庄内町,山形県,1,1,True,2025-04-01,2025-04-01,2026-04-13,2026-04-13,21.004,20.577,-2.033,21.854,21.306,-2.508,427.92,421.13,-1.587,measured_all_component_feeds
34eb8c4dbd3a7172,天童市,山形県,1,1,True,2025-04-01,2025-04-01,2026-04-01,2026-04-01,11.904,11.904,0.0,8.852,8.852,0.0,183.297,183.292,-0.003,measured_all_component_feeds
5ada3bab740615df,戸沢村,山形県,1,1,True,2025-04-01,2025-04-01,2026-04-01,2026-04-01,28.743,28.625,-0.411,14.495,14.435,-0.414,392.215,390.594,-0.413,measured_all_component_feeds
bd51c429d56fb0fd,鶴岡市,山形県,1,1,True,2024-10-01,2024-10-01,2025-10-01,2025-10-01,26.123,25.847,-1.057,18.124,17.174,-5.242,450.462,402.889,-10.561,measured_all_component_feeds
8994c33c4ecb087b,朝日町,山形県,1,1,True,2025-04-01,2025-04-01,2026-04-01,2026-04-01,4.64,4.632,-0.172,5.394,5.028,-6.785,117.3,115.951,-1.15,measured_all_component_feeds
899dfba9d7a6b707,金山町,山形県,1,1,True,2025-04-01,2025-04-01,2026-04-01,2026-04-01,18.705,18.651,-0.289,9.04,9.014,-0.288,273.443,271.979,-0.535,measured_all_component_feeds
0a541ac12de88fb2,小国町,山形県,1,1,True,2025-07-01,2025-07-01,2026-07-01,2026-07-01,25.51,25.51,0.0,19.067,18.993,-0.388,437.346,433.105,-0.97,measured_all_component_feeds
74ea17838d24a47a,山形市,山形県,1,1,True,2025-08-09,2025-08-09,2026-09-02,2026-09-02,56.743,60.51,6.639,50.413,51.911,2.971,540.948,557.628,3.083,measured_all_component_feeds
d0d9f8e2e5cdf7c6,山形交通,山形県,1,0,False,,,,,,,,,,,,,,not_confirmed_in_downloaded_distinct_history
8ea7e531b8e81347,山辺町,山形県,1,0,False,,,,,,,,,,,,,,not_confirmed_in_downloaded_distinct_history
d6ae6c03825b66ef,米沢市,山形県,1,1,True,2025-04-01,2025-04-01,2026-04-16,2026-04-16,48.73,48.54,-0.39,39.777,39.654,-0.309,693.067,690.005,-0.442,measured_all_component_feeds
9c1327adceb9c2f1,本宮市,福島県,1,0,False,,,,,,,,,,,,,,not_confirmed_in_downloaded_distinct_history
30dc09f05ee8c16b,大玉村,福島県,1,0,False,,,,,,,,,,,,,,not_confirmed_in_downloaded_distinct_history
136b39d527cb93de,新常磐交通,福島県,1,1,True,2025-04-01,2025-04-01,2026-04-01,2026-04-01,574.615,534.573,-6.968,376.826,352.863,-6.359,7088.706,6649.341,-6.198,measured_all_component_feeds
be9784b9e6658b4d,柳津町,福島県,1,0,False,,,,,,,,,,,,,,not_confirmed_in_downloaded_distinct_history
f700ce6fed51e2ec,行方市,茨城県,1,0,False,,,,,,,,,,,,,,not_confirmed_in_downloaded_distinct_history
ba7675187b917f3a,大利根交通バス,茨城県,1,1,True,2025-03-17,2025-03-17,2026-04-09,2026-04-09,123.747,123.862,0.093,54.02,54.063,0.08,1267.963,1269.025,0.084,measured_all_component_feeds
7a171cb9df8f77cf,龍ケ崎市役所,茨城県,1,0,False,,,,,,,,,,,,,,not_confirmed_in_downloaded_distinct_history
f089ee74d88672ca,土浦市コミュニティ交通「つちまるバス」,茨城県,1,1,True,2025-01-01,2025-01-01,2026-03-04,2026-03-04,19.695,29.885,51.739,16.823,24.49,45.575,237.919,322.933,35.732,measured_all_component_feeds
283d2e777f5a9a56,つくばね号,茨城県,1,1,True,2024-10-01,2024-10-01,2025-10-01,2025-10-01,16.229,16.599,2.28,11.948,12.378,3.599,196.626,203.73,3.613,measured_all_component_feeds
9ee61b5870c58eb7,つくバス,茨城県,1,1,True,2025-04-01,2025-04-01,2026-04-01,2026-04-01,284.0,0.0,-100.0,278.667,0.0,-100.0,4719.937,0.0,-100.0,measured_all_component_feeds
b54bf170ea5d6044,結城市巡回バス,茨城県,1,0,False,,,,,,,,,,,,,,not_confirmed_in_downloaded_distinct_history
08ba5678e649cd09,足利市,栃木県,1,0,False,,,,,,,,,,,,,,not_confirmed_in_downloaded_distinct_history
e5e05eb5ecbb2059,壬生町,栃木県,1,0,False,,,,,,,,,,,,,,not_confirmed_in_downloaded_distinct_history
a2fb3b7547d8b7ed,那須塩原市,栃木県,1,1,True,2025-04-01,2025-04-01,2026-04-01,2026-04-01,74.716,75.092,0.503,56.144,56.416,0.484,1128.84,1133.958,0.453,measured_all_component_feeds
91c5ab096dbf9452,那須町,栃木県,1,0,False,,,,,,,,,,,,,,not_confirmed_in_downloaded_distinct_history
aac11cfd88a794f0,日光市,栃木県,1,1,True,2025-01-20,2025-01-20,2026-04-01,2026-04-01,95.602,94.946,-0.686,64.642,64.239,-0.623,1447.893,1441.746,-0.425,measured_all_component_feeds
c295e79433c4a357,大田原市,栃木県,1,0,False,,,,,,,,,,,,,,not_confirmed_in_downloaded_distinct_history
24449943a5b6b824,矢板市,栃木県,1,1,True,2025-03-17,2025-03-17,2026-03-17,2026-03-17,8.347,8.313,-0.407,4.591,4.572,-0.414,60.538,60.289,-0.411,measured_all_component_feeds
713a5385e559a9d8,安中市,群馬県,1,0,False,,,,,,,,,,,,,,not_confirmed_in_downloaded_distinct_history
40729f8d22d90fef,太田市,群馬県,1,0,False,,,,,,,,,,,,,,not_confirmed_in_downloaded_distinct_history
6c2a679d71a201a2,永井運輸株式会社,群馬県,1,1,True,2025-04-01,2025-04-01,2026-04-01,2026-04-01,201.038,214.038,6.466,137.121,142.278,3.761,2121.998,2224.468,4.829,measured_all_component_feeds
234d2fea43acd09c,大泉町,群馬県,1,1,True,2025-04-01,2025-04-01,2026-05-07,2026-05-07,9.962,9.957,-0.05,9.796,9.791,-0.051,158.655,158.318,-0.212,measured_all_component_feeds
3a2fe864b6d5b773,飯能市乗合ワゴン,埼玉県,3,1,False,,,,,,,,,,,,,,not_confirmed_in_downloaded_distinct_history
e13154d750430422,熊谷市ゆうゆうバス,埼玉県,1,1,True,2025-01-01,2025-01-01,2026-04-01,2026-04-01,106.966,106.592,-0.35,78.663,78.599,-0.081,1410.788,1416.846,0.429,measured_all_component_feeds
4d596b89f5ac3dec,さいたま市乗合タクシー,埼玉県,8,0,False,,,,,,,,,,,,,,not_confirmed_in_downloaded_distinct_history
6b60e8acc7d1fc0b,さいたま市コミュニティバス,埼玉県,5,0,False,,,,,,,,,,,,,,not_confirmed_in_downloaded_distinct_history
03442301fcfd8ff0,さいたま市,埼玉県,1,0,False,,,,,,,,,,,,,,not_confirmed_in_downloaded_distinct_history
6e608d3f463c0432,和光市,埼玉県,1,1,True,2025-01-01,2025-01-01,2026-01-04,2026-01-04,46.36,48.429,4.463,36.188,35.153,-2.86,294.8,308.253,4.563,measured_all_component_feeds
e74250ccd6c6ea4d,有限会社大成交通,千葉県,1,0,False,,,,,,,,,,,,,,not_confirmed_in_downloaded_distinct_history
2dfa9193a233104f,なの花交通バス株式会社,千葉県,1,0,False,,,,,,,,,,,,,,not_confirmed_in_downloaded_distinct_history
de81319065f8ad26,香取市,千葉県,1,0,False,,,,,,,,,,,,,,not_confirmed_in_downloaded_distinct_history
808d4e350feb0cc3,京成バス千葉ウエスト株式会社　塩浜営業所,千葉県,1,0,False,,,,,,,,,,,,,,not_confirmed_in_downloaded_distinct_history
6ddc9a59681e7785,君津市,千葉県,1,0,False,,,,,,,,,,,,,,not_confirmed_in_downloaded_distinct_history
458ef8ea983db080,日東交通（株）,千葉県,1,0,False,,,,,,,,,,,,,,not_confirmed_in_downloaded_distinct_history
f478597598ecb9d9,松戸市,千葉県,2,0,False,,,,,,,,,,,,,,not_confirmed_in_downloaded_distinct_history
bf41197930009668,流山市,千葉県,1,0,False,,,,,,,,,,,,,,not_confirmed_in_downloaded_distinct_history
61761106aa394262,成田市,千葉県,1,0,False,,,,,,,,,,,,,,not_confirmed_in_downloaded_distinct_history
464f9b87dda32d02,四街道市,千葉県,1,0,False,,,,,,,,,,,,,,not_confirmed_in_downloaded_distinct_history
0e49f8902f657548,昭島市,東京都,1,0,False,,,,,,,,,,,,,,not_confirmed_in_downloaded_distinct_history
298937318733b304,荒川区,東京都,1,0,False,,,,,,,,,,,,,,not_confirmed_in_downloaded_distinct_history
f3f44abb672f6f18,日立自動車交通株式会社,東京都,1,0,False,,,,,,,,,,,,,,not_confirmed_in_downloaded_distinct_history
0d06c4c294036b59,神津島村,東京都,1,1,True,2025-01-25,2025-01-25,2026-01-29,2026-01-29,19.654,22.054,12.211,4.942,5.457,10.421,73.823,82.43,11.659,measured_all_component_feeds
bd49162cfd02f2e6,国立市,東京都,2,0,False,,,,,,,,,,,,,,not_confirmed_in_downloaded_distinct_history
3a7d6c0f602ff1d7,瑞穂町,東京都,2,0,False,,,,,,,,,,,,,,not_confirmed_in_downloaded_distinct_history
1d9063022cf972f3,小笠原村,東京都,1,0,False,,,,,,,,,,,,,,not_confirmed_in_downloaded_distinct_history
1600b52697f9029b,立川市,東京都,1,1,True,2025-02-28,2025-02-28,2026-04-01,2026-04-01,77.843,77.456,-0.497,41.767,41.556,-0.505,449.853,447.584,-0.504,measured_all_component_feeds
1552c3539505721d,茅ヶ崎市,神奈川県,1,0,False,,,,,,,,,,,,,,not_confirmed_in_downloaded_distinct_history
d250a1b76b3f936f,大新東株式会社,神奈川県,1,0,False,,,,,,,,,,,,,,not_confirmed_in_downloaded_distinct_history
98e74cccf1f638f3,二宮町,神奈川県,1,0,False,,,,,,,,,,,,,,not_confirmed_in_downloaded_distinct_history
69c3a87ab0a5025a,寒川町,神奈川県,3,3,True,2024-12-01,2024-12-01,2025-12-01,2025-12-01,26.482,26.485,0.011,14.059,14.06,0.007,201.18,201.195,0.007,measured_all_component_feeds
04976492d7f8e9ff,ハマちゃんバス,神奈川県,1,0,False,,,,,,,,,,,,,,not_confirmed_in_downloaded_distinct_history
c19f59b01d9c6c8b,糸魚川バス株式会社,新潟県,1,0,False,,,,,,,,,,,,,,not_confirmed_in_downloaded_distinct_history
e7006c28eb52a999,上越市市営バス,新潟県,1,1,True,2025-04-01,2025-04-01,2026-04-01,2026-04-01,49.977,17.845,-64.294,23.376,8.883,-61.999,580.404,215.695,-62.837,measured_all_component_feeds
2f32c8035cbee2f6,加茂市,新潟県,1,0,False,,,,,,,,,,,,,,not_confirmed_in_downloaded_distinct_history
8df36df6f2a7289b,村上市,新潟県,1,0,False,,,,,,,,,,,,,,not_confirmed_in_downloaded_distinct_history
650cdabae3687428,燕市,新潟県,1,0,False,,,,,,,,,,,,,,not_confirmed_in_downloaded_distinct_history
1bb76c0c3a4ba092,富山地方鉄道株式会社 ,富山県,2,1,False,,,,,,,,,,,,,,not_confirmed_in_downloaded_distinct_history
48cf6f68749469f0,射水市コミュニティバス,富山県,1,1,True,2025-04-01,2025-04-01,2026-04-01,2026-04-01,102.387,66.257,-35.288,66.876,40.7,-39.141,1165.084,737.701,-36.683,measured_all_component_feeds
1b94936e4378f261,加越能バス株式会社,富山県,3,2,False,,,,,,,,,,,,,,not_confirmed_in_downloaded_distinct_history
e78303753ededa5f,上市町,富山県,1,1,True,2025-04-01,2025-04-01,2026-04-01,2026-04-01,32.943,32.87,-0.222,17.551,17.616,0.37,322.206,324.953,0.853,measured_all_component_feeds
51dcaa9323655323,黒部市,富山県,1,0,False,,,,,,,,,,,,,,not_confirmed_in_downloaded_distinct_history
5bd8b1d34c442334,滑川市,富山県,1,1,True,2024-08-01,2024-08-01,2025-10-01,2025-10-01,31.257,31.203,-0.173,31.054,31.007,-0.151,607.652,607.36,-0.048,measured_all_component_feeds
6051e7dca681aac3,富山県南砺市,富山県,1,1,True,2025-04-01,2025-04-01,2026-05-26,2026-05-26,127.16,113.392,-10.827,94.949,79.643,-16.12,2230.721,1907.631,-14.484,measured_all_component_feeds
22f0ac1cacc5e405,入善町,富山県,1,0,False,,,,,,,,,,,,,,not_confirmed_in_downloaded_distinct_history
ee767fcd64f1e298,小矢部市,富山県,1,1,True,2025-03-28,2025-03-28,2026-04-01,2026-04-01,25.241,25.138,-0.408,12.262,12.212,-0.408,248.552,247.534,-0.41,measured_all_component_feeds
cfd50c2d36fe78fc,高岡市,富山県,1,1,True,2025-04-01,2025-04-01,2026-04-01,2026-04-01,33.762,33.456,-0.906,23.319,23.318,-0.004,445.797,442.642,-0.708,measured_all_component_feeds
61dc5a121b4c9997,富山県立山町,富山県,1,1,True,2025-04-15,2025-04-15,2026-04-15,2026-04-15,60.829,60.672,-0.258,25.475,25.037,-1.719,571.218,567.37,-0.674,measured_all_component_feeds
91dd73b55ded9189,砺波市,富山県,1,0,False,,,,,,,,,,,,,,not_confirmed_in_downloaded_distinct_history
fce462b6ac9604f4,富山県朝日町,富山県,1,0,False,,,,,,,,,,,,,,not_confirmed_in_downloaded_distinct_history
1df912b2bac6ca04,富山市,富山県,3,3,True,2025-03-19,2025-04-01,2026-04-01,2026-04-20,139.362,140.525,0.835,59.456,56.279,-5.343,1241.018,1238.727,-0.185,measured_all_component_feeds
f5cb610e34e6525b,婦中コミュニティバス運営委員会,富山県,1,1,True,2025-03-11,2025-03-11,2026-04-01,2026-04-01,12.927,12.927,0.0,14.928,14.928,0.0,265.569,265.569,0.0,measured_all_component_feeds
ff18d3979a4fc5f2,富山市,富山県,1,1,True,2025-03-11,2025-03-11,2026-04-01,2026-04-01,42.0,42.0,0.0,42.0,42.0,0.0,403.952,403.952,0.0,measured_all_component_feeds
3020e137d1fbebb7,堀川南地域コミュニティバス運行事業推進協議会,富山県,1,1,True,2025-04-01,2025-04-01,2026-04-01,2026-04-01,7.326,7.51,2.512,4.365,4.521,3.574,53.046,53.299,0.477,measured_all_component_feeds
965a5a0626110439,有限会社まちづくり公社呉羽,富山県,1,1,True,2025-03-12,2025-03-12,2026-04-01,2026-04-01,20.527,20.651,0.604,21.193,21.308,0.543,385.495,387.64,0.556,measured_all_component_feeds
9b32b843b06b34c2,魚津市,富山県,1,1,True,2025-04-01,2025-04-01,2026-04-02,2026-04-02,106.525,80.046,-24.857,72.12,52.96,-26.567,1260.701,933.807,-25.93,measured_all_component_feeds
a58bddec65d6e101,白山市コミュニティバス「めぐーる」,石川県,1,1,True,2025-03-15,2025-03-15,2026-03-16,2026-03-16,117.646,116.621,-0.871,67.792,67.225,-0.836,1212.481,1200.211,-1.012,measured_all_component_feeds
3307aa9f49e73586,小松市,石川県,3,3,False,,,,,,,,,,,,,,not_confirmed_in_downloaded_distinct_history
e7db52639c0167c9,野々市市,石川県,1,0,False,,,,,,,,,,,,,,not_confirmed_in_downloaded_distinct_history
3d6dd8baa0da646c,内灘町,石川県,1,0,False,,,,,,,,,,,,,,not_confirmed_in_downloaded_distinct_history
e60f9a53892db2a8,市川三郷町,山梨県,1,1,True,2025-04-01,2025-04-01,2026-04-01,2026-04-01,7.996,12.41,55.203,3.402,6.717,97.443,68.651,111.544,62.48,measured_all_component_feeds
71278f569f06a48b,甲斐市,山梨県,1,0,False,,,,,,,,,,,,,,not_confirmed_in_downloaded_distinct_history
586577078076c7e7,小菅村役場,山梨県,1,0,False,,,,,,,,,,,,,,not_confirmed_in_downloaded_distinct_history
e7de62023c0f0d35,北杜市,山梨県,1,1,True,2025-04-01,2025-04-01,2026-04-01,2026-04-01,68.31,69.333,1.498,47.882,52.958,10.601,1056.853,1170.663,10.769,measured_all_component_feeds
4306c8f8c24de225,南部町,山梨県,1,1,True,2025-04-01,2025-04-01,2026-04-01,2026-04-01,22.657,21.789,-3.831,13.635,13.043,-4.342,293.435,281.567,-4.045,measured_all_component_feeds
456dc643b0d57b15,上松町,長野県,1,0,False,,,,,,,,,,,,,,not_confirmed_in_downloaded_distinct_history
33c6ae00789f0c3f,青木村,長野県,1,0,False,,,,,,,,,,,,,,not_confirmed_in_downloaded_distinct_history
19e4ec09ca0d3855,千曲バス株式会社,長野県,1,1,True,2025-04-01,2025-04-01,2026-04-01,2026-04-01,94.287,94.487,0.212,89.184,90.602,1.59,1727.109,1744.522,1.008,measured_all_component_feeds
d6788b7763d30b47,千曲市,長野県,1,0,False,,,,,,,,,,,,,,not_confirmed_in_downloaded_distinct_history
f21366995d3e06ad,飯山市,長野県,1,1,True,2025-03-31,2025-03-31,2026-04-22,2026-04-22,5.565,5.512,-0.952,4.761,4.716,-0.945,68.735,68.084,-0.947,measured_all_component_feeds
7e2c638ff98684bf,軽井沢町,長野県,1,1,True,2025-06-18,2025-06-18,2026-08-05,2026-08-05,34.722,34.602,-0.346,26.751,26.688,-0.236,499.618,497.365,-0.451,measured_all_component_feeds
280868a7f60dfdeb,木曽広域連合,長野県,1,0,False,,,,,,,,,,,,,,not_confirmed_in_downloaded_distinct_history
c948f6cd0c1f0606,木曽町,長野県,1,1,True,2025-04-28,2025-04-28,2026-07-01,2026-07-01,106.116,9.249,-91.284,75.787,8.322,-89.019,1890.248,150.607,-92.032,measured_all_component_feeds
4135578df6b610d2,木祖村,長野県,1,0,False,,,,,,,,,,,,,,not_confirmed_in_downloaded_distinct_history
325beb17f5c6088f,草軽交通株式会社,長野県,1,0,False,,,,,,,,,,,,,,not_confirmed_in_downloaded_distinct_history
a0536955309b648e,松本市,長野県,2,2,True,2025-08-01,2025-08-01,2026-08-01,2026-08-01,606.662,589.85,-2.771,342.336,340.051,-0.667,5129.715,5109.267,-0.399,measured_all_component_feeds
ec1254a3f6354514,飯田市,長野県,3,0,False,,,,,,,,,,,,,,not_confirmed_in_downloaded_distinct_history
84f8236a11792f03,豊丘村,長野県,1,1,True,2025-04-01,2025-04-01,2026-04-01,2026-04-01,27.931,27.816,-0.412,13.081,13.027,-0.413,228.697,227.756,-0.411,measured_all_component_feeds
7dff30484d5d20c6,根羽村,長野県,1,0,False,,,,,,,,,,,,,,not_confirmed_in_downloaded_distinct_history
6d6497ac0a257cc6,伊那バス,長野県,1,1,True,2025-03-26,2025-03-26,2026-04-01,2026-04-01,8.66,8.659,-0.012,7.355,7.354,-0.014,183.808,183.652,-0.085,measured_all_component_feeds
ab0b0a7ec0089794,阿智村,長野県,1,1,True,2025-04-01,2025-04-01,2026-04-01,2026-04-01,25.092,24.931,-0.642,21.575,21.231,-1.594,468.467,465.663,-0.599,measured_all_component_feeds
5277faacc2db1403,松川町,長野県,1,0,False,,,,,,,,,,,,,,not_confirmed_in_downloaded_distinct_history
03b4a68a30e7783d,下伊那南部地域公共交通対策協議会,長野県,1,1,True,2025-04-01,2025-04-01,2026-04-01,2026-04-01,28.743,28.625,-0.411,19.699,19.602,-0.492,553.652,551.344,-0.417,measured_all_component_feeds
29d55dd7c1d68dde,高森町,長野県,1,1,True,2025-04-01,2025-04-01,2026-04-08,2026-04-08,13.908,13.887,-0.151,12.981,12.344,-4.907,261.25,249.893,-4.347,measured_all_component_feeds
f06bc82ae6008e16,信南交通,長野県,1,1,True,2025-04-01,2025-04-01,2026-04-01,2026-04-01,50.222,51.264,2.075,42.042,43.276,2.935,953.946,987.485,3.516,measured_all_component_feeds
cc301ad9d1e06a3f,喬木村,長野県,1,1,True,2025-03-21,2025-03-21,2026-04-23,2026-04-23,24.475,24.355,-0.49,13.046,12.985,-0.468,240.367,239.121,-0.518,measured_all_component_feeds
4c768d4530768edc,長電バス株式会社,長野県,5,0,False,,,,,,,,,,,,,,not_confirmed_in_downloaded_distinct_history
f9da7e40b6de3c85,池田町,長野県,1,1,True,2025-01-23,2025-01-23,2026-03-14,2026-03-14,55.609,54.462,-2.063,24.393,24.627,0.959,695.872,681.53,-2.061,measured_all_component_feeds
316fca9973bd4cc2,川上村,長野県,1,1,True,2025-03-18,2025-03-18,2026-03-24,2026-03-24,16.844,16.84,-0.024,9.822,9.81,-0.122,287.341,287.115,-0.079,measured_all_component_feeds
4a30fed82cad514c,長野市,長野県,1,1,True,2025-04-01,2025-04-01,2026-04-01,2026-04-01,114.123,220.234,92.98,68.368,138.96,103.253,1084.256,2691.38,148.224,measured_all_component_feeds
f26bbc90dee92ad3,南木曽町,長野県,1,1,True,2025-04-01,2025-04-01,2026-04-01,2026-04-01,19.435,29.199,50.239,10.531,12.195,15.801,206.167,243.701,18.206,measured_all_component_feeds
f6aa534fe33840cb,大桑村,長野県,1,0,False,,,,,,,,,,,,,,not_confirmed_in_downloaded_distinct_history
6213f4c061a2ae7f,大町市,長野県,2,1,False,,,,,,,,,,,,,,not_confirmed_in_downloaded_distinct_history
94ad68ce99c4b0c6,王滝村,長野県,1,0,False,,,,,,,,,,,,,,not_confirmed_in_downloaded_distinct_history
098ab9bf279f9094,塩尻市,長野県,1,1,True,2025-04-01,2025-04-01,2026-04-01,2026-04-01,39.276,38.698,-1.472,33.842,33.269,-1.693,704.465,689.187,-2.169,measured_all_component_feeds
07a038f861ab47c9,諏訪市,長野県,1,1,True,2025-04-01,2025-04-01,2026-04-01,2026-04-01,48.881,23.989,-50.924,62.802,27.044,-56.938,827.287,420.436,-49.179,measured_all_component_feeds
dd48f912e29313b2,須坂市,長野県,1,0,False,,,,,,,,,,,,,,not_confirmed_in_downloaded_distinct_history
f49d08bde3350dcc,東信観光バス,長野県,1,0,False,,,,,,,,,,,,,,not_confirmed_in_downloaded_distinct_history
b2627c72a60b05d5,上田市,長野県,1,0,False,,,,,,,,,,,,,,not_confirmed_in_downloaded_distinct_history
25ec70a07da2e36f,恵那市,岐阜県,1,0,False,,,,,,,,,,,,,,not_confirmed_in_downloaded_distinct_history
96168af835554220,下呂市,岐阜県,1,0,False,,,,,,,,,,,,,,not_confirmed_in_downloaded_distinct_history
cd9a63cb830d4a60,山県市,岐阜県,1,1,True,2025-04-01,2025-04-01,2026-04-01,2026-04-01,19.923,19.985,0.311,14.592,14.649,0.391,276.2,277.037,0.303,measured_all_component_feeds
b5c001fa617bb737,岐阜市,岐阜県,1,1,True,2025-09-01,2025-09-01,2026-09-01,2026-09-01,195.383,190.352,-2.575,145.996,142.107,-2.664,1935.257,1887.524,-2.466,measured_all_component_feeds
d8463c7ceeb20f70,郡上市,岐阜県,1,0,False,,,,,,,,,,,,,,not_confirmed_in_downloaded_distinct_history
c6458b2b6be0d781,八幡観光バス,岐阜県,1,1,True,2025-07-09,2025-07-09,2026-07-21,2026-07-21,25.294,25.484,0.751,24.86,21.034,-15.39,688.261,577.677,-16.067,measured_all_component_feeds
439663fbdf09ee90,羽島市,岐阜県,1,1,True,2025-03-01,2025-03-01,2026-03-14,2026-03-14,70.915,70.477,-0.618,43.319,42.547,-1.782,815.297,808.454,-0.839,measured_all_component_feeds
d23803d6d1fe6f62,七宗町,岐阜県,1,1,True,2025-04-01,2025-04-01,2026-04-01,2026-04-01,40.797,36.011,-11.731,17.478,16.821,-3.759,427.274,413.115,-3.314,measured_all_component_feeds
b962df4999d8f8dc,飛騨市,岐阜県,1,1,True,2025-04-01,2025-04-01,2026-04-01,2026-04-01,80.542,83.916,4.189,60.149,62.759,4.339,1204.922,1295.603,7.526,measured_all_component_feeds
f9f3684ad7886330,揖斐川町,岐阜県,1,0,False,,,,,,,,,,,,,,not_confirmed_in_downloaded_distinct_history
f1395a6ac8895127,海津市,岐阜県,1,1,True,2025-04-01,2025-04-01,2026-04-01,2026-04-01,87.805,87.042,-0.869,43.739,43.517,-0.508,972.28,967.553,-0.486,measured_all_component_feeds
830174a793bbacbc,可児市,岐阜県,1,1,True,2024-12-20,2024-12-20,2026-02-19,2026-02-19,45.215,45.26,0.1,25.591,25.616,0.098,376.008,376.724,0.19,measured_all_component_feeds
d9fd5b3e31a7f46a,笠松町,岐阜県,1,1,True,2025-09-01,2025-09-01,2026-09-24,2026-09-24,20.893,20.977,0.402,19.309,19.386,0.399,303.389,304.606,0.401,measured_all_component_feeds
3b1f66c6c0289772,北恵那交通株式会社,岐阜県,1,1,True,2025-09-06,2025-09-06,2026-09-14,2026-09-14,181.34,175.138,-3.42,88.642,86.521,-2.393,2224.079,2131.366,-4.169,measured_all_component_feeds
5b34520d555eef80,岐阜県美濃加茂市,岐阜県,1,1,True,2025-03-27,2025-03-27,2026-04-01,2026-04-01,104.0,104.0,0.0,81.876,81.837,-0.048,1431.277,1434.093,0.197,measured_all_component_feeds
955fab470fe82245,御嵩町,岐阜県,1,1,True,2025-02-27,2025-02-27,2026-05-20,2026-05-20,15.828,15.748,-0.505,7.929,8.013,1.059,125.142,124.513,-0.503,measured_all_component_feeds
a2c87d36f392ed2f,瑞浪市,岐阜県,1,0,False,,,,,,,,,,,,,,not_confirmed_in_downloaded_distinct_history
7d95ed75e48600d3,岐阜県本巣市,岐阜県,1,0,False,,,,,,,,,,,,,,not_confirmed_in_downloaded_distinct_history
5105e5bb31873e22,中津川市,岐阜県,1,0,False,,,,,,,,,,,,,,not_confirmed_in_downloaded_distinct_history
14edb104d1c03bd1,濃飛乗合自動車（濃飛バス）,岐阜県,3,3,True,2025-04-01,2025-04-01,2026-04-01,2026-04-01,351.832,315.195,-10.413,259.966,233.173,-10.306,6546.686,5780.187,-11.708,measured_all_component_feeds
418d43df59fd3080,名阪近鉄バス,岐阜県,1,1,True,2025-07-01,2025-07-01,2026-07-01,2026-07-01,539.556,543.342,0.702,261.566,262.134,0.217,4608.06,4616.754,0.189,measured_all_component_feeds
c0b360a1c5ff93b2,関市,岐阜県,1,1,True,2025-04-01,2025-04-01,2026-04-01,2026-04-01,27.241,27.241,0.0,23.619,23.619,0.0,614.02,614.02,0.0,measured_all_component_feeds
240be61e9bac238b,白鳥交通,岐阜県,1,1,True,2025-02-04,2025-02-04,2026-04-01,2026-04-01,40.748,36.989,-9.225,30.212,26.511,-12.25,854.851,774.264,-9.427,measured_all_component_feeds
de1fd04691fc82a0,多治見市,岐阜県,1,0,False,,,,,,,,,,,,,,not_confirmed_in_downloaded_distinct_history
1b46428c40996e26,高山市,岐阜県,2,1,False,,,,,,,,,,,,,,not_confirmed_in_downloaded_distinct_history
04afcd6e81f821eb,東濃鉄道株式会社,岐阜県,3,0,False,,,,,,,,,,,,,,not_confirmed_in_downloaded_distinct_history
b015442b14fc089a,土岐市,岐阜県,1,0,False,,,,,,,,,,,,,,not_confirmed_in_downloaded_distinct_history
ab65c7c9dff9f6db,八百津町,岐阜県,2,2,False,,,,,,,,,,,,,,not_confirmed_in_downloaded_distinct_history
bf2a0bd7316bea0b,藤枝市,静岡県,1,0,False,,,,,,,,,,,,,,not_confirmed_in_downloaded_distinct_history
a2b53f0452fbce52,掛川バスサービス株式会社,静岡県,1,0,False,,,,,,,,,,,,,,not_confirmed_in_downloaded_distinct_history
a7fccbf6903c1db4,掛川市,静岡県,1,1,True,2025-04-01,2025-04-01,2026-04-01,2026-04-01,12.927,12.981,0.418,7.664,7.696,0.418,191.343,196.262,2.571,measured_all_component_feeds
2a7012120d7bf2f9,島田市コミュニティバス,静岡県,1,1,True,2025-04-01,2025-04-01,2026-04-01,2026-04-01,128.483,128.333,-0.117,73.687,73.603,-0.114,1380.553,1378.315,-0.162,measured_all_component_feeds
76724c61520c60c4,静岡市自主運行バス,静岡県,5,4,False,,,,,,,,,,,,,,not_confirmed_in_downloaded_distinct_history
1674aafdd72afabb,みよし市,愛知県,1,0,False,,,,,,,,,,,,,,not_confirmed_in_downloaded_distinct_history
ad24427aaf7dfc35,あま市,愛知県,1,0,False,,,,,,,,,,,,,,not_confirmed_in_downloaded_distinct_history
10644de5cbc62e2c,安城市,愛知県,1,1,True,2025-04-18,2025-04-18,2026-06-01,2026-06-01,124.069,124.552,0.389,90.935,93.2,2.491,1303.273,1305.372,0.161,measured_all_component_feeds
f0a62b949c81c008,あおい交通,愛知県,1,1,True,2025-03-30,2025-03-30,2026-04-21,2026-04-21,138.303,145.13,4.936,86.699,90.057,3.873,1675.959,1758.011,4.896,measured_all_component_feeds
367f26a9cc1d545e,知立市,愛知県,1,1,True,2024-10-24,2024-10-24,2025-12-23,2025-12-23,49.282,49.401,0.241,45.885,46.524,1.393,552.084,553.476,0.252,measured_all_component_feeds
b25ab01212f4416c,知多乗合株式会社,愛知県,1,0,False,,,,,,,,,,,,,,not_confirmed_in_downloaded_distinct_history
51902e0a7db29e64,知多市,愛知県,1,0,False,,,,,,,,,,,,,,not_confirmed_in_downloaded_distinct_history
5ef02203d47d9267,愛知県蒲郡市,愛知県,1,0,False,,,,,,,,,,,,,,not_confirmed_in_downloaded_distinct_history
b2dbc8959ae05bcf,碧南市,愛知県,1,0,False,,,,,,,,,,,,,,not_confirmed_in_downloaded_distinct_history
d501390145ea892f,東浦町,愛知県,1,0,False,,,,,,,,,,,,,,not_confirmed_in_downloaded_distinct_history
d6738de4e4c40faf,刈谷市,愛知県,1,0,False,,,,,,,,,,,,,,not_confirmed_in_downloaded_distinct_history
f206fa6dcc9c7844,北名古屋市,愛知県,1,1,True,2025-06-17,2025-06-17,2026-07-27,2026-07-27,72.864,61.354,-15.797,42.519,39.682,-6.672,621.966,493.986,-20.577,measured_all_component_feeds
c9f164492de5be85,北設楽郡公共交通活性化協議会,愛知県,1,0,False,,,,,,,,,,,,,,not_confirmed_in_downloaded_distinct_history
17795a231de33cea,南知多町役場,愛知県,1,0,False,,,,,,,,,,,,,,not_confirmed_in_downloaded_distinct_history
a150614825d4fd08,長久手市,愛知県,1,0,False,,,,,,,,,,,,,,not_confirmed_in_downloaded_distinct_history
3d3498f745c2eec9,名鉄東部交通株式会社,愛知県,1,0,False,,,,,,,,,,,,,,not_confirmed_in_downloaded_distinct_history
4c4bda4e9aa57808,愛知県西尾市,愛知県,1,0,False,,,,,,,,,,,,,,not_confirmed_in_downloaded_distinct_history
45d288ab46a15919,日進市,愛知県,1,0,False,,,,,,,,,,,,,,not_confirmed_in_downloaded_distinct_history
08b0195bfe9286b4,大口町,愛知県,1,0,False,,,,,,,,,,,,,,not_confirmed_in_downloaded_distinct_history
e9f46e5051432948,尾張旭市,愛知県,1,1,True,2025-02-20,2025-02-20,2026-04-01,2026-04-01,35.99,34.897,-3.037,53.17,52.547,-1.172,661.302,653.586,-1.167,measured_all_component_feeds
1ed9276944e13cdb,瀬戸市コミュニティバス,愛知県,1,1,True,2025-04-01,2025-04-01,2026-04-01,2026-04-01,90.651,87.004,-4.023,36.258,36.209,-0.135,565.763,558.817,-1.228,measured_all_component_feeds
dc3fe2de808edf45,新城市,愛知県,1,0,False,,,,,,,,,,,,,,not_confirmed_in_downloaded_distinct_history
0ab39fb6e94f7c25,武豊町,愛知県,1,0,False,,,,,,,,,,,,,,not_confirmed_in_downloaded_distinct_history
99d4d7f296d88b89,東海市,愛知県,1,1,True,2025-03-27,2025-03-27,2026-03-29,2026-03-29,85.855,85.602,-0.295,68.848,68.716,-0.192,784.296,786.631,0.298,measured_all_component_feeds
a04bcadaf5b59f24,コミュニティバス Gruun,愛知県,1,0,False,,,,,,,,,,,,,,not_confirmed_in_downloaded_distinct_history
3992d10d620b08e1,豊明市ひまわりバス,愛知県,1,1,True,2025-04-01,2025-04-01,2026-04-01,2026-04-01,29.425,29.54,0.391,28.641,28.752,0.388,280.276,281.371,0.391,measured_all_component_feeds
668049f405f19758,豊田市,愛知県,2,0,False,,,,,,,,,,,,,,not_confirmed_in_downloaded_distinct_history
534900febdcbb0cf,豊山町,愛知県,1,0,False,,,,,,,,,,,,,,not_confirmed_in_downloaded_distinct_history
7dd07348305faca9,バスネット津,三重県,1,1,True,2024-05-07,2024-05-07,2025-05-07,2025-05-07,7.359,7.328,-0.421,5.274,5.252,-0.417,60.221,59.798,-0.702,measured_all_component_feeds
2a56784094b70e97,伊賀市,三重県,1,1,True,2025-04-01,2025-04-01,2026-04-01,2026-04-01,91.33,89.517,-1.985,66.933,62.781,-6.203,1320.741,1289.925,-2.333,measured_all_component_feeds
e8fc60bafb8c0468,いなべ市,三重県,1,1,True,2025-03-14,2025-03-14,2026-04-01,2026-04-01,106.628,106.188,-0.413,69.757,69.438,-0.457,1330.516,1326.134,-0.329,measured_all_component_feeds
37252b9e42c44ca2,伊勢市,三重県,2,2,False,,,,,,,,,,,,,,not_confirmed_in_downloaded_distinct_history
bbad295b99d028e4,亀山市,三重県,1,1,True,2024-12-05,2024-12-05,2025-12-24,2025-12-24,64.16,63.992,-0.262,36.608,36.513,-0.26,682.042,680.022,-0.296,measured_all_component_feeds
065989f3242db4d2,川越町,三重県,1,0,False,,,,,,,,,,,,,,not_confirmed_in_downloaded_distinct_history
3b200490340155b7,紀宝町,三重県,1,1,True,2024-12-03,2024-12-03,2026-01-15,2026-01-15,24.855,24.847,-0.032,21.132,21.128,-0.019,447.593,447.498,-0.021,measured_all_component_feeds
7affe91f4fb66236,木曽岬町,三重県,1,0,False,,,,,,,,,,,,,,not_confirmed_in_downloaded_distinct_history
b94724e1e11c8584,菰野町,三重県,1,1,True,2025-03-01,2025-03-01,2026-04-01,2026-04-01,27.355,30.759,12.444,20.769,23.721,14.213,357.465,405.849,13.535,measured_all_component_feeds
3bab256709f41106,熊野市,三重県,2,1,False,,,,,,,,,,,,,,not_confirmed_in_downloaded_distinct_history
755f78334a0101f7,桑名市,三重県,1,0,False,,,,,,,,,,,,,,not_confirmed_in_downloaded_distinct_history
77a2bd43ffba906e,松阪市,三重県,1,1,True,2025-04-01,2025-04-01,2026-04-01,2026-04-01,92.359,87.782,-4.956,70.277,64.733,-7.889,1053.088,946.166,-10.153,measured_all_component_feeds
9c331ed26ad3d24f,三重交通(南紀営業所),三重県,1,0,False,,,,,,,,,,,,,,not_confirmed_in_downloaded_distinct_history
7b5323b91d158bfc,三重交通(中勢営業所),三重県,1,0,False,,,,,,,,,,,,,,not_confirmed_in_downloaded_distinct_history
9054866ac42da288,三重交通(伊賀営業所),三重県,1,0,False,,,,,,,,,,,,,,not_confirmed_in_downloaded_distinct_history
df33cf01f1a42b00,三重交通(志摩営業所),三重県,1,0,False,,,,,,,,,,,,,,not_confirmed_in_downloaded_distinct_history
4804a0391bd4610d,三重交通(松阪営業所),三重県,1,0,False,,,,,,,,,,,,,,not_confirmed_in_downloaded_distinct_history
d7ffba0c9b9c74fa,三重交通(四日市営業所),三重県,1,0,False,,,,,,,,,,,,,,not_confirmed_in_downloaded_distinct_history
fde5953a8ba11f07,三重交通(桑名営業所),三重県,1,0,False,,,,,,,,,,,,,,not_confirmed_in_downloaded_distinct_history
46403a81ab310685,三重交通(伊勢営業所),三重県,1,0,False,,,,,,,,,,,,,,not_confirmed_in_downloaded_distinct_history
c506b762db2225ed,明和町,三重県,1,0,False,,,,,,,,,,,,,,not_confirmed_in_downloaded_distinct_history
d3284d2ef4f58b7a,南伊勢町,三重県,1,1,True,2025-08-20,2025-08-20,2026-09-20,2026-09-20,113.782,113.716,-0.058,66.803,66.765,-0.057,1399.896,1399.215,-0.049,measured_all_component_feeds
c4de497042e3a761,三重県名張市,三重県,1,1,True,2025-04-01,2025-04-01,2026-04-01,2026-04-01,54.544,49.142,-9.904,27.121,24.345,-10.236,467.198,389.025,-16.732,measured_all_component_feeds
65d4d24224b4a518,大台町,三重県,1,0,False,,,,,,,,,,,,,,not_confirmed_in_downloaded_distinct_history
46a618bc4afa3021,尾鷲市,三重県,1,0,False,,,,,,,,,,,,,,not_confirmed_in_downloaded_distinct_history
3cc877fe3acb2648,生活バス四日市,三重県,1,1,True,2025-02-13,2025-02-13,2026-04-01,2026-04-01,8.0,8.0,0.0,5.867,5.867,0.0,73.434,74.723,1.755,measured_all_component_feeds
6b32abc949aac89f,志摩市,三重県,1,0,False,,,,,,,,,,,,,,not_confirmed_in_downloaded_distinct_history
dc45d9f674c7eb29,鈴鹿市,三重県,1,0,False,,,,,,,,,,,,,,not_confirmed_in_downloaded_distinct_history
82f8e2a322296fbd,多気町,三重県,1,0,False,,,,,,,,,,,,,,not_confirmed_in_downloaded_distinct_history
86632681cd96861c,鳥羽市,三重県,1,1,True,2025-08-12,2025-08-12,2026-09-01,2026-09-01,78.496,78.355,-0.18,54.324,55.7,2.533,944.705,946.614,0.202,measured_all_component_feeds
0df2f44283a5f464,東員町,三重県,1,0,False,,,,,,,,,,,,,,not_confirmed_in_downloaded_distinct_history
b231d467c29dfdb0,津市,三重県,1,1,True,2025-03-27,2025-03-27,2026-04-01,2026-04-01,86.254,39.356,-54.372,70.361,36.13,-48.651,1382.018,681.516,-50.687,measured_all_component_feeds
25725638edbeda10,度会町,三重県,1,1,True,2025-03-16,2025-03-16,2026-04-01,2026-04-01,2.36,2.36,0.0,1.61,1.669,3.665,41.822,41.876,0.129,measured_all_component_feeds
2e24efa74037fa6f,四日市市,三重県,1,1,True,2024-11-06,2024-11-06,2025-12-01,2025-12-01,9.385,8.412,-10.368,8.187,7.671,-6.303,127.397,126.421,-0.766,measured_all_component_feeds
f8c028722fa3ee00,東近江市,滋賀県,1,1,True,2024-04-01,2024-04-01,2025-04-01,2025-04-01,104.649,104.366,-0.27,69.743,69.534,-0.3,1302.062,1297.529,-0.348,measured_all_component_feeds
25f5a95f365d2379,甲賀市コミュニティバス,滋賀県,1,1,True,2025-04-01,2025-04-01,2026-04-01,2026-04-01,186.462,213.418,14.457,103.131,121.598,17.906,2369.991,2764.805,16.659,measured_all_component_feeds
78b9257d94ba14e6,草津市,滋賀県,1,0,False,,,,,,,,,,,,,,not_confirmed_in_downloaded_distinct_history
378ab4f2c75eff26,近江鉄道,滋賀県,1,1,True,2025-04-01,2025-04-01,2026-06-04,2026-06-04,18.544,18.512,-0.173,15.608,15.581,-0.173,211.757,209.438,-1.095,measured_all_component_feeds
aef4e3ecacfed9e0,長浜市,滋賀県,1,0,False,,,,,,,,,,,,,,not_confirmed_in_downloaded_distinct_history
4b30648412728a98,近江八幡市（あかこんバス）,滋賀県,1,0,False,,,,,,,,,,,,,,not_confirmed_in_downloaded_distinct_history
9863f74a3e136ce4,日野町,滋賀県,1,1,True,2025-04-01,2025-04-01,2026-04-01,2026-04-01,49.946,39.874,-20.166,25.561,20.353,-20.375,485.686,391.366,-19.42,measured_all_component_feeds
108518c2f65ca1ea,湖南市,滋賀県,1,1,True,2025-04-01,2025-04-01,2026-04-01,2026-04-01,97.766,95.571,-2.245,53.353,53.061,-0.547,936.495,922.196,-1.527,measured_all_component_feeds
794bb9caf6c41de1,高島市,滋賀県,1,0,False,,,,,,,,,,,,,,not_confirmed_in_downloaded_distinct_history
f024f25c51707d57,野洲市,滋賀県,1,1,True,2025-04-01,2025-04-01,2026-04-01,2026-04-01,46.184,45.245,-2.033,41.597,40.751,-2.034,774.981,759.255,-2.029,measured_all_component_feeds
4334858809a92bbf,神姫観光株式会社,大阪府,1,1,True,2025-03-16,2025-03-16,2026-04-01,2026-04-01,4.0,4.0,0.0,41.917,40.083,-4.375,1127.969,1156.627,2.541,measured_all_component_feeds
381f9d34c5253639,明石市,兵庫県,1,1,True,2025-04-01,2025-04-01,2026-04-01,2026-04-01,227.992,227.992,0.0,116.246,118.185,1.668,1354.587,1393.14,2.846,measured_all_component_feeds
a84f1780d62f6711,東備西播定住自立圏形成推進協議会,兵庫県,1,1,True,2025-04-01,2025-04-01,2026-04-01,2026-04-01,7.847,7.878,0.395,9.744,9.782,0.39,217.224,220.171,1.357,measured_all_component_feeds
da2690b82cb9e143,赤穂市,兵庫県,1,1,True,2025-04-01,2025-04-01,2026-04-01,2026-04-01,1.17,16.069,1273.419,1.218,15.833,1199.918,21.746,289.99,1233.533,measured_all_component_feeds
78cfe51698f6c2f7,淡路市,兵庫県,1,1,True,2025-02-21,2025-02-21,2026-03-12,2026-03-12,57.448,57.287,-0.28,97.46,97.351,-0.112,2099.22,11989.938,471.162,measured_all_component_feeds
af67b0c25c3ecdbf,福崎町,兵庫県,1,1,True,2025-04-01,2025-04-01,2026-04-01,2026-04-01,29.594,29.433,-0.544,22.788,22.657,-0.575,411.201,408.9,-0.56,measured_all_component_feeds
c0ec2abe4d5fae40,姫路市,兵庫県,1,1,True,2025-04-01,2025-04-01,2026-04-01,2026-04-01,56.877,33.535,-41.039,23.499,14.889,-36.64,243.377,165.429,-32.028,measured_all_component_feeds
509bb0712b56ee5e,神河町,兵庫県,1,0,False,,,,,,,,,,,,,,not_confirmed_in_downloaded_distinct_history
15fca94b47bc0706,小野市,兵庫県,1,1,True,2025-02-01,2025-02-01,2026-04-01,2026-04-01,33.779,34.828,3.105,21.134,21.1,-0.161,392.935,392.241,-0.177,measured_all_component_feeds
0d56b56bd66de99d,市川町,兵庫県,1,1,True,2025-04-01,2025-04-01,2026-05-01,2026-05-01,12.851,12.9,0.381,15.125,15.183,0.383,354.942,356.301,0.383,measured_all_component_feeds
84a055b672744d86,猪名川町,兵庫県,1,1,True,2024-10-01,2024-10-01,2025-10-01,2025-10-01,7.847,7.877,0.382,10.626,10.667,0.386,168.63,169.288,0.39,measured_all_component_feeds
1d24791b4d7eba25,加古川市,兵庫県,1,0,False,,,,,,,,,,,,,,not_confirmed_in_downloaded_distinct_history
b4a54f2399be6b66,上郡町,兵庫県,1,1,True,2024-10-01,2024-10-01,2025-11-01,2025-11-01,60.534,59.75,-1.295,17.664,17.435,-1.296,474.331,468.185,-1.296,measured_all_component_feeds
f511057c68f76932,加西市,兵庫県,2,2,True,2025-04-01,2025-04-01,2026-04-01,2026-04-01,61.908,61.728,-0.291,31.248,31.157,-0.291,571.916,570.252,-0.291,measured_all_component_feeds
f2f3b6f31df3de7d,神鉄タクシー株式会社,兵庫県,2,0,False,,,,,,,,,,,,,,not_confirmed_in_downloaded_distinct_history
a8fd65c38715d60a,山陽タクシー株式会社,兵庫県,1,0,False,,,,,,,,,,,,,,not_confirmed_in_downloaded_distinct_history
e619a910660496f6,東京・日本交通株式会社神戸営業所,兵庫県,1,0,False,,,,,,,,,,,,,,not_confirmed_in_downloaded_distinct_history
f2ab3427cf3bf892,キクヤ交通株式会社,兵庫県,1,0,False,,,,,,,,,,,,,,not_confirmed_in_downloaded_distinct_history
dc25c40a36fd1911,スターハイヤー株式会社,兵庫県,1,0,False,,,,,,,,,,,,,,not_confirmed_in_downloaded_distinct_history
bd7872f15728c2e8,南あわじ市,兵庫県,1,0,False,,,,,,,,,,,,,,not_confirmed_in_downloaded_distinct_history
66e9f405931569f2,西宮市（さくらやまなみバス）,兵庫県,1,0,False,,,,,,,,,,,,,,not_confirmed_in_downloaded_distinct_history
0fe7949bde51db5b,西宮市,兵庫県,2,1,False,,,,,,,,,,,,,,not_confirmed_in_downloaded_distinct_history
4fd1ccc8f3f8581a,「ぐるっと生瀬」運行協議会,兵庫県,1,1,True,2025-04-01,2025-04-01,2026-04-01,2026-04-01,20.74,21.683,4.547,7.432,7.903,6.337,113.129,124.048,9.652,measured_all_component_feeds
e44e923a4b6ca43b,西脇市,兵庫県,1,1,True,2025-04-01,2025-04-01,2026-04-01,2026-04-01,25.034,13.5,-46.073,18.745,10.025,-46.519,309.72,167.019,-46.074,measured_all_component_feeds
bfa69af863f27bbb,佐用町,兵庫県,1,1,True,2025-04-01,2025-04-01,2026-05-01,2026-05-01,11.13,11.08,-0.449,5.812,5.786,-0.447,166.367,165.63,-0.443,measured_all_component_feeds
f19cc086761d29ec,新温泉町民バス「夢つばめ」,兵庫県,1,1,True,2025-03-01,2025-03-01,2026-04-01,2026-04-01,108.985,0.0,-100.0,54.856,0.0,-100.0,1245.244,0.0,-100.0,measured_all_component_feeds
dfbfa41bae0f72c3,株式会社ウイング神姫,兵庫県,1,1,True,2025-04-01,2025-04-01,2026-04-01,2026-04-01,71.318,64.199,-9.982,35.968,32.643,-9.244,754.762,686.446,-9.051,measured_all_component_feeds
bf192fc5c7fad648,篠陽タクシー有限会社,兵庫県,1,1,True,2025-04-01,2025-04-01,2026-04-01,2026-04-01,11.249,11.318,0.613,5.821,5.851,0.515,155.004,155.688,0.441,measured_all_component_feeds
30841bd52059a753,洲本市コミュニティバス,兵庫県,1,1,True,2025-04-01,2025-04-01,2026-04-01,2026-04-01,8.414,16.862,100.404,7.327,14.68,100.355,183.685,368.07,100.381,measured_all_component_feeds
8af3ba1e65af1d94,フクユタクシー,兵庫県,1,0,False,,,,,,,,,,,,,,not_confirmed_in_downloaded_distinct_history
94ec5a53e4ffc1bd,高砂市,兵庫県,1,0,False,,,,,,,,,,,,,,not_confirmed_in_downloaded_distinct_history
9af5db3eaef67451,たつの市,兵庫県,1,1,True,2025-04-01,2025-04-01,2026-04-01,2026-04-01,29.679,29.557,-0.411,30.205,30.081,-0.411,617.277,613.637,-0.59,measured_all_component_feeds
a7dcaf15031f9ef8,豊岡市,兵庫県,2,2,True,2025-02-26,2025-04-01,2026-04-01,2026-04-01,73.209,55.05,-24.804,38.659,33.559,-13.192,747.69,639.146,-14.517,measured_all_component_feeds
80e36f594c8c1662,大和郡山市,奈良県,1,0,False,,,,,,,,,,,,,,not_confirmed_in_downloaded_distinct_history
caeb6b2224486213,大和高田市コミュニティバスきぼう号,奈良県,1,1,True,2025-04-01,2025-04-01,2026-04-01,2026-04-01,13.348,13.348,0.0,19.305,19.305,0.0,179.259,179.259,0.0,measured_all_component_feeds
9cf4670d46004eba,有田川町,和歌山県,1,0,False,,,,,,,,,,,,,,not_confirmed_in_downloaded_distinct_history
2bd6480f87ef3775,中紀バス,和歌山県,1,0,False,,,,,,,,,,,,,,not_confirmed_in_downloaded_distinct_history
f68aae6e777c4dcb,岩出市,和歌山県,1,0,False,,,,,,,,,,,,,,not_confirmed_in_downloaded_distinct_history
eba9cc2aad5e2626,かつらぎ町,和歌山県,1,0,False,,,,,,,,,,,,,,not_confirmed_in_downloaded_distinct_history
ced8e01232dc6a56,紀の川市,和歌山県,1,0,False,,,,,,,,,,,,,,not_confirmed_in_downloaded_distinct_history
cad9c8e1fd143fcf,熊野御坊南海バス,和歌山県,2,1,False,,,,,,,,,,,,,,not_confirmed_in_downloaded_distinct_history
cac812f9ff9efcff,串本タクシー,和歌山県,1,0,False,,,,,,,,,,,,,,not_confirmed_in_downloaded_distinct_history
93f9b320d8365656,明光バス,和歌山県,1,0,False,,,,,,,,,,,,,,not_confirmed_in_downloaded_distinct_history
e2b70194d2e58029,南海りんかんバス,和歌山県,2,1,False,,,,,,,,,,,,,,not_confirmed_in_downloaded_distinct_history
bcf0e549eb803da4,龍神自動車,和歌山県,1,0,False,,,,,,,,,,,,,,not_confirmed_in_downloaded_distinct_history
21500d6267aa8560,田辺市,和歌山県,1,0,False,,,,,,,,,,,,,,not_confirmed_in_downloaded_distinct_history
f5a60f311d4e2b6b,益田市,島根県,1,0,False,,,,,,,,,,,,,,not_confirmed_in_downloaded_distinct_history
7d4b89eb4c2873f7,早島町,岡山県,1,1,True,2025-04-01,2025-04-01,2026-04-01,2026-04-01,40.628,40.966,0.832,14.928,15.176,1.661,235.199,238.9,1.574,measured_all_component_feeds
8ff33a5795ac2fd5,北振バス株式会社,岡山県,1,0,False,,,,,,,,,,,,,,not_confirmed_in_downloaded_distinct_history
b8f620e6d3007214,北振バス株式会社,岡山県,1,0,False,,,,,,,,,,,,,,not_confirmed_in_downloaded_distinct_history
d8f8001f08b52449,鏡野町,岡山県,1,1,True,2025-04-01,2025-04-01,2026-04-01,2026-04-01,17.655,20.199,14.41,15.549,17.45,12.226,353.081,397.71,12.64,measured_all_component_feeds
ea7cf9753b02fce3,真庭市コミュニティバス『まにわくん』,岡山県,1,1,True,2025-04-01,2025-04-01,2026-04-01,2026-04-01,32.207,32.23,0.071,38.569,38.646,0.2,1120.955,1120.873,-0.007,measured_all_component_feeds
f855d437824f374b,奈義町,岡山県,1,0,False,,,,,,,,,,,,,,not_confirmed_in_downloaded_distinct_history
ef464b3fdea9c8eb,新見市,岡山県,1,1,True,2025-06-03,2025-06-03,2026-06-30,2026-06-30,52.437,46.847,-10.66,22.745,18.794,-17.371,565.897,500.594,-11.54,measured_all_component_feeds
7b2f67959fe885f1,瀬戸内市,岡山県,2,1,False,,,,,,,,,,,,,,not_confirmed_in_downloaded_distinct_history
6beb8ee79189ef88,勝央町,岡山県,1,1,True,2025-07-24,2025-07-24,2026-09-11,2026-09-11,15.407,12.571,-18.407,11.042,9.01,-18.402,234.244,191.128,-18.406,measured_all_component_feeds
92e5c5e493557ae6,阿佐海岸鉄道株式会社,徳島県,1,1,True,2025-03-15,2025-03-15,2026-06-11,2026-06-11,16.346,25.739,57.464,9.236,14.495,56.94,238.516,373.788,56.714,measured_all_component_feeds
126c22215149d4e2,東みよし町,徳島県,1,0,False,,,,,,,,,,,,,,not_confirmed_in_downloaded_distinct_history
4a169d52710fc115,海陽町,徳島県,1,1,True,2025-02-03,2025-02-03,2026-04-01,2026-04-01,20.92,20.92,0.0,20.206,20.206,0.0,460.766,460.76,-0.001,measured_all_component_feeds
e8ea0428abe63191,北島町,徳島県,1,0,False,,,,,,,,,,,,,,not_confirmed_in_downloaded_distinct_history
6c20f81da3d46821,松茂町,徳島県,1,0,False,,,,,,,,,,,,,,not_confirmed_in_downloaded_distinct_history
79cd83ec94a17d8a,那賀町,徳島県,1,0,False,,,,,,,,,,,,,,not_confirmed_in_downloaded_distinct_history
44f66019228b9560,鳴門市,徳島県,1,1,True,2025-04-01,2025-04-01,2026-04-07,2026-04-07,28.49,28.464,-0.091,11.497,11.489,-0.07,172.571,172.436,-0.078,measured_all_component_feeds
771e9534464a7690,徳島バス,徳島県,1,0,False,,,,,,,,,,,,,,not_confirmed_in_downloaded_distinct_history
5e572e2a3dec774c,徳島バス南部,徳島県,1,0,False,,,,,,,,,,,,,,not_confirmed_in_downloaded_distinct_history
b4a3b984e8b39756,三好市,徳島県,1,1,True,2025-04-01,2025-04-01,2026-04-01,2026-04-01,103.877,115.356,11.051,63.85,68.692,7.583,1468.752,1590.222,8.27,measured_all_component_feeds
ff7f41a7c451e031,徳島市交通局,徳島県,1,1,True,2025-04-01,2025-04-01,2026-04-01,2026-04-01,148.498,109.379,-26.343,88.496,65.825,-25.618,951.801,705.69,-25.857,measured_all_component_feeds
19cac7a5f2f6d84b,上八万バス運営委員会,徳島県,1,0,False,,,,,,,,,,,,,,not_confirmed_in_downloaded_distinct_history
ee4d27347ce9f3c9,応神ふれあいバス運行協議会,徳島県,1,0,False,,,,,,,,,,,,,,not_confirmed_in_downloaded_distinct_history
66264ba5f3e92934,つるぎ町,徳島県,1,1,True,2025-04-01,2025-04-01,2026-04-01,2026-04-01,15.912,15.943,0.195,18.845,18.866,0.111,393.154,392.861,-0.075,measured_all_component_feeds
2bb00c4604794719,吉野川市,徳島県,1,1,True,2025-03-15,2025-03-15,2026-04-01,2026-04-01,7.969,7.969,0.0,6.442,6.243,-3.089,161.581,158.16,-2.117,measured_all_component_feeds
ca91fc798a0befb1,観音寺市のりあいバス,香川県,1,1,True,2025-01-06,2025-01-06,2026-04-01,2026-04-01,15.397,15.921,3.403,26.095,27.06,3.698,429.825,446.178,3.805,measured_all_component_feeds
2298d9a183607775,琴参バス株式会社,香川県,3,2,False,,,,,,,,,,,,,,not_confirmed_in_downloaded_distinct_history
1fb6bee0e3d4ae4a,三豊市コミュニティバス,香川県,1,1,True,2025-04-01,2025-04-01,2026-04-01,2026-04-01,142.337,140.326,-1.413,108.546,107.182,-1.257,2305.024,2275.749,-1.27,measured_all_component_feeds
4f21ad129e1f7043,直島町,香川県,1,0,False,,,,,,,,,,,,,,not_confirmed_in_downloaded_distinct_history
37628618e0f74a24,西讃観光,香川県,1,0,False,,,,,,,,,,,,,,not_confirmed_in_downloaded_distinct_history
56b7324264b7a179,安芸市,高知県,1,1,True,2025-03-01,2025-03-01,2026-03-01,2026-03-01,31.162,31.149,-0.042,24.517,24.523,0.024,441.376,441.47,0.021,measured_all_component_feeds
9e458242bfce2ead,芸西村,高知県,1,0,False,,,,,,,,,,,,,,not_confirmed_in_downloaded_distinct_history
30de919eef272ee7,いの町,高知県,2,1,False,,,,,,,,,,,,,,not_confirmed_in_downloaded_distinct_history
2f5117c67bd61062,ジェイアール四国バス株式会社,高知県,1,0,False,,,,,,,,,,,,,,not_confirmed_in_downloaded_distinct_history
13a6e284148c1268,香美市,高知県,2,1,False,,,,,,,,,,,,,,not_confirmed_in_downloaded_distinct_history
2445a693c134f77a,株式会社県交北部交通,高知県,1,0,False,,,,,,,,,,,,,,not_confirmed_in_downloaded_distinct_history
86a6b53d524240eb,北川村,高知県,1,1,True,2025-03-01,2025-03-01,2026-04-01,2026-04-01,29.854,29.739,-0.385,15.959,15.898,-0.382,322.585,321.349,-0.383,measured_all_component_feeds
978eefc03e49f305,株式会社高知駅前観光,高知県,2,1,False,,,,,,,,,,,,,,not_confirmed_in_downloaded_distinct_history
5a10a68074d9a2e6,公益財団法人高知県観光コンベンション協会,高知県,1,1,True,2025-08-14,2025-08-14,2026-08-26,2026-08-26,12.416,12.692,2.223,11.174,11.423,2.228,143.68,146.908,2.247,measured_all_component_feeds
f577dacd81c19eea,香南市,高知県,1,0,False,,,,,,,,,,,,,,not_confirmed_in_downloaded_distinct_history
e0f90c75da5e7600,高知高陵交通株式会社,高知県,1,1,True,2025-04-01,2025-04-01,2026-04-01,2026-04-01,66.208,66.2,-0.012,55.615,55.677,0.111,1637.293,1635.561,-0.106,measured_all_component_feeds
d7889a09cadaf934,高知西南交通株式会社,高知県,5,4,False,,,,,,,,,,,,,,not_confirmed_in_downloaded_distinct_history
7aaa8829daed2cb9,須崎市,高知県,1,0,False,,,,,,,,,,,,,,not_confirmed_in_downloaded_distinct_history
f07cbf6e254eeca8,高知東部交通株式会社,高知県,1,1,True,2025-03-15,2025-03-15,2026-04-01,2026-04-01,79.188,80.13,1.19,121.142,121.656,0.424,3584.563,3599.756,0.424,measured_all_component_feeds
1ff38f65d34f6fa2,津野町,高知県,1,1,True,2025-05-07,2025-05-07,2026-06-04,2026-06-04,19.0,17.947,-5.542,13.924,13.782,-1.02,301.41,295.305,-2.025,measured_all_component_feeds
791b873a3a70fc7d,有限会社黒岩観光,高知県,1,1,True,2025-07-01,2025-07-01,2026-09-01,2026-09-01,46.085,45.774,-0.675,23.391,23.228,-0.697,696.354,691.996,-0.626,measured_all_component_feeds
06127f36e21f81a7,三原村,高知県,1,1,True,2024-11-01,2024-11-01,2025-11-01,2025-11-01,15.207,15.212,0.033,10.268,10.232,-0.351,208.756,208.598,-0.076,measured_all_component_feeds
efa058ba678f865e,本山町,高知県,1,1,True,2024-10-01,2024-10-01,2025-10-01,2025-10-01,5.504,5.489,-0.273,4.061,4.448,9.53,60.855,65.132,7.028,measured_all_component_feeds
caaed3c5d20cedb5,室戸市,高知県,1,1,True,2024-10-01,2024-10-01,2025-10-01,2025-10-01,13.905,13.885,-0.144,9.172,9.167,-0.055,144.504,144.556,0.036,measured_all_component_feeds
e74f8e0297310c23,中土佐町,高知県,1,0,False,,,,,,,,,,,,,,not_confirmed_in_downloaded_distinct_history
1cbc1f36772e9844,南国市,高知県,1,0,False,,,,,,,,,,,,,,not_confirmed_in_downloaded_distinct_history
d918491da3d91640,仁淀川町,高知県,1,1,True,2025-07-01,2025-07-01,2026-07-01,2026-07-01,48.605,48.234,-0.763,17.11,16.993,-0.684,404.777,402.395,-0.588,measured_all_component_feeds
4419f79ed84914eb,大月町,高知県,1,0,False,,,,,,,,,,,,,,not_confirmed_in_downloaded_distinct_history
c5c8eb0ae04e4623,有限会社嶺北観光自動車,高知県,1,1,True,2025-07-01,2025-07-01,2026-07-01,2026-07-01,85.884,88.016,2.482,41.835,45.152,7.929,1141.701,1212.704,6.219,measured_all_component_feeds
24b96d12b0e7fcd5,佐川町,高知県,1,1,True,2025-01-06,2025-01-06,2026-03-16,2026-03-16,26.0,21.664,-16.677,18.077,15.861,-12.259,251.491,224.373,-10.783,measured_all_component_feeds
8fc2ddddcc767bdc,株式会社四万十交通,高知県,2,2,True,2025-03-01,2025-04-01,2026-03-01,2026-04-10,86.486,67.124,-22.387,54.878,50.725,-7.568,1464.198,1385.223,-5.394,measured_all_component_feeds
051a98597bc9a2a0,四万十市,高知県,1,1,True,2025-04-01,2025-04-01,2026-05-15,2026-05-15,12.382,12.452,0.565,9.213,9.275,0.673,201.228,202.605,0.684,measured_all_component_feeds
e9bc01fa9507f99d,四万十町,高知県,1,0,False,,,,,,,,,,,,,,not_confirmed_in_downloaded_distinct_history
22bdeb765eb9b2b3,宿毛市,高知県,2,1,False,,,,,,,,,,,,,,not_confirmed_in_downloaded_distinct_history
873566ceb024ef81,田野町,高知県,1,0,False,,,,,,,,,,,,,,not_confirmed_in_downloaded_distinct_history
681d012c88b18908,土佐市,高知県,1,1,True,2024-12-01,2024-12-01,2026-03-01,2026-03-01,31.358,31.119,-0.762,28.763,28.497,-0.925,684.389,678.911,-0.8,measured_all_component_feeds
109a5e6e3855370d,とさでん交通株式会社,高知県,2,2,True,2025-09-01,2025-09-01,2026-09-01,2026-09-01,429.455,426.455,-0.699,337.295,335.286,-0.596,5829.954,5800.014,-0.514,measured_all_component_feeds
fab44ef0e6707072,土佐清水市,高知県,1,1,True,2024-09-01,2024-09-01,2025-10-01,2025-10-01,15.019,14.897,-0.812,12.719,12.616,-0.81,271.914,269.695,-0.816,measured_all_component_feeds
2720cde1c5094341,安田町,高知県,1,0,False,,,,,,,,,,,,,,not_confirmed_in_downloaded_distinct_history
aaf96b1f46338026,甘木観光バス,福岡県,1,0,False,,,,,,,,,,,,,,not_confirmed_in_downloaded_distinct_history
45cefe0fd8758009,芦屋タウンバス,福岡県,1,0,False,,,,,,,,,,,,,,not_confirmed_in_downloaded_distinct_history
7866e489d4c14e8e,豊前市,福岡県,1,0,False,,,,,,,,,,,,,,not_confirmed_in_downloaded_distinct_history
7ae15c12ab48af37,筑後市,福岡県,1,0,False,,,,,,,,,,,,,,not_confirmed_in_downloaded_distinct_history
1723c1b3b38066fd,築上町,福岡県,1,0,False,,,,,,,,,,,,,,not_confirmed_in_downloaded_distinct_history
debe99c70a4444b3,太宰府市,福岡県,1,0,False,,,,,,,,,,,,,,not_confirmed_in_downloaded_distinct_history
f37a9df203952b31,川崎町,福岡県,1,0,False,,,,,,,,,,,,,,not_confirmed_in_downloaded_distinct_history
3e9de2a66669e4e0,古賀市公共施設等連絡バス コガバス,福岡県,1,0,False,,,,,,,,,,,,,,not_confirmed_in_downloaded_distinct_history
11fa9fd79fd208aa,株式会社姪浜タクシー,福岡県,1,0,False,,,,,,,,,,,,,,not_confirmed_in_downloaded_distinct_history
3bd4c867ae52be24,福津市,福岡県,1,1,True,2025-04-01,2025-04-01,2026-04-01,2026-04-01,33.13,40.797,23.142,35.449,38.232,7.851,590.504,691.788,17.152,measured_all_component_feeds
872d6c6323482ad6,久山町,福岡県,1,0,False,,,,,,,,,,,,,,not_confirmed_in_downloaded_distinct_history
993f5e87c42616f3,嘉麻市,福岡県,1,1,True,2025-04-01,2025-04-01,2026-04-01,2026-04-01,106.168,104.08,-1.967,71.604,68.97,-3.679,1445.616,1413.045,-2.253,measured_all_component_feeds
5bc658eded155bd7,苅田町コミュニティバス,福岡県,1,0,False,,,,,,,,,,,,,,not_confirmed_in_downloaded_distinct_history
85d539f6c83212e6,春日市,福岡県,1,0,False,,,,,,,,,,,,,,not_confirmed_in_downloaded_distinct_history
b181cb351fbf22d4,恒見・喜多久地区おでかけ交通,福岡県,1,1,True,2025-04-01,2025-04-01,2026-04-01,2026-04-01,15.08,14.897,-1.214,5.859,5.788,-1.212,156.383,154.476,-1.219,measured_all_component_feeds
9a2ee1297c6d7178,大蔵地区おでかけ交通,福岡県,1,1,True,2025-04-01,2025-04-01,2026-04-01,2026-04-01,16.966,16.828,-0.813,5.482,5.438,-0.803,61.387,60.888,-0.813,measured_all_component_feeds
e68117862fb6a38b,合馬・道原地区おでかけ交通,福岡県,1,1,True,2025-04-01,2025-04-01,2026-04-01,2026-04-01,14.138,14.023,-0.813,3.346,3.319,-0.807,72.669,72.078,-0.813,measured_all_component_feeds
686b98b9cf5154d5,木屋瀬・楠橋・星ヶ丘地区おでかけ交通,福岡県,1,0,False,,,,,,,,,,,,,,not_confirmed_in_downloaded_distinct_history
e826c77920aa010b,東谷地区おでかけ交通,福岡県,1,1,True,2025-04-01,2025-04-01,2026-04-01,2026-04-01,10.199,10.157,-0.412,6.908,6.879,-0.42,118.124,117.635,-0.414,measured_all_component_feeds
614c6533abef7e26,枝光地区おでかけ交通,福岡県,1,0,False,,,,,,,,,,,,,,not_confirmed_in_downloaded_distinct_history
bc1d79790bbac2e9,平尾台地区おでかけ交通,福岡県,1,1,True,2025-03-20,2025-03-20,2026-03-20,2026-03-20,0.366,0.398,8.743,0.153,0.166,8.497,2.676,2.91,8.744,measured_all_component_feeds
a621426035032b30,田代・河内地区おでかけ交通,福岡県,1,1,True,2025-04-01,2025-04-01,2026-04-01,2026-04-01,13.425,13.349,-0.566,4.699,4.672,-0.575,95.269,94.724,-0.572,measured_all_component_feeds
fd118108249898bb,鞍手町,福岡県,1,0,False,,,,,,,,,,,,,,not_confirmed_in_downloaded_distinct_history
ee348a96c795a247,みやま市,福岡県,1,0,False,,,,,,,,,,,,,,not_confirmed_in_downloaded_distinct_history
827cd9cf33a71f69,宮若市,福岡県,1,0,False,,,,,,,,,,,,,,not_confirmed_in_downloaded_distinct_history
a168f9d5f48716db,水巻町,福岡県,1,0,False,,,,,,,,,,,,,,not_confirmed_in_downloaded_distinct_history
aa74bb1dc8423fa2,宗像市,福岡県,2,0,False,,,,,,,,,,,,,,not_confirmed_in_downloaded_distinct_history
8e1f5e6fca2c9efd,宮若市・宗像市,福岡県,1,0,False,,,,,,,,,,,,,,not_confirmed_in_downloaded_distinct_history
69bc77d46412dc19,直方市コミュニティバス,福岡県,1,0,False,,,,,,,,,,,,,,not_confirmed_in_downloaded_distinct_history
e658098be783030c,遠賀町コミュニティバス,福岡県,1,0,False,,,,,,,,,,,,,,not_confirmed_in_downloaded_distinct_history
17e3c7809d6f3908,新宮町コミュニティバスマリンクス,福岡県,1,1,True,2025-03-01,2025-03-01,2026-03-01,2026-03-01,55.721,58.838,5.594,40.475,45.316,11.96,601.337,675.861,12.393,measured_all_component_feeds
3ced3ec49a64d543,福岡県添田町（添田町バス）,福岡県,1,1,True,2025-04-01,2025-04-01,2026-04-01,2026-04-01,19.64,32.322,64.572,8.571,17.513,104.329,135.573,302.963,123.469,measured_all_component_feeds
6fdb09f180072eb2,須恵町,福岡県,1,1,True,2025-04-01,2025-04-01,2026-04-01,2026-04-01,49.042,74.663,52.243,22.657,31.551,39.255,282.355,405.588,43.645,measured_all_component_feeds
6d25a4fda1c2584e,田川市コミュニティバス,福岡県,1,0,False,,,,,,,,,,,,,,not_confirmed_in_downloaded_distinct_history
47da422c9d0bbcef,太陽交通株式会社,福岡県,1,0,False,,,,,,,,,,,,,,not_confirmed_in_downloaded_distinct_history
129367897449dd64,柳川市,福岡県,1,1,True,2024-10-01,2024-10-01,2025-10-01,2025-10-01,29.031,29.034,0.01,34.439,34.569,0.377,442.167,443.902,0.392,measured_all_component_feeds
19a04eb209d455e5,伊万里市,佐賀県,1,0,False,,,,,,,,,,,,,,not_confirmed_in_downloaded_distinct_history
35e99b31d3eaab05,平戸市,長崎県,1,0,False,,,,,,,,,,,,,,not_confirmed_in_downloaded_distinct_history
eb3cb99dadebbb16,熊本バス,熊本県,1,0,False,,,,,,,,,,,,,,not_confirmed_in_downloaded_distinct_history
f9c4176b4dfac6be,熊本都市バス,熊本県,1,0,False,,,,,,,,,,,,,,not_confirmed_in_downloaded_distinct_history
0838bcbc216392a8,熊本電鉄バス,熊本県,1,0,False,,,,,,,,,,,,,,not_confirmed_in_downloaded_distinct_history
f081c0b7664a316a,九州産交バス,熊本県,1,0,False,,,,,,,,,,,,,,not_confirmed_in_downloaded_distinct_history
e5a13ec8ddb4886b,玖珠町,大分県,1,0,False,,,,,,,,,,,,,,not_confirmed_in_downloaded_distinct_history
0dd77c8bb972416a,中津市,大分県,18,0,False,,,,,,,,,,,,,,not_confirmed_in_downloaded_distinct_history
94d2d47c4c53d36e,かごしま市コミュニティバス「あいばす」,鹿児島県,1,1,True,2025-04-01,2025-04-01,2026-04-01,2026-04-01,51.207,54.707,6.835,46.009,44.574,-3.119,841.275,796.966,-5.267,measured_all_component_feeds
c15780f74117aaec,八重瀬町役場,沖縄県,1,0,False,,,,,,,,,,,,,,not_confirmed_in_downloaded_distinct_history
0ee1b995e9ffc05e,合同会社やんばる急行バス,沖縄県,1,1,True,2025-04-01,2025-04-01,2026-04-21,2026-04-21,38.0,44.541,17.213,75.1,72.549,-3.397,2273.109,2224.529,-2.137,measured_all_component_feeds
