operator_id,agency_name,agency_url,prefectures,match_class,reason
9de42043b1699c03,岩宇地域公共交通活性化協議会,https://www.town.kyowa.hokkaido.jp/life/?category=18,北海道,not_evaluable,official LINKS raw files were not acquired; this is not Match E
246bf7b3d1fdba6f,石狩湾新港地域公共交通サービス推進協議会（事務局石狩市）,https://www.city.ishikari.hokkaido.jp/kurashi/doro/1001842/1002334.html,北海道,not_evaluable,official LINKS raw files were not acquired; this is not Match E
0aa8f63a0007a2f1,上士幌町,https://www.kamishihoro.jp/page/00000347,北海道,not_evaluable,official LINKS raw files were not acquired; this is not Match E
a0923bc2e16982b5,根室交通株式会社,http://nemurokotsu.com/,北海道,not_evaluable,official LINKS raw files were not acquired; this is not Match E
2804fca7e5bf649f,深浦町,https://www.town.fukaura.lg.jp/fixed_docs/2023040300013/,青森県,not_evaluable,official LINKS raw files were not acquired; this is not Match E
c5d9141c98a36031,五所川原市,https://www.city.goshogawara.lg.jp/kurashi/machi/2020-1002-1614-111.html,青森県,not_evaluable,official LINKS raw files were not acquired; this is not Match E
9d4bca15fbb719d7,八戸市交通部,https://www.city.hachinohe.aomori.jp/section/bus/,青森県,not_evaluable,official LINKS raw files were not acquired; this is not Match E
de040b6f0cfaafdb,八戸市,https://www.city.hachinohe.aomori.jp/soshikikarasagasu/nangojimusho/1/4673.html,青森県,not_evaluable,official LINKS raw files were not acquired; this is not Match E
0bfc8427a50748b0,階上町コミュニティバス,"https://www.town.hashikami.lg.jp/index.cfm/7,0,72,225,html",青森県,not_evaluable,official LINKS raw files were not acquired; this is not Match E
bacb04f95615f3c8,平川市,https://www.city.hirakawa.lg.jp/kurashi/koutsu/hirakawashibasu.html,青森県,not_evaluable,official LINKS raw files were not acquired; this is not Match E
d4b23b4bdc71e955,平内町,https://www.town.hiranai.aomori.jp/kurashi/doro_chominbus_kotsuanzen/2/index.html,青森県,not_evaluable,official LINKS raw files were not acquired; this is not Match E
78cc2a5f356d9247,北星交通株式会社,https://www.hokuseikotsu.co.jp/,青森県,not_evaluable,official LINKS raw files were not acquired; this is not Match E
5dab992ca8c3a8ec,東日本旅客鉄道株式会社,https://traininfo.jreast.co.jp/train_info/line.aspx?gid=4&lineid=tsugaruline,青森県,not_evaluable,official LINKS raw files were not acquired; this is not Match E
548b3da28a71befd,黒石市,http://www.city.kuroishi.aomori.jp/kurashi/transportation/pra_main.html,青森県,not_evaluable,official LINKS raw files were not acquired; this is not Match E
5134fb453e7c3c9d,三沢市,"https://www.city.misawa.lg.jp/index.cfm/22,2370,66,295,html",青森県,not_evaluable,official LINKS raw files were not acquired; this is not Match E
f2f147fd2f450aab,中泊町,https://www.town.nakadomari.lg.jp/soshikikarasagasu/sogosenryakuka/gyomuannai/7/1/4530.html,青森県,not_evaluable,official LINKS raw files were not acquired; this is not Match E
38e5047e6cd492fd,大鰐町,http://www.town.owani.lg.jp/kurashi/sumai/kotsu/,青森県,not_evaluable,official LINKS raw files were not acquired; this is not Match E
b3ee570bc23f5fee,七戸町,http://www.town.shichinohe.lg.jp/,青森県,not_evaluable,official LINKS raw files were not acquired; this is not Match E
8907f35fd5ab3d5f,下北交通,https://shimoko.jp/?page_id=58,青森県,not_evaluable,official LINKS raw files were not acquired; this is not Match E
069833ffbbcdb288,新郷村,https://www.vill.shingo.aomori.jp/sight/sight_main/sight-map/,青森県,not_evaluable,official LINKS raw files were not acquired; this is not Match E
17078b1fa6473a4a,外ヶ浜町,https://www.town.sotogahama.lg.jp/kurashi/koutsuu/,青森県,not_evaluable,official LINKS raw files were not acquired; this is not Match E
d60dac0394673a9c,東北町,https://www.town.tohoku.lg.jp/kurashi/life/bus.html,青森県,not_evaluable,official LINKS raw files were not acquired; this is not Match E
8a3c5859abe57af0,十和田市,https://www.city.towada.lg.jp/kurashi/koutsuu/,青森県,not_evaluable,official LINKS raw files were not acquired; this is not Match E
adb26ef7e9bdf45c,十和田観光電鉄,https://www.toutetsu.co.jp/jikoku.htm,青森県,not_evaluable,official LINKS raw files were not acquired; this is not Match E
ae9f8c6992d7582a,つがる市,https://www.city.tsugaru.aomori.jp/soshiki/somu/tiikisousei/kikakusinnkou/kokyokotu/index.html,青森県,not_evaluable,official LINKS raw files were not acquired; this is not Match E
e765610193cddfda,鶴田町,https://www.town.tsuruta.lg.jp/kurashi/post-1084.html,青森県,not_evaluable,official LINKS raw files were not acquired; this is not Match E
ce53a56d8db7dbb4,蓬田村,https://www.vill.yomogita.lg.jp/kurashi/kotsu/bus.html,青森県,not_evaluable,official LINKS raw files were not acquired; this is not Match E
8bf28ba4bb543b2b,花巻市コミュニティバス,https://www.city.hanamaki.iwate.jp/kurashi/douro_kotsu/bus_parking_airport/1001114/1008653/1011460.html,岩手県,not_evaluable,official LINKS raw files were not acquired; this is not Match E
c31dd4aa8951ed33,一関市市営バス,https://www.city.ichinoseki.iwate.jp/index.cfm/8%2C0%2C100%2Chtml,岩手県,not_evaluable,official LINKS raw files were not acquired; this is not Match E
f96b468efd2d1ce6,奥州市,https://www.city.oshu.iwate.jp/site/kanko/40210.html,岩手県,not_evaluable,official LINKS raw files were not acquired; this is not Match E
fbbe97a63e37e723,七ヶ浜町,https://www.shichigahama.com/access/gururinko/,宮城県,not_evaluable,official LINKS raw files were not acquired; this is not Match E
1a5927d42a083774,株式会社タケヤ交通,https://www.takeyakotsu.jp,宮城県,not_evaluable,official LINKS raw files were not acquired; this is not Match E
4a4e95916eba1efc,秋田県仙北市,https://www.city.semboku.akita.jp/citizens/10_01.html,秋田県,not_evaluable,official LINKS raw files were not acquired; this is not Match E
477d250fdc3b4d35,羽後交通株式会社,https://ugokotsu.co.jp/,秋田県,not_evaluable,official LINKS raw files were not acquired; this is not Match E
edfc4ff2a0995737,東根市,https://www.city.higashine.yamagata.jp/section_list/section008/shiminbus/196,山形県,not_evaluable,official LINKS raw files were not acquired; this is not Match E
abe99c7fabd9bf42,河北町,https://www.town.kahoku.yamagata.jp/soshiki/machizukurisuishinka/seikatukankyo/index.html,山形県,not_evaluable,official LINKS raw files were not acquired; this is not Match E
013a6e64fdfbcce1,上山市,https://www.city.kaminoyama.yamagata.jp/soshiki/3/shieibasu20231002.html,山形県,not_evaluable,official LINKS raw files were not acquired; this is not Match E
7d64affbc807efc1,真室川町,https://www.town.mamurogawa.yamagata.jp/kurashi_tetsuzuki/doro_kotsu/1/index.html,山形県,not_evaluable,official LINKS raw files were not acquired; this is not Match E
51791e7f967c3094,最上川交通,https://www.mogamigawakotsu.jp/route_bus,山形県,not_evaluable,official LINKS raw files were not acquired; this is not Match E
5e3e5663935187fc,村山市,https://www.city.murayama.lg.jp/kurashi/koukyoukoutsuu/index.html,山形県,not_evaluable,official LINKS raw files were not acquired; this is not Match E
ca8bd4d54763045a,長井市,https://www.city.nagai.yamagata.jp/kurashi_tetsuzuki/kokyokotsu/1/3088.html,山形県,not_evaluable,official LINKS raw files were not acquired; this is not Match E
b43b3d13a2442768,中山町,https://www.town.nakayama.yamagata.jp/kurashi/kokyokotsu/bus/771.html,山形県,not_evaluable,official LINKS raw files were not acquired; this is not Match E
f24e7858993c921f,南陽市,http://www.city.nanyo.yamagata.jp/bus/,山形県,not_evaluable,official LINKS raw files were not acquired; this is not Match E
026ce0a528318120,西川町,https://www.town.nishikawa.yamagata.jp/soshiki/chomin/1272.html,山形県,not_evaluable,official LINKS raw files were not acquired; this is not Match E
fccd5a7da1d9edd9,尾花沢市,http://www.city.obanazawa.yamagata.jp/kurashi/kotsu/rosen-bus-service/507,山形県,not_evaluable,official LINKS raw files were not acquired; this is not Match E
76fa06b956b05eae,大江町,http://www.town.oe.yamagata.jp/government/ooe-overview/koutu/236,山形県,not_evaluable,official LINKS raw files were not acquired; this is not Match E
d86098d78d89a20f,大蔵村,https://www.vill.ohkura.yamagata.jp/kurashi_tetsuzuki/doro_kotsu/kokyokotsu/index.html,山形県,not_evaluable,official LINKS raw files were not acquired; this is not Match E
91cf1c46654af62d,寒河江市,http://www.city.sagae.yamagata.jp/kurashi/koutsu/sinaijyunkanbass1.html,山形県,not_evaluable,official LINKS raw files were not acquired; this is not Match E
ea2d34630cb33a77,酒田市,http://www.city.sakata.lg.jp/sangyo/kotsu/runrunbas/index.html,山形県,not_evaluable,official LINKS raw files were not acquired; this is not Match E
886ef73b2a2b067d,鮭川村,https://www.vill.sakegawa.yamagata.jp/seikatsu/traffic/1075,山形県,not_evaluable,official LINKS raw files were not acquired; this is not Match E
0043a735b4386dd8,新庄市,https://www.city.shinjo.yamagata.jp/g/kurashi/020/080/index.html,山形県,not_evaluable,official LINKS raw files were not acquired; this is not Match E
9c38a582e77d784e,白鷹町,https://www.town.shirataka.lg.jp/1198.htm,山形県,not_evaluable,official LINKS raw files were not acquired; this is not Match E
b12a41ad27980e85,庄内交通,http://www.shonaikotsu.jp/,山形県,not_evaluable,official LINKS raw files were not acquired; this is not Match E
553be593d3b76cd4,庄内町,https://www.town.shonai.lg.jp/kurashi/koutsu/choueibasu/bus_time.html,山形県,not_evaluable,official LINKS raw files were not acquired; this is not Match E
34eb8c4dbd3a7172,天童市,https://www.city.tendo.yamagata.jp/lifeinfo/shisetsu/siminnbasu.html,山形県,not_evaluable,official LINKS raw files were not acquired; this is not Match E
5ada3bab740615df,戸沢村,http://www.vill.tozawa.yamagata.jp/life/seikatsu_kotsu_jutaku/bus/,山形県,not_evaluable,official LINKS raw files were not acquired; this is not Match E
bd51c429d56fb0fd,鶴岡市,https://www.city.tsuruoka.lg.jp/seibi/tiikikoukyoukoutu/tiikikoukyoukoutu.html,山形県,not_evaluable,official LINKS raw files were not acquired; this is not Match E
8994c33c4ecb087b,朝日町,https://www.town.asahi.yamagata.jp/portal/life/sumai_doro_kasen/kokyokotsu/index.html,山形県,not_evaluable,official LINKS raw files were not acquired; this is not Match E
899dfba9d7a6b707,金山町,https://www.town.kaneyama.yamagata.jp/machinososhiki/chominzeimuka/kurashianzenkakari/2/index.html,山形県,not_evaluable,official LINKS raw files were not acquired; this is not Match E
0a541ac12de88fb2,小国町,https://www.town.oguni.yamagata.jp/life/1/5/22/,山形県,not_evaluable,official LINKS raw files were not acquired; this is not Match E
74ea17838d24a47a,山形市,https://www.city.yamagata-yamagata.lg.jp/kurashi/kotsu/1006588/index.html,山形県,not_evaluable,official LINKS raw files were not acquired; this is not Match E
d0d9f8e2e5cdf7c6,山形交通,https://www.yamakobus.jp/,山形県,not_evaluable,official LINKS raw files were not acquired; this is not Match E
8ea7e531b8e81347,山辺町,https://www.town.yamanobe.yamagata.jp/life/2/19/90/,山形県,not_evaluable,official LINKS raw files were not acquired; this is not Match E
d6ae6c03825b66ef,米沢市,https://www.city.yonezawa.yamagata.jp/category/kurashi_tetsuzuki/12/index.html,山形県,not_evaluable,official LINKS raw files were not acquired; this is not Match E
9c1327adceb9c2f1,本宮市,https://www.city.motomiya.lg.jp/soshiki/10/combus.html,福島県,not_evaluable,official LINKS raw files were not acquired; this is not Match E
30dc09f05ee8c16b,大玉村,https://www.vill.otama.fukushima.jp/profile/access/otamabus/,福島県,not_evaluable,official LINKS raw files were not acquired; this is not Match E
136b39d527cb93de,新常磐交通,https://www.joko.co.jp/,福島県,not_evaluable,official LINKS raw files were not acquired; this is not Match E
be9784b9e6658b4d,柳津町,https://www.town.yanaizu.fukushima.jp/docs/2017121200026/,福島県,not_evaluable,official LINKS raw files were not acquired; this is not Match E
f700ce6fed51e2ec,行方市,https://www.city.namegata.ibaraki.jp/page/page013982.html,茨城県,not_evaluable,official LINKS raw files were not acquired; this is not Match E
ba7675187b917f3a,大利根交通バス,https://otonekotu.com/,茨城県,not_evaluable,official LINKS raw files were not acquired; this is not Match E
7a171cb9df8f77cf,龍ケ崎市役所,https://www.city.ryugasaki.ibaraki.jp/kurashi/seikatsu/kokyokotsu/community-bus/20190829144557947.html,茨城県,not_evaluable,official LINKS raw files were not acquired; this is not Match E
f089ee74d88672ca,土浦市コミュニティ交通「つちまるバス」,https://www.city.tsuchiura.lg.jp/page/page016452.html,茨城県,not_evaluable,official LINKS raw files were not acquired; this is not Match E
283d2e777f5a9a56,つくばね号,https://www.city.tsukuba.lg.jp/soshikikarasagasu/toshikeikakubusogokotsuseisakuka/gyomuannai/2/1/1018463.html,茨城県,not_evaluable,official LINKS raw files were not acquired; this is not Match E
9ee61b5870c58eb7,つくバス,https://www.city.tsukuba.lg.jp/soshikikarasagasu/toshikeikakubusogokotsuseisakuka/gyomuannai/2/1/index.html,茨城県,not_evaluable,official LINKS raw files were not acquired; this is not Match E
b54bf170ea5d6044,結城市巡回バス,https://www.city.yuki.lg.jp/kurashi-tetsuzuki/kankyou-koutsuu/koutsuu/page003202.html,茨城県,not_evaluable,official LINKS raw files were not acquired; this is not Match E
08ba5678e649cd09,足利市,https://www.city.ashikaga.tochigi.jp/,栃木県,not_evaluable,official LINKS raw files were not acquired; this is not Match E
e5e05eb5ecbb2059,壬生町,https://www.town.mibu.tochigi.jp/docs/2023012800015/,栃木県,not_evaluable,official LINKS raw files were not acquired; this is not Match E
a2fb3b7547d8b7ed,那須塩原市,https://www.city.nasushiobara.tochigi.jp/soshikikarasagasu/kb/doro_kotsu/3/4725.html,栃木県,not_evaluable,official LINKS raw files were not acquired; this is not Match E
91c5ab096dbf9452,那須町,https://www.town.nasu.lg.jp/0085/info-0000000031-1.html,栃木県,not_evaluable,official LINKS raw files were not acquired; this is not Match E
aac11cfd88a794f0,日光市,http://www.nikko.city.lg.jp,栃木県,not_evaluable,official LINKS raw files were not acquired; this is not Match E
c295e79433c4a357,大田原市,https://www.city.ohtawara.tochigi.jp/docs/2024010500020/,栃木県,not_evaluable,official LINKS raw files were not acquired; this is not Match E
24449943a5b6b824,矢板市,https://www.city.yaita.tochigi.jp/soshiki/seikatsukankyou/koutsuu-renewal.html,栃木県,not_evaluable,official LINKS raw files were not acquired; this is not Match E
713a5385e559a9d8,安中市,https://www.city.annaka.lg.jp/page/2441.html,群馬県,not_evaluable,official LINKS raw files were not acquired; this is not Match E
40729f8d22d90fef,太田市,https://www.city.ota.gunma.jp/soshiki/19/,群馬県,not_evaluable,official LINKS raw files were not acquired; this is not Match E
6c2a679d71a201a2,永井運輸株式会社,https://www.nagai-unyu.net/,群馬県,not_evaluable,official LINKS raw files were not acquired; this is not Match E
234d2fea43acd09c,大泉町,https://www.town.oizumi.gunma.jp/s022/kurashi/020/010/010/020/20200903195915.html,群馬県,not_evaluable,official LINKS raw files were not acquired; this is not Match E
3a2fe864b6d5b773,飯能市乗合ワゴン,https://www.city.hanno.lg.jp/kurashi_seikatsukankyo/kotsu/kokyokotsu/7/7926.html,埼玉県,not_evaluable,official LINKS raw files were not acquired; this is not Match E
e13154d750430422,熊谷市ゆうゆうバス,https://www.city.kumagaya.lg.jp/about/soshiki/sogo/kikaku/koutu/yuuyuubasu.html,埼玉県,not_evaluable,official LINKS raw files were not acquired; this is not Match E
4d596b89f5ac3dec,さいたま市乗合タクシー,https://www.city.saitama.jp/index.html,埼玉県,not_evaluable,official LINKS raw files were not acquired; this is not Match E
6b60e8acc7d1fc0b,さいたま市コミュニティバス,https://www.city.saitama.jp/index.html,埼玉県,not_evaluable,official LINKS raw files were not acquired; this is not Match E
03442301fcfd8ff0,さいたま市,https://www.city.saitama.jp/index.html,埼玉県,not_evaluable,official LINKS raw files were not acquired; this is not Match E
6e608d3f463c0432,和光市,https://www.city.wako.lg.jp/machizukuri/kotsu/1010340/1011000/1005973/index.html,埼玉県,not_evaluable,official LINKS raw files were not acquired; this is not Match E
e74250ccd6c6ea4d,有限会社大成交通,https://taiseikoutu.com/,千葉県,not_evaluable,official LINKS raw files were not acquired; this is not Match E
2dfa9193a233104f,なの花交通バス株式会社,https://www.nanohanabus.com/,千葉県,not_evaluable,official LINKS raw files were not acquired; this is not Match E
de81319065f8ad26,香取市,https://www.city.katori.lg.jp/living/kotsu_doro/kokyo_kotsu/bus/community-bus202410/index.html,千葉県,not_evaluable,official LINKS raw files were not acquired; this is not Match E
808d4e350feb0cc3,京成バス千葉ウエスト株式会社　塩浜営業所,https://www.transitbus.co.jp/web/,千葉県,not_evaluable,official LINKS raw files were not acquired; this is not Match E
6ddc9a59681e7785,君津市,https://www.city.kimitsu.lg.jp/soshiki/12/2371.html,千葉県,not_evaluable,official LINKS raw files were not acquired; this is not Match E
458ef8ea983db080,日東交通（株）,https://www.nitto-kotsu.co.jp/rosen/,千葉県,not_evaluable,official LINKS raw files were not acquired; this is not Match E
f478597598ecb9d9,松戸市,https://www.city.matsudo.chiba.jp/kurashi/douro/bus_noriba-jikoku/yumeiro_bus/pokettojikokuhyou.html,千葉県,not_evaluable,official LINKS raw files were not acquired; this is not Match E
bf41197930009668,流山市,https://www.city.nagareyama.chiba.jp/life/1002088/1002101/1002103/,千葉県,not_evaluable,official LINKS raw files were not acquired; this is not Match E
61761106aa394262,成田市,https://www.city.narita.chiba.jp/kurashi/page105700.html,千葉県,not_evaluable,official LINKS raw files were not acquired; this is not Match E
464f9b87dda32d02,四街道市,https://www.city.yotsukaido.chiba.jp/kurashi/kotsu/koukyokotsu/bus/rosenzu.html,千葉県,not_evaluable,official LINKS raw files were not acquired; this is not Match E
0e49f8902f657548,昭島市,https://www.city.akishima.lg.jp/kurashi/bus/1002242/1002244.html,東京都,not_evaluable,official LINKS raw files were not acquired; this is not Match E
298937318733b304,荒川区,https://www.city.arakawa.tokyo.jp/a040/koutsuu-bus/komyuniteibasu/sakura.html,東京都,not_evaluable,official LINKS raw files were not acquired; this is not Match E
f3f44abb672f6f18,日立自動車交通株式会社,https://www.hitachi-gr.com/sakura,東京都,not_evaluable,official LINKS raw files were not acquired; this is not Match E
0d06c4c294036b59,神津島村,https://www.vill.kouzushima.tokyo.jp/,東京都,not_evaluable,official LINKS raw files were not acquired; this is not Match E
bd49162cfd02f2e6,国立市,https://www.city.kunitachi.tokyo.jp/kurashi/kotsu/3/1/5273.html,東京都,not_evaluable,official LINKS raw files were not acquired; this is not Match E
3a7d6c0f602ff1d7,瑞穂町,https://www.town.mizuho.tokyo.jp/kankyo/004/010/index.html,東京都,not_evaluable,official LINKS raw files were not acquired; this is not Match E
1d9063022cf972f3,小笠原村,https://www.vill.ogasawara.tokyo.jp/bus/,東京都,not_evaluable,official LINKS raw files were not acquired; this is not Match E
1600b52697f9029b,立川市,https://www.city.tachikawa.lg.jp/kotsutaisaku/kururinnsaihenn.html,東京都,not_evaluable,official LINKS raw files were not acquired; this is not Match E
1552c3539505721d,茅ヶ崎市,https://www.city.chigasaki.kanagawa.jp/road/eboshi_s/index.html,神奈川県,not_evaluable,official LINKS raw files were not acquired; this is not Match E
d250a1b76b3f936f,大新東株式会社,https://daishinto.co.jp/service/timetable/,神奈川県,not_evaluable,official LINKS raw files were not acquired; this is not Match E
98e74cccf1f638f3,二宮町,http://www.town.ninomiya.kanagawa.jp/kurashi_tetsuduki/kurashi/kotsukikan/komyunithibasu/1506474416071.html,神奈川県,not_evaluable,official LINKS raw files were not acquired; this is not Match E
69c3a87ab0a5025a,寒川町,http://www.town.samukawa.kanagawa.jp/soshiki/toshikensetsu/toshikeikaku/tokei_kaihatsu/info/koukyoukoutsu/bus_mokusei/1443140073151.html,神奈川県,not_evaluable,official LINKS raw files were not acquired; this is not Match E
04976492d7f8e9ff,ハマちゃんバス,https://www.city.yokosuka.kanagawa.jp/4805/hamachanbus.html,神奈川県,not_evaluable,official LINKS raw files were not acquired; this is not Match E
c19f59b01d9c6c8b,糸魚川バス株式会社,https://www.marukei-g.com/publics/index/25/,新潟県,not_evaluable,official LINKS raw files were not acquired; this is not Match E
e7006c28eb52a999,上越市市営バス,https://www.city.joetsu.niigata.jp,新潟県,not_evaluable,official LINKS raw files were not acquired; this is not Match E
2f32c8035cbee2f6,加茂市,https://www.city.kamo.niigata.jp/docs/66618.html,新潟県,not_evaluable,official LINKS raw files were not acquired; this is not Match E
8df36df6f2a7289b,村上市,https://www.city.murakami.lg.jp/soshiki/13/,新潟県,not_evaluable,official LINKS raw files were not acquired; this is not Match E
650cdabae3687428,燕市,https://www.city.tsubame.niigata.jp/kurashi/kotsu/3/index.html,新潟県,not_evaluable,official LINKS raw files were not acquired; this is not Match E
1bb76c0c3a4ba092,富山地方鉄道株式会社 ,https://www.chitetsu.co.jp/,富山県,not_evaluable,official LINKS raw files were not acquired; this is not Match E
48cf6f68749469f0,射水市コミュニティバス,https://www.city.imizu.toyama.jp/guide/svGuideDtl.aspx?servno=15,富山県,not_evaluable,official LINKS raw files were not acquired; this is not Match E
1b94936e4378f261,加越能バス株式会社,http://www.kaetsunou.co.jp/,富山県,not_evaluable,official LINKS raw files were not acquired; this is not Match E
e78303753ededa5f,上市町,https://www.town.kamiichi.toyama.jp/page/1829.html,富山県,not_evaluable,official LINKS raw files were not acquired; this is not Match E
51dcaa9323655323,黒部市,https://www.kurobe-koukyoukoutsuu.jp/,富山県,not_evaluable,official LINKS raw files were not acquired; this is not Match E
5bd8b1d34c442334,滑川市,http://www.city.namerikawa.toyama.jp/,富山県,not_evaluable,official LINKS raw files were not acquired; this is not Match E
6051e7dca681aac3,富山県南砺市,https://www.city.nanto.toyama.jp/cms-sypher/www/info/detail.jsp?id=736,富山県,not_evaluable,official LINKS raw files were not acquired; this is not Match E
22f0ac1cacc5e405,入善町,https://www.town.nyuzen.toyama.jp/gyosei/machizukuri/doro_kotsu/2/2/1916.html,富山県,not_evaluable,official LINKS raw files were not acquired; this is not Match E
ee767fcd64f1e298,小矢部市,http://www.city.oyabe.toyama.jp/,富山県,not_evaluable,official LINKS raw files were not acquired; this is not Match E
cfd50c2d36fe78fc,高岡市,https://www.city.takaoka.toyama.jp/gyosei/kurashi_tetsuzuki/doro_kotsuu/1/5581.html,富山県,not_evaluable,official LINKS raw files were not acquired; this is not Match E
61dc5a121b4c9997,富山県立山町,https://www.town.tateyama.toyama.jp/soshikikarasagasu/juminka/kankyo_anzenkakari/7/1/756.html,富山県,not_evaluable,official LINKS raw files were not acquired; this is not Match E
91dd73b55ded9189,砺波市,https://www.city.tonami.lg.jp,富山県,not_evaluable,official LINKS raw files were not acquired; this is not Match E
fce462b6ac9604f4,富山県朝日町,https://www.town.asahi.toyama.jp/soshiki/shokokanko/kotsu/2566.html,富山県,not_evaluable,official LINKS raw files were not acquired; this is not Match E
1df912b2bac6ca04,富山市,https://www.city.toyama.lg.jp/shisei/machizukuri/1015396/1010291/1015788/1010292/1006265.html,富山県,not_evaluable,official LINKS raw files were not acquired; this is not Match E
f5cb610e34e6525b,婦中コミュニティバス運営委員会,https://www.city.toyama.lg.jp/shisei/machizukuri/1015396/1010291/1015788/1010292/1006317.html,富山県,not_evaluable,official LINKS raw files were not acquired; this is not Match E
ff18d3979a4fc5f2,富山市,http://www.siminplaza.co.jp/maidohaya,富山県,not_evaluable,official LINKS raw files were not acquired; this is not Match E
3020e137d1fbebb7,堀川南地域コミュニティバス運行事業推進協議会,https://www.city.toyama.lg.jp/kurashi/road/1010282/1010291/1015788/1010292/1006319.html,富山県,not_evaluable,official LINKS raw files were not acquired; this is not Match E
965a5a0626110439,有限会社まちづくり公社呉羽,https://www.shokoren-toyama.or.jp/~kureha/bus/,富山県,not_evaluable,official LINKS raw files were not acquired; this is not Match E
9b32b843b06b34c2,魚津市,https://www.city.uozu.toyama.jp/guide/svGuideDtl.aspx?servno=23285,富山県,not_evaluable,official LINKS raw files were not acquired; this is not Match E
a58bddec65d6e101,白山市コミュニティバス「めぐーる」,https://www.city.hakusan.lg.jp/machi/kotsu/1007749/index.html,石川県,not_evaluable,official LINKS raw files were not acquired; this is not Match E
3307aa9f49e73586,小松市,https://www.city.komatsu.lg.jp/soshiki/1985/rosenbasu/2/index.html,石川県,not_evaluable,official LINKS raw files were not acquired; this is not Match E
e7db52639c0167c9,野々市市,https://www.city.nonoichi.lg.jp/site/bus/268.html,石川県,not_evaluable,official LINKS raw files were not acquired; this is not Match E
3d6dd8baa0da646c,内灘町,https://www.town.uchinada.lg.jp/soshiki/kikaku/2079.html,石川県,not_evaluable,official LINKS raw files were not acquired; this is not Match E
e60f9a53892db2a8,市川三郷町,https://www.town.ichikawamisato.yamanashi.jp/,山梨県,not_evaluable,official LINKS raw files were not acquired; this is not Match E
71278f569f06a48b,甲斐市,https://www.city.kai.yamanashi.jp/kurashi_tetsuduki/kotsu/3345.html,山梨県,not_evaluable,official LINKS raw files were not acquired; this is not Match E
586577078076c7e7,小菅村役場,http://www.vill.kosuge.yamanashi.jp/,山梨県,not_evaluable,official LINKS raw files were not acquired; this is not Match E
e7de62023c0f0d35,北杜市,https://www.city.hokuto.yamanashi.jp/,山梨県,not_evaluable,official LINKS raw files were not acquired; this is not Match E
4306c8f8c24de225,南部町,https://www.town.nanbu.yamanashi.jp/,山梨県,not_evaluable,official LINKS raw files were not acquired; this is not Match E
456dc643b0d57b15,上松町,https://www.town.agematsu.nagano.jp/kurashi/sumai_seikatsu/koukyoukoutu/communitybus.html,長野県,not_evaluable,official LINKS raw files were not acquired; this is not Match E
33c6ae00789f0c3f,青木村,https://www.vill.aoki.nagano.jp/buss.html,長野県,not_evaluable,official LINKS raw files were not acquired; this is not Match E
19e4ec09ca0d3855,千曲バス株式会社,https://chikuma-bus.com,長野県,not_evaluable,official LINKS raw files were not acquired; this is not Match E
d6788b7763d30b47,千曲市,https://www.city.chikuma.lg.jp/soshiki/sogoseisaku/doro_kotsu/1/9427.html,長野県,not_evaluable,official LINKS raw files were not acquired; this is not Match E
f21366995d3e06ad,飯山市,https://www.city.iiyama.nagano.jp/soshiki/kikakuzaisei/54359/public_traffic/bus-all.htm,長野県,not_evaluable,official LINKS raw files were not acquired; this is not Match E
7e2c638ff98684bf,軽井沢町,https://www.town.karuizawa.lg.jp/page/16121.html,長野県,not_evaluable,official LINKS raw files were not acquired; this is not Match E
280868a7f60dfdeb,木曽広域連合,https://www.kisoji.com/chiikishinko/kiso-bus/index.html,長野県,not_evaluable,official LINKS raw files were not acquired; this is not Match E
c948f6cd0c1f0606,木曽町,https://www.town-kiso.com/kurashi/douro/100071/101231/,長野県,not_evaluable,official LINKS raw files were not acquired; this is not Match E
4135578df6b610d2,木祖村,https://www.vill.kiso.nagano.jp/kurashi_joho/doro_kotsu/himawari_tanpopo_zikokuhyou.html,長野県,not_evaluable,official LINKS raw files were not acquired; this is not Match E
325beb17f5c6088f,草軽交通株式会社,http://www.kkkg.co.jp/,長野県,not_evaluable,official LINKS raw files were not acquired; this is not Match E
a0536955309b648e,松本市,https://www.city.matsumoto.nagano.jp/soshiki/222/3237.html,長野県,not_evaluable,official LINKS raw files were not acquired; this is not Match E
ec1254a3f6354514,飯田市,https://www.city.iida.lg.jp/soshiki/10/p0182.html,長野県,not_evaluable,official LINKS raw files were not acquired; this is not Match E
84f8236a11792f03,豊丘村,https://www.vill.nagano-toyooka.lg.jp/06bousai/04soneibus/index.html,長野県,not_evaluable,official LINKS raw files were not acquired; this is not Match E
7dff30484d5d20c6,根羽村,http://www.nebamura.jp/access/bus/,長野県,not_evaluable,official LINKS raw files were not acquired; this is not Match E
6d6497ac0a257cc6,伊那バス,https://www.ibgr.jp/general-route/,長野県,not_evaluable,official LINKS raw files were not acquired; this is not Match E
ab0b0a7ec0089794,阿智村,https://www.vill.achi.lg.jp/life/1/1/30/,長野県,not_evaluable,official LINKS raw files were not acquired; this is not Match E
5277faacc2db1403,松川町,https://www.town.matsukawa.lg.jp/soshikikarasagasu/machizukuriseisakuka/kikakutyouseikakari/linear_kokyokotsukakari/communitybus/657.html,長野県,not_evaluable,official LINKS raw files were not acquired; this is not Match E
03b4a68a30e7783d,下伊那南部地域公共交通対策協議会,http://www.town.anan.nagano.jp/no_information/nanbu-bus/664/,長野県,not_evaluable,official LINKS raw files were not acquired; this is not Match E
29d55dd7c1d68dde,高森町,https://www.town.nagano-takamori.lg.jp/docs/13287.html,長野県,not_evaluable,official LINKS raw files were not acquired; this is not Match E
f06bc82ae6008e16,信南交通,https://www.shinnan.co.jp/sb/index.html,長野県,not_evaluable,official LINKS raw files were not acquired; this is not Match E
cc301ad9d1e06a3f,喬木村,https://www.vill.takagi.lg.jp/doc/2023030700106/,長野県,not_evaluable,official LINKS raw files were not acquired; this is not Match E
4c768d4530768edc,長電バス株式会社,https://www.nagadenbus.co.jp/,長野県,not_evaluable,official LINKS raw files were not acquired; this is not Match E
f9da7e40b6de3c85,池田町,https://www.ikedamachi.net/0000000294.html,長野県,not_evaluable,official LINKS raw files were not acquired; this is not Match E
316fca9973bd4cc2,川上村,http://www.vill.kawakami.nagano.jp/www/contents/1001000000010/index.html,長野県,not_evaluable,official LINKS raw files were not acquired; this is not Match E
4a30fed82cad514c,長野市,https://www.city.nagano.nagano.jp/kotsu/menu/2/1/index.html,長野県,not_evaluable,official LINKS raw files were not acquired; this is not Match E
f26bbc90dee92ad3,南木曽町,http://www.town.nagiso.nagano.jp/gennkinamatidukuri/tiikisinnkoukyougikai/busdia.html,長野県,not_evaluable,official LINKS raw files were not acquired; this is not Match E
f6aa534fe33840cb,大桑村,https://www.vill.okuwa.lg.jp/kurashi/kotsu/kuwachanbus-taxi.html,長野県,not_evaluable,official LINKS raw files were not acquired; this is not Match E
6213f4c061a2ae7f,大町市,https://www.city.omachi.nagano.jp/00003000/00042000/tokkyuubasutouki_3.html,長野県,not_evaluable,official LINKS raw files were not acquired; this is not Match E
94ad68ce99c4b0c6,王滝村,https://www.vill.otaki.nagano.jp/kurashi/basu_tanohara.html,長野県,not_evaluable,official LINKS raw files were not acquired; this is not Match E
098ab9bf279f9094,塩尻市,https://www.city.shiojiri.lg.jp/soshiki/33/3119.html,長野県,not_evaluable,official LINKS raw files were not acquired; this is not Match E
07a038f861ab47c9,諏訪市,https://www.city.suwa.lg.jp/site/bus/38613.html#sp_headline_0,長野県,not_evaluable,official LINKS raw files were not acquired; this is not Match E
dd48f912e29313b2,須坂市,https://www.city.suzaka.nagano.jp/kurashi_tetsuzuki/kotsu_doro_kasen/2/2549.html,長野県,not_evaluable,official LINKS raw files were not acquired; this is not Match E
f49d08bde3350dcc,東信観光バス,https://t-k-bus.com/,長野県,not_evaluable,official LINKS raw files were not acquired; this is not Match E
b2627c72a60b05d5,上田市,https://www.city.ueda.nagano.jp/soshiki/kotu/1837.html,長野県,not_evaluable,official LINKS raw files were not acquired; this is not Match E
25ec70a07da2e36f,恵那市,https://www.city.ena.lg.jp/kurashi_tetsuzuki/kotsu_chushajo/kokyokotsukikan/index.html,岐阜県,not_evaluable,official LINKS raw files were not acquired; this is not Match E
96168af835554220,下呂市,https://www.city.gero.lg.jp/soshiki/8/21022.html,岐阜県,not_evaluable,official LINKS raw files were not acquired; this is not Match E
cd9a63cb830d4a60,山県市,https://www.city.yamagata.gifu.jp/soshiki/kikaku/22812.html,岐阜県,not_evaluable,official LINKS raw files were not acquired; this is not Match E
b5c001fa617bb737,岐阜市,https://www.city.gifu.lg.jp/kurashi/douro/1002587/1002595/1002598.html,岐阜県,not_evaluable,official LINKS raw files were not acquired; this is not Match E
d8463c7ceeb20f70,郡上市,https://www.city.gujo.gifu.jp/life/servicebus/,岐阜県,not_evaluable,official LINKS raw files were not acquired; this is not Match E
c6458b2b6be0d781,八幡観光バス,https://8kan.net/bus/index.html,岐阜県,not_evaluable,official LINKS raw files were not acquired; this is not Match E
439663fbdf09ee90,羽島市,https://www.city.hashima.lg.jp/4043.html,岐阜県,not_evaluable,official LINKS raw files were not acquired; this is not Match E
d23803d6d1fe6f62,七宗町,https://www.hichiso.jp/top/life/kurasi/bus/,岐阜県,not_evaluable,official LINKS raw files were not acquired; this is not Match E
b962df4999d8f8dc,飛騨市,https://www.city.hida.gifu.jp/site/koukyoukoutsuu/,岐阜県,not_evaluable,official LINKS raw files were not acquired; this is not Match E
f9f3684ad7886330,揖斐川町,https://www.town.ibigawa.lg.jp/page/2080.html,岐阜県,not_evaluable,official LINKS raw files were not acquired; this is not Match E
f1395a6ac8895127,海津市,https://www.city.kaizu.lg.jp/kurashi/category/1-5-5-1-0-0-0-0-0-0.html,岐阜県,not_evaluable,official LINKS raw files were not acquired; this is not Match E
830174a793bbacbc,可児市,https://www.city.kani.lg.jp/4736.htm,岐阜県,not_evaluable,official LINKS raw files were not acquired; this is not Match E
d9fd5b3e31a7f46a,笠松町,https://www.town.kasamatsu.gifu.jp/docs/2013022800051/,岐阜県,not_evaluable,official LINKS raw files were not acquired; this is not Match E
3b1f66c6c0289772,北恵那交通株式会社,https://www.kitaena.co.jp/,岐阜県,not_evaluable,official LINKS raw files were not acquired; this is not Match E
5b34520d555eef80,岐阜県美濃加茂市,https://aiai-bus.com/,岐阜県,not_evaluable,official LINKS raw files were not acquired; this is not Match E
955fab470fe82245,御嵩町,https://www.town.mitake.lg.jp/portal/life-process/land-park-road-traffic/traffic/post0009749/,岐阜県,not_evaluable,official LINKS raw files were not acquired; this is not Match E
a2c87d36f392ed2f,瑞浪市,https://www.city.mizunami.lg.jp/kurashi/koutsu/1004598/1001556.html,岐阜県,not_evaluable,official LINKS raw files were not acquired; this is not Match E
7d95ed75e48600d3,岐阜県本巣市,https://www.city.motosu.lg.jp/category/1-11-1-0-0-0-0-0-0-0.html,岐阜県,not_evaluable,official LINKS raw files were not acquired; this is not Match E
5105e5bb31873e22,中津川市,https://www.city.nakatsugawa.lg.jp/life/rt/1/3295.html,岐阜県,not_evaluable,official LINKS raw files were not acquired; this is not Match E
14edb104d1c03bd1,濃飛乗合自動車（濃飛バス）,https://www.nouhibus.co.jp/,岐阜県,not_evaluable,official LINKS raw files were not acquired; this is not Match E
418d43df59fd3080,名阪近鉄バス,https://www.mkb.co.jp/,岐阜県,not_evaluable,official LINKS raw files were not acquired; this is not Match E
c0b360a1c5ff93b2,関市,https://www.city.seki.lg.jp/0000018500.html,岐阜県,not_evaluable,official LINKS raw files were not acquired; this is not Match E
240be61e9bac238b,白鳥交通,https://www.shirotori-kotsu.com/,岐阜県,not_evaluable,official LINKS raw files were not acquired; this is not Match E
de1fd04691fc82a0,多治見市,https://www.city.tajimi.lg.jp/kurashi/toshikekaku/kotsu/kikyobus/index.html,岐阜県,not_evaluable,official LINKS raw files were not acquired; this is not Match E
1b46428c40996e26,高山市,https://www.city.takayama.lg.jp/kurashi/1000023/1000126/1001162.html,岐阜県,not_evaluable,official LINKS raw files were not acquired; this is not Match E
04afcd6e81f821eb,東濃鉄道株式会社,https://tohtetsu.co.jp/,岐阜県,not_evaluable,official LINKS raw files were not acquired; this is not Match E
b015442b14fc089a,土岐市,https://www.city.toki.lg.jp/docs/copy-6av6e0hmvkgfm.html,岐阜県,not_evaluable,official LINKS raw files were not acquired; this is not Match E
ab65c7c9dff9f6db,八百津町,https://www.town.yaotsu.lg.jp/1049.htm,岐阜県,not_evaluable,official LINKS raw files were not acquired; this is not Match E
bf2a0bd7316bea0b,藤枝市,https://www.city.fujieda.shizuoka.jp/benri/bus/bustimetable.html,静岡県,not_evaluable,official LINKS raw files were not acquired; this is not Match E
a2b53f0452fbce52,掛川バスサービス株式会社,http://www.kakegawabus.co.jp/,静岡県,not_evaluable,official LINKS raw files were not acquired; this is not Match E
a7fccbf6903c1db4,掛川市,https://www.city.kakegawa.shizuoka.jp/gyosei/kurashi/kotsu/bus/,静岡県,not_evaluable,official LINKS raw files were not acquired; this is not Match E
2a7012120d7bf2f9,島田市コミュニティバス,https://www.city.shimada.shizuoka.jp/kurashi/tetuduki/kotu-kuko/kotu/bus/,静岡県,not_evaluable,official LINKS raw files were not acquired; this is not Match E
76724c61520c60c4,静岡市自主運行バス,https://www.city.shizuoka.lg.jp/p008613.html,静岡県,not_evaluable,official LINKS raw files were not acquired; this is not Match E
1674aafdd72afabb,みよし市,https://www.city.aichi-miyoshi.lg.jp/soshiki/keieikikaku/kikaku/koukyoukoutu/sansanbusu/1685.html,愛知県,not_evaluable,official LINKS raw files were not acquired; this is not Match E
ad24427aaf7dfc35,あま市,https://www.city.ama.aichi.jp/kurashi/kotsu/koutuu/1002512.html,愛知県,not_evaluable,official LINKS raw files were not acquired; this is not Match E
10644de5cbc62e2c,安城市,https://www.city.anjo.aichi.jp/kurasu/dorokotsu/ankurubus/ankuru4.html,愛知県,not_evaluable,official LINKS raw files were not acquired; this is not Match E
f0a62b949c81c008,あおい交通,https://aoi-komaki.jp/bus,愛知県,not_evaluable,official LINKS raw files were not acquired; this is not Match E
367f26a9cc1d545e,知立市,https://www.city.chiryu.aichi.jp/soshiki/toshiseibi/machizukuri/gyomu/1/1445358636807.html,愛知県,not_evaluable,official LINKS raw files were not acquired; this is not Match E
b25ab01212f4416c,知多乗合株式会社,https://www.chitabus.co.jp/,愛知県,not_evaluable,official LINKS raw files were not acquired; this is not Match E
51902e0a7db29e64,知多市,https://www.city.chita.lg.jp/docs/2013122600193/,愛知県,not_evaluable,official LINKS raw files were not acquired; this is not Match E
5ef02203d47d9267,愛知県蒲郡市,https://www.city.gamagori.lg.jp/unit/kotsu/communitybus.html,愛知県,not_evaluable,official LINKS raw files were not acquired; this is not Match E
b2dbc8959ae05bcf,碧南市,https://www.city.hekinan.lg.jp/soshiki/keizai_kankyo/shoko/1_6/index.html,愛知県,not_evaluable,official LINKS raw files were not acquired; this is not Match E
d501390145ea892f,東浦町,https://www.town.aichi-higashiura.lg.jp/kurashi/doro_kotsu/urara/,愛知県,not_evaluable,official LINKS raw files were not acquired; this is not Match E
d6738de4e4c40faf,刈谷市,https://www.city.kariya.lg.jp/kurashi/road_park/kotsu/1021258/index.html,愛知県,not_evaluable,official LINKS raw files were not acquired; this is not Match E
f206fa6dcc9c7844,北名古屋市,https://www.city.kitanagoya.lg.jp/kurashi/1005922/1001884/index.html,愛知県,not_evaluable,official LINKS raw files were not acquired; this is not Match E
c9f164492de5be85,北設楽郡公共交通活性化協議会,https://www.odekake-hokusetsu.jp/,愛知県,not_evaluable,official LINKS raw files were not acquired; this is not Match E
17795a231de33cea,南知多町役場,http://www.town.minamichita.lg.jp/kurashi/bus/index.html,愛知県,not_evaluable,official LINKS raw files were not acquired; this is not Match E
a150614825d4fd08,長久手市,https://www.city.nagakute.lg.jp/kurashi_tetsuzuki/kokyokotsu/1/21391.html,愛知県,not_evaluable,official LINKS raw files were not acquired; this is not Match E
3d3498f745c2eec9,名鉄東部交通株式会社,https://www.meitetsu-toubukoutsu.com/bus/timetable.php,愛知県,not_evaluable,official LINKS raw files were not acquired; this is not Match E
4c4bda4e9aa57808,愛知県西尾市,https://www.city.nishio.aichi.jp/kurashi/kotsu/1001410/1002009.html,愛知県,not_evaluable,official LINKS raw files were not acquired; this is not Match E
45d288ab46a15919,日進市,https://www.city.nisshin.lg.jp/department/seikatu/ido/1/,愛知県,not_evaluable,official LINKS raw files were not acquired; this is not Match E
08b0195bfe9286b4,大口町,https://www.town.oguchi.lg.jp/3079.htm,愛知県,not_evaluable,official LINKS raw files were not acquired; this is not Match E
e9f46e5051432948,尾張旭市,https://www.city.owariasahi.lg.jp/site/asapy-bus/,愛知県,not_evaluable,official LINKS raw files were not acquired; this is not Match E
1ed9276944e13cdb,瀬戸市コミュニティバス,http://www.city.seto.aichi.jp/bunya/koukyoukoutuu/,愛知県,not_evaluable,official LINKS raw files were not acquired; this is not Match E
dc3fe2de808edf45,新城市,https://www.city.shinshiro.lg.jp/kurashi/kokyo-kotsu/index.html,愛知県,not_evaluable,official LINKS raw files were not acquired; this is not Match E
0ab39fb6e94f7c25,武豊町,http://www.town.taketoyo.lg.jp/contents_detail.php?co=kak&frmId=517,愛知県,not_evaluable,official LINKS raw files were not acquired; this is not Match E
99d4d7f296d88b89,東海市,http://www.city.tokai.aichi.jp/7118.htm,愛知県,not_evaluable,official LINKS raw files were not acquired; this is not Match E
a04bcadaf5b59f24,コミュニティバス Gruun,https://www.city.tokoname.aichi.jp/kurashi/1006388/1006546.html,愛知県,not_evaluable,official LINKS raw files were not acquired; this is not Match E
3992d10d620b08e1,豊明市ひまわりバス,https://www.city.toyoake.lg.jp/3650.htm,愛知県,not_evaluable,official LINKS raw files were not acquired; this is not Match E
668049f405f19758,豊田市,https://www.city.toyota.aichi.jp/kurashi/koutsu/bus/,愛知県,not_evaluable,official LINKS raw files were not acquired; this is not Match E
534900febdcbb0cf,豊山町,https://www.town.toyoyama.lg.jp/kurashi/koutu/,愛知県,not_evaluable,official LINKS raw files were not acquired; this is not Match E
7dd07348305faca9,バスネット津,https://sites.google.com/view/busnettsu/,三重県,not_evaluable,official LINKS raw files were not acquired; this is not Match E
2a56784094b70e97,伊賀市,https://www.city.iga.lg.jp/category/10-15-2-0-0-0-0-0-0-0.html,三重県,not_evaluable,official LINKS raw files were not acquired; this is not Match E
e8fc60bafb8c0468,いなべ市,https://www.city.inabe.mie.jp/kurashi/kotsu/kotsu/1000821.html,三重県,not_evaluable,official LINKS raw files were not acquired; this is not Match E
37252b9e42c44ca2,伊勢市,https://www.city.ise.mie.jp/kurashi/koutsu/index.html,三重県,not_evaluable,official LINKS raw files were not acquired; this is not Match E
bbad295b99d028e4,亀山市,http://www.city.kameyama.mie.jp/soshiki/sanken/sansin/shokogyo/docs/2014112305289/,三重県,not_evaluable,official LINKS raw files were not acquired; this is not Match E
065989f3242db4d2,川越町,https://www.town.kawagoe.mie.jp,三重県,not_evaluable,official LINKS raw files were not acquired; this is not Match E
3b200490340155b7,紀宝町,https://www.town.kiho.lg.jp/life/handbook/convenience/bus/schedule/,三重県,not_evaluable,official LINKS raw files were not acquired; this is not Match E
7affe91f4fb66236,木曽岬町,https://www.town.kisosaki.lg.jp/contents_detail.php?frmId=921,三重県,not_evaluable,official LINKS raw files were not acquired; this is not Match E
b94724e1e11c8584,菰野町,https://www2.town.komono.mie.jp/www/contents/1568974531589/index.html,三重県,not_evaluable,official LINKS raw files were not acquired; this is not Match E
3bab256709f41106,熊野市,https://www.city.kumano.lg.jp/public_transport/Japanese/04City_bus_tour/04Ja.htm,三重県,not_evaluable,official LINKS raw files were not acquired; this is not Match E
755f78334a0101f7,桑名市,https://www.city.kuwana.lg.jp/maas/kurashi/koutsuu/24-57172-225-351.html,三重県,not_evaluable,official LINKS raw files were not acquired; this is not Match E
77a2bd43ffba906e,松阪市,https://www.city.matsusaka.mie.jp/site/community-koutu/,三重県,not_evaluable,official LINKS raw files were not acquired; this is not Match E
9c331ed26ad3d24f,三重交通(南紀営業所),https://www.sanco.co.jp/,三重県,not_evaluable,official LINKS raw files were not acquired; this is not Match E
7b5323b91d158bfc,三重交通(中勢営業所),https://www.sanco.co.jp/,三重県,not_evaluable,official LINKS raw files were not acquired; this is not Match E
9054866ac42da288,三重交通(伊賀営業所),https://www.sanco.co.jp/,三重県,not_evaluable,official LINKS raw files were not acquired; this is not Match E
df33cf01f1a42b00,三重交通(志摩営業所),https://www.sanco.co.jp/,三重県,not_evaluable,official LINKS raw files were not acquired; this is not Match E
4804a0391bd4610d,三重交通(松阪営業所),https://www.sanco.co.jp/,三重県,not_evaluable,official LINKS raw files were not acquired; this is not Match E
d7ffba0c9b9c74fa,三重交通(四日市営業所),https://www.sanco.co.jp/,三重県,not_evaluable,official LINKS raw files were not acquired; this is not Match E
fde5953a8ba11f07,三重交通(桑名営業所),https://www.sanco.co.jp/,三重県,not_evaluable,official LINKS raw files were not acquired; this is not Match E
46403a81ab310685,三重交通(伊勢営業所),https://www.sanco.co.jp/,三重県,not_evaluable,official LINKS raw files were not acquired; this is not Match E
c506b762db2225ed,明和町,https://www.town.meiwa.mie.jp/kurashi/doro_kotsu/chomin_bus/index.html,三重県,not_evaluable,official LINKS raw files were not acquired; this is not Match E
d3284d2ef4f58b7a,南伊勢町,https://www.town.minamiise.lg.jp/admin/shoshiki/kankyou/seikatsu/bus/512.html,三重県,not_evaluable,official LINKS raw files were not acquired; this is not Match E
c4de497042e3a761,三重県名張市,https://www.city.nabari.lg.jp/020/085/100/index.html,三重県,not_evaluable,official LINKS raw files were not acquired; this is not Match E
65d4d24224b4a518,大台町,https://www.odaitown.jp/soshiki/yakuba/8/4/7_2/2294.html,三重県,not_evaluable,official LINKS raw files were not acquired; this is not Match E
46a618bc4afa3021,尾鷲市,https://www.city.owase.lg.jp/category/7-3-10-2-0-0-0-0-0-0.html,三重県,not_evaluable,official LINKS raw files were not acquired; this is not Match E
3cc877fe3acb2648,生活バス四日市,https://www.rosenzu.com/sbus/,三重県,not_evaluable,official LINKS raw files were not acquired; this is not Match E
6b32abc949aac89f,志摩市,https://www.city.shima.mie.jp/kurashi_tetsuzuki/kokyokotu/index.html,三重県,not_evaluable,official LINKS raw files were not acquired; this is not Match E
dc45d9f674c7eb29,鈴鹿市,https://www.city.suzuka.lg.jp/shisei/cityprofile/1004196/1009619.html,三重県,not_evaluable,official LINKS raw files were not acquired; this is not Match E
82f8e2a322296fbd,多気町,https://www.town.taki.mie.jp/life/soshiki/kankyo/1/index.html,三重県,not_evaluable,official LINKS raw files were not acquired; this is not Match E
86632681cd96861c,鳥羽市,https://www.city.toba.mie.jp/soshiki/t_kanri/gyomu/doro_kotsu/kokyo_kotsu/1910.html,三重県,not_evaluable,official LINKS raw files were not acquired; this is not Match E
0df2f44283a5f464,東員町,https://www.town.toin.lg.jp/kurashi_tetsuzuki/kokyokotsu/1/index.html,三重県,not_evaluable,official LINKS raw files were not acquired; this is not Match E
b231d467c29dfdb0,津市,https://www.info.city.tsu.mie.jp/kurashi/douro_koutsuu/1002291/1011566.html,三重県,not_evaluable,official LINKS raw files were not acquired; this is not Match E
25725638edbeda10,度会町,https://www.town.watarai.lg.jp/category_list.php?frmCd=1-10-1-0-0,三重県,not_evaluable,official LINKS raw files were not acquired; this is not Match E
2e24efa74037fa6f,四日市市,https://www.city.yokkaichi.lg.jp/www/contents/1001000001840/index.html,三重県,not_evaluable,official LINKS raw files were not acquired; this is not Match E
f8c028722fa3ee00,東近江市,https://www.city.higashiomi.shiga.jp/0000007636.html,滋賀県,not_evaluable,official LINKS raw files were not acquired; this is not Match E
25f5a95f365d2379,甲賀市コミュニティバス,http://www.city.koka.lg.jp/1981.htm,滋賀県,not_evaluable,official LINKS raw files were not acquired; this is not Match E
78b9257d94ba14e6,草津市,https://www.city.kusatsu.shiga.jp/kurashi/kotsudorokasen/mamebus/jikokuhyou.html,滋賀県,not_evaluable,official LINKS raw files were not acquired; this is not Match E
378ab4f2c75eff26,近江鉄道,https://www.ohmitetudo.co.jp/bus/,滋賀県,not_evaluable,official LINKS raw files were not acquired; this is not Match E
aef4e3ecacfed9e0,長浜市,https://www.city.nagahama.lg.jp/0000002296.html,滋賀県,not_evaluable,official LINKS raw files were not acquired; this is not Match E
4b30648412728a98,近江八幡市（あかこんバス）,https://www.city.omihachiman.lg.jp/soshiki/kotsu/1/1/index.html,滋賀県,not_evaluable,official LINKS raw files were not acquired; this is not Match E
9863f74a3e136ce4,日野町,https://www.town.shiga-hino.lg.jp/0000003577.html,滋賀県,not_evaluable,official LINKS raw files were not acquired; this is not Match E
108518c2f65ca1ea,湖南市,https://www.city.shiga-konan.lg.jp/kurashi/doro/2/2/index.html,滋賀県,not_evaluable,official LINKS raw files were not acquired; this is not Match E
794bb9caf6c41de1,高島市,http://www.city.takashima.lg.jp/www/contents/1615879446143/index.html,滋賀県,not_evaluable,official LINKS raw files were not acquired; this is not Match E
f024f25c51707d57,野洲市,https://www.city.yasu.lg.jp/soshiki/tosi/komibasu/1450767151108.html,滋賀県,not_evaluable,official LINKS raw files were not acquired; this is not Match E
4334858809a92bbf,神姫観光株式会社,https://www.limonbus.com/en/,大阪府,not_evaluable,official LINKS raw files were not acquired; this is not Match E
381f9d34c5253639,明石市,https://www.city.akashi.lg.jp/doboku/kousei_ka/machizukuri/kotsu/kokyo/taco-bus/rosenzu/index.html#rosenzu,兵庫県,not_evaluable,official LINKS raw files were not acquired; this is not Match E
a84f1780d62f6711,東備西播定住自立圏形成推進協議会,https://www.city.ako.lg.jp/koushitsu/kikaku/areabus.html,兵庫県,not_evaluable,official LINKS raw files were not acquired; this is not Match E
da2690b82cb9e143,赤穂市,https://www.city.ako.lg.jp/koushitsu/kikaku/yuranosuke.html,兵庫県,not_evaluable,official LINKS raw files were not acquired; this is not Match E
78cfe51698f6c2f7,淡路市,http://www.city.awaji.lg.jp/soshiki/toshisoumu/26263.html,兵庫県,not_evaluable,official LINKS raw files were not acquired; this is not Match E
af67b0c25c3ecdbf,福崎町,http://www.town.fukusaki.hyogo.jp/0000000924.html,兵庫県,not_evaluable,official LINKS raw files were not acquired; this is not Match E
c0ec2abe4d5fae40,姫路市,https://www.city.himeji.lg.jp/sangyo/0000004453.html,兵庫県,not_evaluable,official LINKS raw files were not acquired; this is not Match E
509bb0712b56ee5e,神河町,https://www.town.kamikawa.hyogo.jp/0000003001.html,兵庫県,not_evaluable,official LINKS raw files were not acquired; this is not Match E
15fca94b47bc0706,小野市,https://www.city.ono.hyogo.jp/soshikikarasagasu/sogoseisakubu_kotsuseisakugroup/gyomuannai/3/1/1831.html,兵庫県,not_evaluable,official LINKS raw files were not acquired; this is not Match E
0d56b56bd66de99d,市川町,https://www.town.ichikawa.lg.jp/info/628,兵庫県,not_evaluable,official LINKS raw files were not acquired; this is not Match E
84a055b672744d86,猪名川町,https://www.town.inagawa.lg.jp/soshiki/1024/koukyoukotsu/hureaibus/jikoku_rosen_untin.html,兵庫県,not_evaluable,official LINKS raw files were not acquired; this is not Match E
1d24791b4d7eba25,加古川市,https://www.city.kakogawa.lg.jp/soshikikarasagasu/tosi_kekaku/tosikekakuka/kotsuseisaku/communitykoutuu/index.html,兵庫県,not_evaluable,official LINKS raw files were not acquired; this is not Match E
b4a54f2399be6b66,上郡町,https://www.town.kamigori.hyogo.jp/soshiki/chiiki/gyomuannai/16/2_1/6140.html,兵庫県,not_evaluable,official LINKS raw files were not acquired; this is not Match E
f511057c68f76932,加西市,http://www.city.kasai.hyogo.jp/01kura/12jiko/01jiko.htm#20,兵庫県,not_evaluable,official LINKS raw files were not acquired; this is not Match E
f2f3b6f31df3de7d,神鉄タクシー株式会社,https://www.shintetsu.co.jp/taxi/,兵庫県,not_evaluable,official LINKS raw files were not acquired; this is not Match E
a8fd65c38715d60a,山陽タクシー株式会社,https://sanyo-taxi.jp/community-bus/,兵庫県,not_evaluable,official LINKS raw files were not acquired; this is not Match E
e619a910660496f6,東京・日本交通株式会社神戸営業所,https://www.city.kobe.lg.jp/a80014/shise/kekaku/jutakutoshikyoku/sogokotsu/nishiokamoto.html,兵庫県,not_evaluable,official LINKS raw files were not acquired; this is not Match E
f2ab3427cf3bf892,キクヤ交通株式会社,https://www.city.kobe.lg.jp/a80014/shise/kekaku/jutakutoshikyoku/sogokotsu/chuokutobu.html,兵庫県,not_evaluable,official LINKS raw files were not acquired; this is not Match E
dc25c40a36fd1911,スターハイヤー株式会社,https://www.city.kobe.lg.jp/a80014/shise/kekaku/jutakutoshikyoku/sogokotsu/nishisuma.html,兵庫県,not_evaluable,official LINKS raw files were not acquired; this is not Match E
bd7872f15728c2e8,南あわじ市,https://www.city.minamiawaji.hyogo.jp/soshiki/kyoudou/ranranbus.html,兵庫県,not_evaluable,official LINKS raw files were not acquired; this is not Match E
66e9f405931569f2,西宮市（さくらやまなみバス）,https://www.nishi.or.jp/kotsu/sakurayamanamibus/index.html,兵庫県,not_evaluable,official LINKS raw files were not acquired; this is not Match E
0fe7949bde51db5b,西宮市,https://www.nishi.or.jp/kotsu/kotsu/kotsukeikaku/community/comm-bus-najio.html,兵庫県,not_evaluable,official LINKS raw files were not acquired; this is not Match E
4fd1ccc8f3f8581a,「ぐるっと生瀬」運行協議会,http://guruttonamaze.com/6root.html,兵庫県,not_evaluable,official LINKS raw files were not acquired; this is not Match E
e44e923a4b6ca43b,西脇市,https://www.city.nishiwaki.lg.jp/kurashi/kokyokotsu/1460633528877.html,兵庫県,not_evaluable,official LINKS raw files were not acquired; this is not Match E
bfa69af863f27bbb,佐用町,https://www.town.sayo.lg.jp/cms-sypher/www/info/detail.jsp?id=2178,兵庫県,not_evaluable,official LINKS raw files were not acquired; this is not Match E
f19cc086761d29ec,新温泉町民バス「夢つばめ」,http://www.town.shinonsen.hyogo.jp/,兵庫県,not_evaluable,official LINKS raw files were not acquired; this is not Match E
dfbfa41bae0f72c3,株式会社ウイング神姫,https://www.shinkibus.co.jp/bus/area/shiso/index.html,兵庫県,not_evaluable,official LINKS raw files were not acquired; this is not Match E
bf192fc5c7fad648,篠陽タクシー有限会社,https://www.city.shiso.lg.jp/soshiki/shiminseikatsu/shiminnkyoudou/tantojoho/kokyokotu/index.html,兵庫県,not_evaluable,official LINKS raw files were not acquired; this is not Match E
30841bd52059a753,洲本市コミュニティバス,https://www.city.sumoto.lg.jp/soshiki/7/1505.html,兵庫県,not_evaluable,official LINKS raw files were not acquired; this is not Match E
8af3ba1e65af1d94,フクユタクシー,https://fukuyu.jp/business/bus,兵庫県,not_evaluable,official LINKS raw files were not acquired; this is not Match E
94ec5a53e4ffc1bd,高砂市,https://www.city.takasago.lg.jp/gyoseisite/kurashi_tetsuzuki/doro_kotsu/1/index.html,兵庫県,not_evaluable,official LINKS raw files were not acquired; this is not Match E
9af5db3eaef67451,たつの市,https://www.city.tatsuno.lg.jp/kikaku/comibus.html,兵庫県,not_evaluable,official LINKS raw files were not acquired; this is not Match E
a7dcaf15031f9ef8,豊岡市,https://www.city.toyooka.lg.jp/kurashi/dorokotsu/buskotsu/1019743.html,兵庫県,not_evaluable,official LINKS raw files were not acquired; this is not Match E
80e36f594c8c1662,大和郡山市,https://www.city.yamatokoriyama.lg.jp/soshiki/koutu/7/1263.html,奈良県,not_evaluable,official LINKS raw files were not acquired; this is not Match E
caeb6b2224486213,大和高田市コミュニティバスきぼう号,https://www.city.yamatotakada.nara.jp/soshikikarasagasu/machishinkoka/1/2625.html,奈良県,not_evaluable,official LINKS raw files were not acquired; this is not Match E
9cf4670d46004eba,有田川町,https://www.town.aridagawa.lg.jp/top/kakuka/kibi/3/1/2/953.html,和歌山県,not_evaluable,official LINKS raw files were not acquired; this is not Match E
2bd6480f87ef3775,中紀バス,https://www.chukibus-group.co.jp/,和歌山県,not_evaluable,official LINKS raw files were not acquired; this is not Match E
f68aae6e777c4dcb,岩出市,https://www.city.iwade.lg.jp/soshiki/3/2588.html,和歌山県,not_evaluable,official LINKS raw files were not acquired; this is not Match E
eba9cc2aad5e2626,かつらぎ町,https://www.town.katsuragi.wakayama.jp/010/070/2023-0816-0925-18.html,和歌山県,not_evaluable,official LINKS raw files were not acquired; this is not Match E
ced8e01232dc6a56,紀の川市,https://www.city.kinokawa.lg.jp/007/,和歌山県,not_evaluable,official LINKS raw files were not acquired; this is not Match E
cad9c8e1fd143fcf,熊野御坊南海バス,https://kumanogobobus.nankai-nanki.jp/local/kumano/,和歌山県,not_evaluable,official LINKS raw files were not acquired; this is not Match E
cac812f9ff9efcff,串本タクシー,http://www.kushimoto-taxi.co.jp/,和歌山県,not_evaluable,official LINKS raw files were not acquired; this is not Match E
93f9b320d8365656,明光バス,https://meikobus.jp/,和歌山県,not_evaluable,official LINKS raw files were not acquired; this is not Match E
e2b70194d2e58029,南海りんかんバス,http://www.rinkan.co.jp/koyasan/,和歌山県,not_evaluable,official LINKS raw files were not acquired; this is not Match E
bcf0e549eb803da4,龍神自動車,https://www.ryujinbus.com/routebus/,和歌山県,not_evaluable,official LINKS raw files were not acquired; this is not Match E
21500d6267aa8560,田辺市,https://www.city.tanabe.lg.jp/soshiki/kikaku/1/1_1/337.html,和歌山県,not_evaluable,official LINKS raw files were not acquired; this is not Match E
f5a60f311d4e2b6b,益田市,https://www.city.masuda.lg.jp/soshikikarasagasu/seisakukikakukyoku/koutsutaisakuka/5/2/10865.html,島根県,not_evaluable,official LINKS raw files were not acquired; this is not Match E
7d4b89eb4c2873f7,早島町,http://www.town.hayashima.lg.jp/soshikikarasagasu/kikaku/communitybus/communitybus.html,岡山県,not_evaluable,official LINKS raw files were not acquired; this is not Match E
8ff33a5795ac2fd5,北振バス株式会社,https://www.city.ibara.okayama.jp/soshiki/3/1962.html,岡山県,not_evaluable,official LINKS raw files were not acquired; this is not Match E
b8f620e6d3007214,北振バス株式会社,http://www.hokushin-bus.com/,岡山県,not_evaluable,official LINKS raw files were not acquired; this is not Match E
d8f8001f08b52449,鏡野町,http://www.town.kagamino.lg.jp/?p=80305,岡山県,not_evaluable,official LINKS raw files were not acquired; this is not Match E
ea7cf9753b02fce3,真庭市コミュニティバス『まにわくん』,https://www.city.maniwa.lg.jp/soshiki/12/1764.html,岡山県,not_evaluable,official LINKS raw files were not acquired; this is not Match E
f855d437824f374b,奈義町,https://www.town.nagi.okayama.jp/gyousei/kurashi/sumai/seikatsukankyou/nagibus.html,岡山県,not_evaluable,official LINKS raw files were not acquired; this is not Match E
ef464b3fdea9c8eb,新見市,https://www.city.niimi.okayama.jp/kurashi/kurashi_detail/index/8.html,岡山県,not_evaluable,official LINKS raw files were not acquired; this is not Match E
7b2f67959fe885f1,瀬戸内市,https://www.city.setouchi.lg.jp/uploaded/attachment/127865.pdf,岡山県,not_evaluable,official LINKS raw files were not acquired; this is not Match E
6beb8ee79189ef88,勝央町,https://www.town.shoo.lg.jp/soshiki/16/1266.html,岡山県,not_evaluable,official LINKS raw files were not acquired; this is not Match E
92e5c5e493557ae6,阿佐海岸鉄道株式会社,https://asatetu.com/schedule/,徳島県,not_evaluable,official LINKS raw files were not acquired; this is not Match E
126c22215149d4e2,東みよし町,https://www.town.higashimiyoshi.lg.jp/docs/984.html,徳島県,not_evaluable,official LINKS raw files were not acquired; this is not Match E
4a169d52710fc115,海陽町,https://www.town.kaiyo.lg.jp/docs/2020021400014/,徳島県,not_evaluable,official LINKS raw files were not acquired; this is not Match E
e8ea0428abe63191,北島町,https://www.town.kitajima.lg.jp/mobile/docs/2280397.html,徳島県,not_evaluable,official LINKS raw files were not acquired; this is not Match E
6c20f81da3d46821,松茂町,https://www.town.matsushige.tokushima.jp/docs/2023032400011/,徳島県,not_evaluable,official LINKS raw files were not acquired; this is not Match E
79cd83ec94a17d8a,那賀町,https://www.town.tokushima-naka.lg.jp/gyosei/kurashi/kotsu/2812.html,徳島県,not_evaluable,official LINKS raw files were not acquired; this is not Match E
44f66019228b9560,鳴門市,https://www.city.naruto.tokushima.jp/kurashi/sumai/kotsu/bus/tiiki.html,徳島県,not_evaluable,official LINKS raw files were not acquired; this is not Match E
771e9534464a7690,徳島バス,https://www.tokubus.co.jp/routebus/,徳島県,not_evaluable,official LINKS raw files were not acquired; this is not Match E
5e572e2a3dec774c,徳島バス南部,https://nanbu.tokubus.co.jp/,徳島県,not_evaluable,official LINKS raw files were not acquired; this is not Match E
b4a3b984e8b39756,三好市,https://www.miyoshi.i-tokushima.jp/kurashi/kotsu/shiei-bus/,徳島県,not_evaluable,official LINKS raw files were not acquired; this is not Match E
ff7f41a7c451e031,徳島市交通局,https://www.city.tokushima.tokushima.jp/bus/,徳島県,not_evaluable,official LINKS raw files were not acquired; this is not Match E
19cac7a5f2f6d84b,上八万バス運営委員会,https://www.city.tokushima.tokushima.jp/smph/kurashi/koutsu/kotsu/jishuunko_bus/kamihachiman_komibas.html,徳島県,not_evaluable,official LINKS raw files were not acquired; this is not Match E
ee4d27347ce9f3c9,応神ふれあいバス運行協議会,https://www.city.tokushima.tokushima.jp/smph/kurashi/koutsu/kotsu/jishuunko_bus/ojin_fureaibus.html,徳島県,not_evaluable,official LINKS raw files were not acquired; this is not Match E
66264ba5f3e92934,つるぎ町,https://www.town.tokushima-tsurugi.lg.jp/fs/4/3/0/4/7/4/_/__3_____________.pdf,徳島県,not_evaluable,official LINKS raw files were not acquired; this is not Match E
2bb00c4604794719,吉野川市,https://www.city.yoshinogawa.lg.jp/docs/2025030300034/,徳島県,not_evaluable,official LINKS raw files were not acquired; this is not Match E
ca91fc798a0befb1,観音寺市のりあいバス,https://www.city.kanonji.kagawa.jp/soshiki/7/206.html,香川県,not_evaluable,official LINKS raw files were not acquired; this is not Match E
2298d9a183607775,琴参バス株式会社,https://www.kotosan.co.jp/,香川県,not_evaluable,official LINKS raw files were not acquired; this is not Match E
1fb6bee0e3d4ae4a,三豊市コミュニティバス,https://www.city.mitoyo.lg.jp/kurashi/kotsu/11697.html,香川県,not_evaluable,official LINKS raw files were not acquired; this is not Match E
4f21ad129e1f7043,直島町,http://www.town.naoshima.lg.jp/about/naoshima/access.html,香川県,not_evaluable,official LINKS raw files were not acquired; this is not Match E
37628618e0f74a24,西讃観光,https://seisan-bus.co.jp/limousine/,香川県,not_evaluable,official LINKS raw files were not acquired; this is not Match E
56b7324264b7a179,安芸市,https://www.city.aki.kochi.jp/life/dtl.php?hdnKey=5813,高知県,not_evaluable,official LINKS raw files were not acquired; this is not Match E
9e458242bfce2ead,芸西村,http://www.vill.geisei.kochi.jp/pages/m000780.php,高知県,not_evaluable,official LINKS raw files were not acquired; this is not Match E
30de919eef272ee7,いの町,https://www.town.ino.kochi.jp/chosei/chouseijoho/1756/,高知県,not_evaluable,official LINKS raw files were not acquired; this is not Match E
2f5117c67bd61062,ジェイアール四国バス株式会社,https://www.jr-shikokubus.co.jp/,高知県,not_evaluable,official LINKS raw files were not acquired; this is not Match E
13a6e284148c1268,香美市,https://www.city.kami.lg.jp/soshiki/11/shiei-bus03.html,高知県,not_evaluable,official LINKS raw files were not acquired; this is not Match E
2445a693c134f77a,株式会社県交北部交通,https://www.khkhokubu.com/,高知県,not_evaluable,official LINKS raw files were not acquired; this is not Match E
86a6b53d524240eb,北川村,http://www.kitagawamura.jp/life/dtl.php?hdnKey=932,高知県,not_evaluable,official LINKS raw files were not acquired; this is not Match E
978eefc03e49f305,株式会社高知駅前観光,https://kochiekimaekanko.jp/,高知県,not_evaluable,official LINKS raw files were not acquired; this is not Match E
5a10a68074d9a2e6,公益財団法人高知県観光コンベンション協会,https://kochi-tabi.jp/lp/my-bus/,高知県,not_evaluable,official LINKS raw files were not acquired; this is not Match E
f577dacd81c19eea,香南市,https://www.city.kochi-konan.lg.jp/soshikikarasagasu/chiikishienka/kokyokotsu/konanbus/,高知県,not_evaluable,official LINKS raw files were not acquired; this is not Match E
e0f90c75da5e7600,高知高陵交通株式会社,http://koryokoutsu.net/,高知県,not_evaluable,official LINKS raw files were not acquired; this is not Match E
d7889a09cadaf934,高知西南交通株式会社,http://www.kochi-seinan.co.jp/,高知県,not_evaluable,official LINKS raw files were not acquired; this is not Match E
7aaa8829daed2cb9,須崎市,https://www.city.susaki.lg.jp/life/detail.php?hdnKey=3386,高知県,not_evaluable,official LINKS raw files were not acquired; this is not Match E
f07cbf6e254eeca8,高知東部交通株式会社,https://toubukoutuu.jimdofree.com/,高知県,not_evaluable,official LINKS raw files were not acquired; this is not Match E
1ff38f65d34f6fa2,津野町,https://town.kochi-tsuno.lg.jp/section/post_3690,高知県,not_evaluable,official LINKS raw files were not acquired; this is not Match E
791b873a3a70fc7d,有限会社黒岩観光,http://kurokan.net/,高知県,not_evaluable,official LINKS raw files were not acquired; this is not Match E
06127f36e21f81a7,三原村,https://www.vill.mihara.kochi.jp/life/list.php?hdnKeyword=%E4%B8%89%E5%8E%9F%E6%9D%91%E3%83%90%E3%82%B9,高知県,not_evaluable,official LINKS raw files were not acquired; this is not Match E
efa058ba678f865e,本山町,https://www.town.motoyama.kochi.jp/soshikikarasagasu/seisakukikakuka/1_1/387.html,高知県,not_evaluable,official LINKS raw files were not acquired; this is not Match E
caaed3c5d20cedb5,室戸市,https://www.city.muroto.kochi.jp/pages/page1816.php,高知県,not_evaluable,official LINKS raw files were not acquired; this is not Match E
e74f8e0297310c23,中土佐町,https://www.town.nakatosa.lg.jp/life/detail.php?hdnKey=1248,高知県,not_evaluable,official LINKS raw files were not acquired; this is not Match E
1cbc1f36772e9844,南国市,https://www.city.nankoku.lg.jp/life/life_dtl.php?hdnKey=8231,高知県,not_evaluable,official LINKS raw files were not acquired; this is not Match E
d918491da3d91640,仁淀川町,https://www.town.niyodogawa.lg.jp/life/kokyokotsu.php,高知県,not_evaluable,official LINKS raw files were not acquired; this is not Match E
4419f79ed84914eb,大月町,https://www.town.otsuki.kochi.jp/life/dtl.php?hdnKey=1794,高知県,not_evaluable,official LINKS raw files were not acquired; this is not Match E
c5c8eb0ae04e4623,有限会社嶺北観光自動車,https://reihoku-kanko.net/free/rosen,高知県,not_evaluable,official LINKS raw files were not acquired; this is not Match E
24b96d12b0e7fcd5,佐川町,https://www.town.sakawa.lg.jp/life/dtl.php?hdnKey=1605,高知県,not_evaluable,official LINKS raw files were not acquired; this is not Match E
8fc2ddddcc767bdc,株式会社四万十交通,http://konankanko.jp/,高知県,not_evaluable,official LINKS raw files were not acquired; this is not Match E
051a98597bc9a2a0,四万十市,https://www.city.shimanto.lg.jp/soshiki/3/1347.html,高知県,not_evaluable,official LINKS raw files were not acquired; this is not Match E
e9bc01fa9507f99d,四万十町,https://www.town.shimanto.lg.jp/life/detail.php?hdnKey=1707,高知県,not_evaluable,official LINKS raw files were not acquired; this is not Match E
22bdeb765eb9b2b3,宿毛市,https://www.city.sukumo.kochi.jp/01/10/,高知県,not_evaluable,official LINKS raw files were not acquired; this is not Match E
873566ceb024ef81,田野町,https://tanocho.jp/living/traffic_bus,高知県,not_evaluable,official LINKS raw files were not acquired; this is not Match E
681d012c88b18908,土佐市,https://www.city.tosa.lg.jp/life/detail.php?hdnKey=5707,高知県,not_evaluable,official LINKS raw files were not acquired; this is not Match E
109a5e6e3855370d,とさでん交通株式会社,https://www.tosaden.co.jp/,高知県,not_evaluable,official LINKS raw files were not acquired; this is not Match E
fab44ef0e6707072,土佐清水市,https://www.city.tosashimizu.kochi.jp/kurashi/section/kikaku/12668.html,高知県,not_evaluable,official LINKS raw files were not acquired; this is not Match E
2720cde1c5094341,安田町,https://www.town.yasuda.kochi.jp/life/dtl.php?hdnKey=1576,高知県,not_evaluable,official LINKS raw files were not acquired; this is not Match E
aaf96b1f46338026,甘木観光バス,https://amagikankobus.jp/,福岡県,not_evaluable,official LINKS raw files were not acquired; this is not Match E
45cefe0fd8758009,芦屋タウンバス,https://www.town.ashiya.lg.jp/soshiki/7/1245.html,福岡県,not_evaluable,official LINKS raw files were not acquired; this is not Match E
7866e489d4c14e8e,豊前市,https://www.city.buzen.lg.jp/bus.html,福岡県,not_evaluable,official LINKS raw files were not acquired; this is not Match E
7ae15c12ab48af37,筑後市,https://www.city.chikugo.lg.jp/shimin/_2299/_24191/_30518.html,福岡県,not_evaluable,official LINKS raw files were not acquired; this is not Match E
1723c1b3b38066fd,築上町,https://www.town.chikujo.fukuoka.jp/s007/010/090/010/100/070/cbus-top.html,福岡県,not_evaluable,official LINKS raw files were not acquired; this is not Match E
debe99c70a4444b3,太宰府市,https://www.city.dazaifu.lg.jp/site/communitybus/list107-302.html,福岡県,not_evaluable,official LINKS raw files were not acquired; this is not Match E
f37a9df203952b31,川崎町,https://www.town-kawasaki.com/kurashi/joho/167,福岡県,not_evaluable,official LINKS raw files were not acquired; this is not Match E
3e9de2a66669e4e0,古賀市公共施設等連絡バス コガバス,https://www.city.koga.fukuoka.jp/cityhall/work/kikaku/012.php,福岡県,not_evaluable,official LINKS raw files were not acquired; this is not Match E
11fa9fd79fd208aa,株式会社姪浜タクシー,https://www.meinohama.co.jp/,福岡県,not_evaluable,official LINKS raw files were not acquired; this is not Match E
3bd4c867ae52be24,福津市,https://www.city.fukutsu.lg.jp/kurashi/kotsu/minibus.html,福岡県,not_evaluable,official LINKS raw files were not acquired; this is not Match E
872d6c6323482ad6,久山町,https://www.town.hisayama.fukuoka.jp/gyosei/kurashi/doro_kotsu/ikobass_1/,福岡県,not_evaluable,official LINKS raw files were not acquired; this is not Match E
993f5e87c42616f3,嘉麻市,https://www.city.kama.lg.jp/soshiki/41/28501.html,福岡県,not_evaluable,official LINKS raw files were not acquired; this is not Match E
5bc658eded155bd7,苅田町コミュニティバス,https://www.town.kanda.lg.jp/page/1395.html,福岡県,not_evaluable,official LINKS raw files were not acquired; this is not Match E
85d539f6c83212e6,春日市,https://www.city.kasuga.fukuoka.jp/kurashi/douro/yayoi/1001364/index.html,福岡県,not_evaluable,official LINKS raw files were not acquired; this is not Match E
b181cb351fbf22d4,恒見・喜多久地区おでかけ交通,https://www.city.kitakyushu.lg.jp/contents/08000010.html,福岡県,not_evaluable,official LINKS raw files were not acquired; this is not Match E
9a2ee1297c6d7178,大蔵地区おでかけ交通,https://www.city.kitakyushu.lg.jp/contents/08000008.html,福岡県,not_evaluable,official LINKS raw files were not acquired; this is not Match E
e68117862fb6a38b,合馬・道原地区おでかけ交通,https://www.city.kitakyushu.lg.jp/contents/924_00470.html,福岡県,not_evaluable,official LINKS raw files were not acquired; this is not Match E
686b98b9cf5154d5,木屋瀬・楠橋・星ヶ丘地区おでかけ交通,https://www.city.kitakyushu.lg.jp/contents/924_00467.html,福岡県,not_evaluable,official LINKS raw files were not acquired; this is not Match E
e826c77920aa010b,東谷地区おでかけ交通,https://www.city.kitakyushu.lg.jp/contents/924_00464.html,福岡県,not_evaluable,official LINKS raw files were not acquired; this is not Match E
614c6533abef7e26,枝光地区おでかけ交通,https://www.city.kitakyushu.lg.jp/contents/924_00463.html,福岡県,not_evaluable,official LINKS raw files were not acquired; this is not Match E
bc1d79790bbac2e9,平尾台地区おでかけ交通,https://www.city.kitakyushu.lg.jp/contents/924_00473.html,福岡県,not_evaluable,official LINKS raw files were not acquired; this is not Match E
a621426035032b30,田代・河内地区おでかけ交通,https://www.city.kitakyushu.lg.jp/contents/08000009.html,福岡県,not_evaluable,official LINKS raw files were not acquired; this is not Match E
fd118108249898bb,鞍手町,https://www.town.kurate.lg.jp/koutuu/smilebus/syousai-20260401.html,福岡県,not_evaluable,official LINKS raw files were not acquired; this is not Match E
ee348a96c795a247,みやま市,https://www.city.miyama.lg.jp/s006/kurashi/140/030/20200108075000.html,福岡県,not_evaluable,official LINKS raw files were not acquired; this is not Match E
827cd9cf33a71f69,宮若市,https://www.city.miyawaka.lg.jp/kiji003444183/,福岡県,not_evaluable,official LINKS raw files were not acquired; this is not Match E
a168f9d5f48716db,水巻町,https://www.town.mizumaki.lg.jp/,福岡県,not_evaluable,official LINKS raw files were not acquired; this is not Match E
aa74bb1dc8423fa2,宗像市,https://www.city.munakata.lg.jp/w059/010/010/020/060/030/bus.html,福岡県,not_evaluable,official LINKS raw files were not acquired; this is not Match E
8e1f5e6fca2c9efd,宮若市・宗像市,https://www.city.munakata.lg.jp/kiji0037771/,福岡県,not_evaluable,official LINKS raw files were not acquired; this is not Match E
69bc77d46412dc19,直方市コミュニティバス,https://www.city.nogata.fukuoka.jp/sangyo/_1230/_8168.html,福岡県,not_evaluable,official LINKS raw files were not acquired; this is not Match E
e658098be783030c,遠賀町コミュニティバス,https://www.town.onga.lg.jp/soshiki/12/1382.html,福岡県,not_evaluable,official LINKS raw files were not acquired; this is not Match E
17e3c7809d6f3908,新宮町コミュニティバスマリンクス,https://www.town.shingu.fukuoka.jp/kurashi/doro_kotsuu/2/1/index.html,福岡県,not_evaluable,official LINKS raw files were not acquired; this is not Match E
3ced3ec49a64d543,福岡県添田町（添田町バス）,https://www.town.soeda.fukuoka.jp/bus/,福岡県,not_evaluable,official LINKS raw files were not acquired; this is not Match E
6fdb09f180072eb2,須恵町,https://www.town.sue.fukuoka.jp/kurashi_tetsuzuki/kokyokotu/,福岡県,not_evaluable,official LINKS raw files were not acquired; this is not Match E
6d25a4fda1c2584e,田川市コミュニティバス,https://www.joho.tagawa.fukuoka.jp/kiji0032272/,福岡県,not_evaluable,official LINKS raw files were not acquired; this is not Match E
47da422c9d0bbcef,太陽交通株式会社,http://www.taiyo-koutu.co.jp/bus/,福岡県,not_evaluable,official LINKS raw files were not acquired; this is not Match E
129367897449dd64,柳川市,https://www.city.yanagawa.fukuoka.jp/kurashi/kotsu/communitybus/,福岡県,not_evaluable,official LINKS raw files were not acquired; this is not Match E
19a04eb209d455e5,伊万里市,https://www.city.imari.saga.jp/2720.htm,佐賀県,not_evaluable,official LINKS raw files were not acquired; this is not Match E
35e99b31d3eaab05,平戸市,https://www.city.hirado.nagasaki.jp/kurashi/life/sumai/koutu/bus/bus01.html,長崎県,not_evaluable,official LINKS raw files were not acquired; this is not Match E
eb3cb99dadebbb16,熊本バス,http://www.kuma-bus.co.jp/,熊本県,not_evaluable,official LINKS raw files were not acquired; this is not Match E
f9c4176b4dfac6be,熊本都市バス,https://www.kumamoto-toshibus.co.jp/,熊本県,not_evaluable,official LINKS raw files were not acquired; this is not Match E
0838bcbc216392a8,熊本電鉄バス,http://www.kumamotodentetsu.co.jp/bus/select/,熊本県,not_evaluable,official LINKS raw files were not acquired; this is not Match E
f081c0b7664a316a,九州産交バス,https://www.sankobus.jp/,熊本県,not_evaluable,official LINKS raw files were not acquired; this is not Match E
e5a13ec8ddb4886b,玖珠町,https://www.town.kusu.oita.jp/soshiki/miraisouseika/2/2/1/index.html,大分県,not_evaluable,official LINKS raw files were not acquired; this is not Match E
0dd77c8bb972416a,中津市,https://www.city-nakatsu.jp/doc/2012042300039/,大分県,not_evaluable,official LINKS raw files were not acquired; this is not Match E
94d2d47c4c53d36e,かごしま市コミュニティバス「あいばす」,http://www.city.kagoshima.lg.jp/kikakuzaisei/kikaku/kotuseisaku/machizukuri/igai/kokyo/aibus/aibus.html,鹿児島県,not_evaluable,official LINKS raw files were not acquired; this is not Match E
c15780f74117aaec,八重瀬町役場,https://www.nantoku.org/access/bus/,沖縄県,not_evaluable,official LINKS raw files were not acquired; this is not Match E
0ee1b995e9ffc05e,合同会社やんばる急行バス,http://yanbaru-expressbus.com/,沖縄県,not_evaluable,official LINKS raw files were not acquired; this is not Match E
