organization_id,feed_id,organization_name,feed_name,requested_history_depth,last_completed_utc
agematsutown,agematu,上松町,上松町公共交通,12,2026-09-29T01:28:38.997975+00:00
aichi-miyoshicity,sansanbus,みよし市,みよし市さんさんバス,12,2026-09-29T01:28:38.997975+00:00
akashicity,tacobustacobusmini,明石市,たこバス/たこバスミニ,12,2026-09-29T01:28:38.997975+00:00
akicity,GTFS-Akicity_Bus,安芸市,安芸市「元気バス」,12,2026-09-29T01:28:38.997975+00:00
akishimacity,Abus,昭島市,Aバス,12,2026-09-29T01:28:38.997975+00:00
akocity,teijuurou,赤穂市,ていじゅうろう,12,2026-09-29T01:28:38.997975+00:00
akocity,yuranosuke,赤穂市,ゆらのすけ,12,2026-09-29T01:28:38.997975+00:00
amacity,amashijunkaibasu,あま市,あま市巡回バス,12,2026-09-29T01:28:38.997975+00:00
amagikankobus,AmagiKankoBus,株式会社甘木観光バス,株式会社甘木観光バス,12,2026-09-29T01:28:38.997975+00:00
anjocity,AnkuruBus,安城市,あんくるバス,12,2026-09-29T01:28:38.997975+00:00
annakacity,annakashi-rosenbus,安中市,安中市路線バス（あんバス）,12,2026-09-29T01:28:38.997975+00:00
aoi-komaki,aoikotsu,あおい交通,あおい交通,12,2026-09-29T01:28:38.997975+00:00
aokivillage,aokisoneibus,青木村,青木村営バス,12,2026-09-29T01:28:38.997975+00:00
arakawacity,sakura,荒川区,コミュニティバスさくら,12,2026-09-29T01:28:38.997975+00:00
aridagawatown,aridagawatownbus,有田川町,有田川町コミュニティバス,12,2026-09-29T01:28:38.997975+00:00
asatetu,asakaigantetsudo,阿佐海岸鉄道株式会社,阿佐海岸鉄道株式会社【DMV】,12,2026-09-29T01:28:38.997975+00:00
ashikagacity,Ashikaga-route-bus,足利市,足利市路線バス,12,2026-09-29T01:28:38.997975+00:00
ashiyatown,AshiyaTownBus,芦屋町,芦屋町コミュニティバス 芦屋タウンバス,12,2026-09-29T01:28:38.997975+00:00
awajicity,awajinawahimebus,淡路市,あわ神あわ姫バス,12,2026-09-29T01:28:38.997975+00:00
busnet-tsu,guruttotsubus,バスネット津,ぐるっと・つーバス,12,2026-09-29T01:28:38.997975+00:00
buzencity,BuzenCityBus,豊前市,豊前市バス,12,2026-09-29T01:28:38.997975+00:00
chigasakicity,eboshigou,茅ヶ崎市,コミュニティバスえぼし号,12,2026-09-29T01:28:38.997975+00:00
chikugocity,HainuzukaStationAreaLoopBus,筑後市,羽犬塚駅周辺循環バス（はねバス）,12,2026-09-29T01:28:38.997975+00:00
chikujotown,ChikujoTownCommunityBus,築上町,築上町コミュニティバス,12,2026-09-29T01:28:38.997975+00:00
chikuma-bus,rosenbus,千曲バス株式会社,路線バス,12,2026-09-29T01:28:38.997975+00:00
chikumacity,chikumajunkanbus,千曲市,千曲市循環バス,12,2026-09-29T01:28:38.997975+00:00
chiryucity,communitybus,知立市,知立市「ミニバス」（コミュニティバス）,12,2026-09-29T01:28:38.997975+00:00
chitabus,chitabus,知多乗合（知多バス）,知多バス,12,2026-09-29T01:28:38.997975+00:00
chitacity,chita-aiaibus,知多市,知多市コミュニティバス「あいあいバス」,12,2026-09-29T01:28:38.997975+00:00
chitetsu,chitetsubus,富山地方鉄道,富山地方鉄道バス,12,2026-09-29T01:28:38.997975+00:00
chitetsu,chitetsushinaidensha,富山地方鉄道,富山地方鉄道市内電車,12,2026-09-29T01:28:38.997975+00:00
chukibus,chukibus,中紀バス,中紀バス,12,2026-09-29T01:28:38.997975+00:00
daishinto,Radiant-City,大新東株式会社,レイディアントシティ横濱,12,2026-09-29T01:28:38.997975+00:00
dazaifucity,DazaifuCityCommunityBus,太宰府市,太宰府市コミュニティバスまほろば号,12,2026-09-29T01:28:38.997975+00:00
enacity,communitybus,恵那市,恵那市自主運行バス（コミュニティバス）,12,2026-09-29T01:28:38.997975+00:00
fujiedacity,gtfsfjed,藤枝市,藤枝市自主運行バス（駅南循環+アクセスバス）,12,2026-09-29T01:28:38.997975+00:00
fukauratown,fukaura-town-communitybus,深浦町,深浦町コミュニティバス,12,2026-09-29T01:28:38.997975+00:00
fukuoka-kawasakitown,KawasakiTownFureaiBus,川崎町,川崎町ふれあいバス,12,2026-09-29T01:28:38.997975+00:00
fukuoka-kogacity,KogaBus,古賀市,コガバス,12,2026-09-29T01:28:38.997975+00:00
fukuokacity,ImajukuMeinohamaLine,福岡市,今宿姪浜線乗合バス,12,2026-09-29T01:28:38.997975+00:00
fukusakitown,junkai-fukuhime-fukusakikasairenkei,福崎町,巡回バス/ふくひめ号/福崎町・加西市連携コミュニティバス,12,2026-09-29T01:28:38.997975+00:00
fukutsucity,minibus,福津市,ふくつミニバス・ふくつ乗合タクシー,12,2026-09-29T01:28:38.997975+00:00
gamagoricity,communitybus,蒲郡市,蒲郡市コミュニティバス,12,2026-09-29T01:28:38.997975+00:00
gan-wu,shiokazeline,岩宇地域公共交通活性化協議会,しおかぜライン,12,2026-09-29T01:28:38.997975+00:00
geiseivillage,GTFS-Geiseivill_Bus,芸西村,芸西村「おでかけバス」,12,2026-09-29T01:28:38.997975+00:00
gerocity,gerobus,下呂市,下呂市　げろバス,12,2026-09-29T01:28:38.997975+00:00
gifu-yamagatacity,communitybus,山県市,山県市自主運行バス,12,2026-09-29T01:28:38.997975+00:00
gifucity,communitybus,岐阜市,岐阜市コミュニティバス,12,2026-09-29T01:28:38.997975+00:00
goshogawaracity,goshogawara-communitybus,五所川原市,五所川原市コミュニティバス,12,2026-09-29T01:28:38.997975+00:00
gujocity,citybus,郡上市,郡上市自主運行バス,12,2026-09-29T01:28:38.997975+00:00
gunma-otacity,ootacitybus,太田市,太田市営バス,12,2026-09-29T01:28:38.997975+00:00
hachikanbus,hachimanbus,八幡観光バス,八幡バス,12,2026-09-29T01:28:38.997975+00:00
hachinohe,hachinohe-citybus,八戸市交通部,八戸市営バス,12,2026-09-29T01:28:38.997975+00:00
hachinohecity,hachinohe-nango,八戸市,八戸市南郷コミュニティバス,12,2026-09-29T01:28:38.997975+00:00
hakusancity,hakusan_bus_meguru,白山市,白山市コミュニティバス「めぐーる」,12,2026-09-29T01:28:38.997975+00:00
hanamakicity,hanamaki,花巻市,花巻市コミュニティバス,12,2026-09-29T01:28:38.997975+00:00
hannocity,odekakemuma-haraichiba,飯能市,飯能市乗合ワゴン　原市場,12,2026-09-29T01:28:38.997975+00:00
hannocity,odekakemuma-minamikoma,飯能市,飯能市乗合ワゴン　南高麗,12,2026-09-29T01:28:38.997975+00:00
hannocity,odekakemuma-seimei-kaji,飯能市,飯能市乗合ワゴン　精明・加治,12,2026-09-29T01:28:38.997975+00:00
hashikamitown,hashikamibus,階上町,階上町コミュニティバス,12,2026-09-29T01:28:38.997975+00:00
hashimacity,HashimaCityCommunityBus,羽島市,羽島市コミュニティバス,12,2026-09-29T01:28:38.997975+00:00
hayashimatown,hayashimatowncommunitybus,早島町,早島町コミュニティバス,12,2026-09-29T01:28:38.997975+00:00
hekinancity,kurukuru-bus,碧南市,くるくるバス,12,2026-09-29T01:28:38.997975+00:00
hichisotown,choeibus,七宗町,七宗町営バス,12,2026-09-29T01:28:38.997975+00:00
hidacity,communitybus,飛騨市,飛騨市営バス「ひだまる」,12,2026-09-29T01:28:38.997975+00:00
higashimiyoshitown,higashimiyoshitownbus,東みよし町,東みよし町営バス,12,2026-09-29T01:28:38.997975+00:00
higashinecity,HigashineCity,東根市,東根市営バス,12,2026-09-29T01:28:38.997975+00:00
higashiomicity,higasiohmisicommunitybus,東近江市,東近江市ちょこっとバス,12,2026-09-29T01:28:38.997975+00:00
higashiuratown,communitybus,東浦町,東浦町運行バス　う・ら・ら,12,2026-09-29T01:28:38.997975+00:00
himejicity,ieshima-boze-yukihiko,姫路市,家島コミュニティバス/坊勢コミュニティバス/コミュニティバス雪彦,12,2026-09-29T01:28:38.997975+00:00
hiradocity,fureaibus,平戸市,ふれあいバス,12,2026-09-29T01:28:38.997975+00:00
hirakawacity,hirakwacitybus,平川市,平川市碇ヶ関・平賀線バス,12,2026-09-29T01:28:38.997975+00:00
hiranaitown,hiranaitownbus,平内町,平内町民バス,12,2026-09-29T01:28:38.997975+00:00
hirosakicity,hokusei-noriai,弘前市,弘前市乗合タクシー（北星交通）,12,2026-09-29T01:28:38.997975+00:00
hisayamatown,HisayamaIkoBus,久山町,久山町コミュニティバス イコバス,12,2026-09-29T01:28:38.997975+00:00
hokushin-bus,hokushinbus,北振バス株式会社,北振バス,12,2026-09-29T01:28:38.997975+00:00
hokushin-bus,ibaraaiaibus,北振バス株式会社,井原あいあいバス,12,2026-09-29T01:28:38.997975+00:00
hyogo-kamikawatown,communitybus,神河町,コミュニティバス,12,2026-09-29T01:28:38.997975+00:00
hyogo-ono,ranranbus,小野市,らんらんバス,12,2026-09-29T01:28:38.997975+00:00
ibigawatown,communitybus,揖斐川町,揖斐川町ふれあいバス,12,2026-09-29T01:28:38.997975+00:00
ichikawamisatotown,ichikawamisatobus,市川三郷町,市川三郷町コミュニティバス,12,2026-09-29T01:28:38.997975+00:00
ichikawatown,communitybus,市川町,コミュニティバス,12,2026-09-29T01:28:38.997975+00:00
ichinosekicity,Ichinosekibus,一関市,一関市市営バス,12,2026-09-29T01:28:38.997975+00:00
igacity,communitybus,伊賀市,伊賀市行政バス・コミュニティバス,12,2026-09-29T01:28:38.997975+00:00
iiyamacity,nanohanabus,飯山市,菜の花バス市街地循環線,12,2026-09-29T01:28:38.997975+00:00
imaricity,imarinbus,伊万里市,いまりんバス,12,2026-09-29T01:28:38.997975+00:00
imizucity,imizushi,射水市,きときとバス,12,2026-09-29T01:28:38.997975+00:00
inabecity,fukushibus,いなべ市,いなべ市福祉バス,12,2026-09-29T01:28:38.997975+00:00
inagawatown,fureaibus,猪名川町,ふれあいバス,12,2026-09-29T01:28:38.997975+00:00
inotown,GTFS-Inotown_HongawaArea,いの町,いの町営バス「本川地区」,12,2026-09-29T01:28:38.997975+00:00
inotown,GTFS-Inotown_Loopbus,いの町,いの町営バス「伊野循環線」,12,2026-09-29T01:28:38.997975+00:00
inzaicity,rosenbus,印西市,宗像路線、六合路線,12,2026-09-29T01:28:38.997975+00:00
isecity,communitybus,伊勢市,伊勢市コミュニティバス「おかげバス」,12,2026-09-29T01:28:38.997975+00:00
isecity,numakibus,伊勢市,伊勢市沼木地区自主運行バス「沼木バス」,12,2026-09-29T01:28:38.997975+00:00
ishikariwanshinko,on-demandtransit_itsumo,石狩湾新港地域公共交通サービス推進協議会,石狩市AIデマンド交通「いつモ」,12,2026-09-29T01:28:38.997975+00:00
itoigawabus,itoigawabus,糸魚川バス株式会社,糸魚川バス,12,2026-09-29T01:28:38.997975+00:00
iwadecity,junkaibus,岩出市,岩出市巡回バス,12,2026-09-29T01:28:38.997975+00:00
joetsucity,joetsu,上越市,上越市市営バス,12,2026-09-29T01:28:38.997975+00:00
jr-east-morioka,JR-east_tsugaruline,JR東日本盛岡支社,JR津軽線代行バス（蟹田駅～三厩体育館）,12,2026-09-29T01:28:38.997975+00:00
jr-shikoku-bus-kochi,GTFS-JRbus_Otochi,ジェイアール四国バス株式会社 高知支店,路線バス,12,2026-09-29T01:28:38.997975+00:00
kaetsunou,kaetsunouhimi,加越能バス,加越能バス（氷見市街地周遊バス）,12,2026-09-29T01:28:38.997975+00:00
kaetsunou,kaetsunouippan,加越能バス,加越能バス（一般路線）,12,2026-09-29T01:28:38.997975+00:00
kaetsunou,kaetsunousekaiisan,加越能バス,加越能バス（世界遺産バス）,12,2026-09-29T01:28:38.997975+00:00
kagaminotown,kagaminotownbus,鏡野町,鏡野町営バス,12,2026-09-29T01:28:38.997975+00:00
kagoshimacity,aibus,鹿児島市,鹿児島市コミュニティバス「あいばす」,12,2026-09-29T01:28:38.997975+00:00
kahokutown,KahokuTown,河北町,河北町営バス,12,2026-09-29T01:28:38.997975+00:00
kaicity,kaicitybus,甲斐市,甲斐市民バス,12,2026-09-29T01:28:38.997975+00:00
kaiyotown,kaiyotownbus,海陽町,海陽町営バス,12,2026-09-29T01:28:38.997975+00:00
kaizucity,communitybus,海津市,海津市コミュニティバス,12,2026-09-29T01:28:38.997975+00:00
kakegawacity,kakegawa6,掛川市,桜木、居尻、倉真、東山、粟本線、市街地循環線南回り、市街地循環線北回り,12,2026-09-29T01:28:38.997975+00:00
kakegawacity,kakegawaosuka,掛川市,掛川大須賀線,12,2026-09-29T01:28:38.997975+00:00
kakogawacity,kakobuskakobusmini,加古川市,かこバス/かこバスミニ,12,2026-09-29T01:28:38.997975+00:00
kamacity,KamaCityBus,嘉麻市,嘉麻市バス,12,2026-09-29T01:28:38.997975+00:00
kameyamacity,communitybus,亀山市,亀山市コミュニティバス,12,2026-09-29T01:28:38.997975+00:00
kamicity,GTFS-Kamicity_Bus,香美市,香美市営バス,12,2026-09-29T01:28:38.997975+00:00
kamicity,GTFS-Kamicity_Demandbus,香美市,香美市営バス デマンド,12,2026-09-29T01:28:38.997975+00:00
kamigoritown,ainorigo,上郡町,愛のり号,12,2026-09-29T01:28:38.997975+00:00
kamiichitown,kamiichi,上市町,上市町営バス,12,2026-09-29T01:28:38.997975+00:00
kaminoyamacity,KaminoyamaCity,上山市,上山市営バス,12,2026-09-29T01:28:38.997975+00:00
kamishihorotown,kamishihoro,上士幌町,上士幌町コミュニティバス,12,2026-09-29T01:28:38.997975+00:00
kamishihorotown,kamishihoro-self-bus,上士幌町,上士幌町自動運転バス,12,2026-09-29T01:28:38.997975+00:00
kamocity,kamonbus,加茂市,加茂市営バス かもんバス,12,2026-09-29T01:28:38.997975+00:00
kandatown,KandaTownCommunityBus,苅田町,苅田町コミュニティバス,12,2026-09-29T01:28:38.997975+00:00
kanicity,satsukibus,可児市,さつきバス,12,2026-09-29T01:28:38.997975+00:00
kanonjicity,kanonjishi-noriaibus,観音寺市,観音寺市のりあいバス,12,2026-09-29T01:28:38.997975+00:00
kariyacity,communitybus,刈谷市,刈谷市コミュニティバス「かりまる」,12,2026-09-29T01:28:38.997975+00:00
karuizawatown,junkan-bus,軽井沢町,軽井沢町町内循環バス,12,2026-09-29T01:28:38.997975+00:00
kasaicity,kasaineppihappybus,加西市,KASAIねっぴー号/はっぴーバス,12,2026-09-29T01:28:38.997975+00:00
kasaicity,unifureaitomi,加西市,宇仁ふれあいバス/とみバス,12,2026-09-29T01:28:38.997975+00:00
kasamatsutown,communitybus,笠松町,笠松町公共施設巡回町民バス,12,2026-09-29T01:28:38.997975+00:00
kasugacity,yayoi_kasuga,春日市,春日市コミュニティバスやよい,12,2026-09-29T01:28:38.997975+00:00
kasugaicity,kasugaicitybus,春日井市,かすがいシティバス,12,2026-09-29T01:28:38.997975+00:00
katoricity,katori-junkan,香取市,香取市循環バス,12,2026-09-29T01:28:38.997975+00:00
katsuragitown,community-bus,かつらぎ町,かつらぎ町コミュニティバス,12,2026-09-29T01:28:38.997975+00:00
katsushikacity,sakura,葛飾区,さくら,12,2026-09-29T01:28:38.997975+00:00
kawagoetown,fureaibus,川越町,川越町ふれあいバス,12,2026-09-29T01:28:38.997975+00:00
keisei-transitbus,keiseitransitbus,京成バス千葉ウエスト株式会社,京成バス千葉ウエスト　塩浜営業所（市川市コミュニティバス　南部ルート　わくわくバス含む）,12,2026-09-29T01:28:38.997975+00:00
khkhokubu-kotsu,GTFS-Hokubutraffic_Localbus,株式会社県交北部交通,路線バス,12,2026-09-29T01:28:38.997975+00:00
kihotown,chominbus,紀宝町,紀宝町民バス,12,2026-09-29T01:28:38.997975+00:00
kimitsucity,Kimitsu_City_Community_Bus,君津市,君津市コミュニティバス,12,2026-09-29T01:28:38.997975+00:00
kimitsucity,Local_buses_via_Kimitsu_City,君津市,君津市経由路線バス,12,2026-09-29T01:28:38.997975+00:00
kinokawacity,kinokawa_bus,紀の川市,紀の川市地域巡回バス・紀の川コミュニティバス,12,2026-09-29T01:28:38.997975+00:00
kisokoikirengo,kiso-bus,木曽広域連合,きそバス,12,2026-09-29T01:28:38.997975+00:00
kisosakitown,communitybus,木曽岬町,木曽岬町自主運行バス,12,2026-09-29T01:28:38.997975+00:00
kisotown,kisotown,木曽町,木曽町公共交通,12,2026-09-29T01:28:38.997975+00:00
kisovillage,kisovill,木祖村,木祖村公共交通,12,2026-09-29T01:28:38.997975+00:00
kitaena,kitaena,北恵那交通,北恵那交通,12,2026-09-29T01:28:38.997975+00:00
kitagawavillage,GTFS-Kitagawavill_Bus,北川村,北川村営バス,12,2026-09-29T01:28:38.997975+00:00
kitajimatown,kitajimatownfukushibus,北島町,北島町福祉バス,12,2026-09-29T01:28:38.997975+00:00
kitakyushucity,edamitsu,北九州市,八幡東区枝光地区,12,2026-09-29T01:28:38.997975+00:00
kitakyushucity,higashitani,北九州市,小倉南区東谷地区,12,2026-09-29T01:28:38.997975+00:00
kitakyushucity,hiraodai,北九州市,小倉南区平尾台地区,12,2026-09-29T01:28:38.997975+00:00
kitakyushucity,koyanose-kusubashi-hoshigaoka,北九州市,八幡西区木屋瀬・楠橋・星ヶ丘地区,12,2026-09-29T01:28:38.997975+00:00
kitakyushucity,okura,北九州市,八幡東区大蔵地区,12,2026-09-29T01:28:38.997975+00:00
kitakyushucity,oma-dobaru,北九州市,小倉南区合馬・道原地区,12,2026-09-29T01:28:38.997975+00:00
kitakyushucity,tashiro-kawachi,北九州市,八幡東区田代・河内地区,12,2026-09-29T01:28:38.997975+00:00
kitakyushucity,tsunemi-kitaku,北九州市,門司区恒見・喜多久地区,12,2026-09-29T01:28:38.997975+00:00
kitanagoyacity,communitybus,北名古屋市,北名古屋市　市内循環バス「きたバス」,12,2026-09-29T01:28:38.997975+00:00
kitashitara,odekakehokusetsu,北設楽郡公共交通活性化協議会,おでかけ北設（設楽町・東栄町・豊根村）,12,2026-09-29T01:28:38.997975+00:00
kobecity,kobe-satoyama,神戸市,北区青葉台・柏尾台地区「さとやま」,12,2026-09-29T01:28:38.997975+00:00
kobecity,kobe-shiokaze,神戸市,神戸市コミュニティバス,12,2026-09-29T01:28:38.997975+00:00
kochi-ekimae-kanko,GTFS-Ekimae_Airportbus,株式会社高知駅前観光,空港連絡バス,12,2026-09-29T01:28:38.997975+00:00
kochi-ekimae-kanko,GTFS-Ekimae_Expressbus,株式会社高知駅前観光,高速バス,12,2026-09-29T01:28:38.997975+00:00
kochi-kanko-convention,GTFS-KVCA_MY-YUbus,公益財団法人高知県観光コンベンション協会,MY遊バス,12,2026-09-29T01:28:38.997975+00:00
kochi-konancity,GTFS-Konancity_Bus,香南市,香南市営バス,12,2026-09-29T01:28:38.997975+00:00
kochi-koryo-kotsu,GTFS-Koryotraffic_Localbus,高知高陵交通株式会社,路線バス,12,2026-09-29T01:28:38.997975+00:00
kochi-seinan-kotsu,GTFS-Seinan_Expressbus,高知西南交通株式会社,高速バス,12,2026-09-29T01:28:38.997975+00:00
kochi-seinan-kotsu,GTFS-Seinantraffic_Akamego,高知西南交通株式会社,まちなかぐるっと循環周遊バス,12,2026-09-29T01:28:38.997975+00:00
kochi-seinan-kotsu,GTFS-Seinantraffic_Localbus,高知西南交通株式会社,路線バス,12,2026-09-29T01:28:38.997975+00:00
kochi-seinan-kotsu,GTFS-Seinantraffic_Riverbus,高知西南交通株式会社,四万十川バス,12,2026-09-29T01:28:38.997975+00:00
kochi-seinan-kotsu,GTFS-Seinantraffic_Shimaashi,高知西南交通株式会社,しまんと・あしずり号,12,2026-09-29T01:28:38.997975+00:00
kochi-suzakicity,GTFS-Susakicity_Bus,須崎市,須崎市営バス,12,2026-09-29T01:28:38.997975+00:00
kochi-tobu-kotsu,GTFS-Tobutraffic_Localbus,高知東部交通株式会社,路線バス,12,2026-09-29T01:28:38.997975+00:00
kochi-tsunotown,GTFS-Tsunotown_Bus,津野町,津野町コミュニティバス「つのバス」,12,2026-09-29T01:28:38.997975+00:00
kokacity,sinaicommunitybus,甲賀市,甲賀市コミュニティバス,12,2026-09-29T01:28:38.997975+00:00
komatsucity,blue,小松市,市内循環線北コース,12,2026-09-29T01:28:38.997975+00:00
komatsucity,kibagatasen,小松市,木場潟線,12,2026-09-29T01:28:38.997975+00:00
komatsucity,orange,小松市,市内循環線南コース,12,2026-09-29T01:28:38.997975+00:00
komonotown,communitybus,菰野町,菰野町「かもしか号」,12,2026-09-29T01:28:38.997975+00:00
kosugevillage,kosugesoneibus,小菅村,小菅村営バス,12,2026-09-29T01:28:38.997975+00:00
kotosan,kotohira-local,琴参バス株式会社,琴平路線,12,2026-09-29T01:28:38.997975+00:00
kotosan,marugame-community,琴参バス株式会社,丸亀コミュニティバス,12,2026-09-29T01:28:38.997975+00:00
kotosan,sakaide-local,琴参バス株式会社,坂出路線,12,2026-09-29T01:28:38.997975+00:00
kozushimavillage,kozushimavillagebus,神津島村,神津島村営バス,12,2026-09-29T01:28:38.997975+00:00
kuma-bus,kuma-bus,熊本バス,熊本バス,12,2026-09-29T01:28:38.997975+00:00
kumagayacity,yuuyuubus,熊谷市,熊谷市ゆうゆうバス,12,2026-09-29T01:28:38.997975+00:00
kumamoto-toshibus,kumamoto-toshibus,熊本都市バス,熊本都市バス,12,2026-09-29T01:28:38.997975+00:00
kumamotodentetsu,kumamotodentetsu-bus,熊本電鉄,熊本電鉄バス,12,2026-09-29T01:28:38.997975+00:00
kumanocity,communitybus,熊野市,熊野市バス、御浜町自主運行バス,12,2026-09-29T01:28:38.997975+00:00
kumanocity,shuyubus,熊野市,熊野市市街地周遊バス,12,2026-09-29T01:28:38.997975+00:00
kumanogobobus,kumanogobobus_gobo,熊野御坊南海バス株式会社,熊野御坊南海バス 御坊エリア,12,2026-09-29T01:28:38.997975+00:00
kumanogobobus,kumanogobobus_kumano,熊野御坊南海バス株式会社,熊野御坊南海バス 熊野エリア,12,2026-09-29T01:28:38.997975+00:00
kunitachicity,aoyagikko,国立市,国立市コミュニティワゴン「あおやぎっこ」,12,2026-09-29T01:28:38.997975+00:00
kunitachicity,kunikko,国立市,国立市コミュニティバス「くにっこ」,12,2026-09-29T01:28:38.997975+00:00
kuratetown,KurateTownSmileBusMiyawakaLine,鞍手町,すまいるバスみやわか線,12,2026-09-29T01:28:38.997975+00:00
kurobecity,shinkansenikuji-ishida-aimoto-minibus,黒部市,新幹線生地、石田三日市、愛本、電動ミニバス,12,2026-09-29T01:28:38.997975+00:00
kuroishicity,kuroishi,黒石市,ぷらっと号,12,2026-09-29T01:28:38.997975+00:00
kuroiwa-kanko,GTFS-Kuroiwakanko_Localbus,有限会社黒岩観光,路線バス,12,2026-09-29T01:28:38.997975+00:00
kusakarukotsu,kusakarubus,草軽交通株式会社,軽井沢草津長野原草津口バス,12,2026-09-29T01:28:38.997975+00:00
kusatsucity,kusatsusimamebus,草津市,草津市コミュニティバス　まめバス,12,2026-09-29T01:28:38.997975+00:00
kushimoto,bus-kushimotokankoshuyu-wakayama-jp,くしもと観光周遊バス推進協議会（事務局：和歌山県立南紀熊野ジオパークセンター））,くしもと観光周遊バス　まぐトル号,12,2026-09-29T01:28:38.997975+00:00
kusutown,kusucommunity-bus,玖珠町,玖珠町コミュニティバス,12,2026-09-29T01:28:38.997975+00:00
kuwanacity,communitybus,桑名市,桑名市コミュニティバス「Ｋ－バス」,12,2026-09-29T01:28:38.997975+00:00
mamurogawatown,MamurogawaTown,真室川町,真室川町営バス,12,2026-09-29T01:28:38.997975+00:00
maniwacity,maniwakun,真庭市,真庭市コミュニティバス「まにわくん」,12,2026-09-29T01:28:38.997975+00:00
masudacity,noriai,益田市,益田市乗合タクシー,12,2026-09-29T01:28:38.997975+00:00
matsudocity,matsudo,松戸市,松戸市ゆめいろバス,12,2026-09-29T01:28:38.997975+00:00
matsudocity,matsudo-takatsuka,松戸市,松戸市ゆめいろワゴンバス,12,2026-09-29T01:28:38.997975+00:00
matsumotocity,guruttomatsumotobus1,松本市,松本駅・バスターミナル発着バス,12,2026-09-29T01:28:38.997975+00:00
matsumotocity,guruttomatsumotobus2,松本市,地域連携バス,12,2026-09-29T01:28:38.997975+00:00
matsusakacity,communitybus,松阪市,松阪市コミュニティ交通,12,2026-09-29T01:28:38.997975+00:00
matsushigetown,matsushigetownbus,松茂町,松茂町地域コミュニティバス,12,2026-09-29T01:28:38.997975+00:00
meikobus,meikobus,明光バス株式会社,明光バス,12,2026-09-29T01:28:38.997975+00:00
mibutown,mibubu,壬生町,壬生町コミュニティバス「みぶーぶ」,12,2026-09-29T01:28:38.997975+00:00
mie-kotsu,sancochusei,三重交通,中勢営業所,12,2026-09-29T01:28:38.997975+00:00
mie-kotsu,sancoiga,三重交通,伊賀営業所,12,2026-09-29T01:28:38.997975+00:00
mie-kotsu,sancoinanki,三重交通,南紀営業所,12,2026-09-29T01:28:38.997975+00:00
mie-kotsu,sancoise,三重交通,伊勢営業所,12,2026-09-29T01:28:38.997975+00:00
mie-kotsu,sancokuwana,三重交通,桑名営業所,12,2026-09-29T01:28:38.997975+00:00
mie-kotsu,sancomatsusaka,三重交通,松阪営業所,12,2026-09-29T01:28:38.997975+00:00
mie-kotsu,sancoshima,三重交通,志摩営業所,12,2026-09-29T01:28:38.997975+00:00
mie-kotsu,sancoyokkaichi,三重交通,四日市営業所,12,2026-09-29T01:28:38.997975+00:00
mie-meiwatown,chominbus,明和町,明和町町民バス,12,2026-09-29T01:28:38.997975+00:00
miharavillage,GTFS-Miharavill_Bus,三原村,三原村「三原バス」,12,2026-09-29T01:28:38.997975+00:00
minamiawajicity,lanrunbus,南あわじ市,らん・らんバス,12,2026-09-29T01:28:38.997975+00:00
minamichitatown,communitybus,南知多町,南知多町海っ子バス,12,2026-09-29T01:28:38.997975+00:00
minamiisetown,choeibus,南伊勢町,南伊勢町営バス,12,2026-09-29T01:28:38.997975+00:00
minamishinshu,Minamishinshu-Iidacity-1,南信州地域交通問題協議会（南信州広域連合）, 【飯田市】L1市民バス循環線/C2市民バス久堅線/C3市民バス千代線/C4市民バス三穂線/C5市民バス大休線/E2平岡線,12,2026-09-29T01:28:38.997975+00:00
minamishinshu,Minamishinshu-Matsukawa-1,南信州地域交通問題協議会（南信州広域連合）,【松川町】M3まつかわフルーツバス部奈線/M6 まつかわフルーツバス 上片桐・大島通学便/M7 まつかわフルーツバス 生田線,12,2026-09-29T01:28:38.997975+00:00
minamishinshu,Minamishinshu-Nanbu-1,南信州地域交通問題協議会（南信州広域連合）,S0南部公共バス阿南線/S1南部公共バス温田線,12,2026-09-29T01:28:38.997975+00:00
minamishinshu,Minamishinshu-Ooshika-1,南信州地域交通問題協議会（南信州広域連合）,【大鹿村】M1　大鹿線,12,2026-09-29T01:28:38.997975+00:00
minamishinshu,Minamishinshu-Shinnan-1,南信州地域交通問題協議会（南信州広域連合）,【信南交通㈱】W0駒場線/E0 阿島線/E1遠山郷線,12,2026-09-29T01:28:38.997975+00:00
minamishinshu,Minamishinshu-achi-1,南信州地域交通問題協議会（南信州広域連合）,【阿智村】W2巡回バス伍和線/W3巡回バス春日・智里線/W4巡回バス浪合線/W5巡回バス清内路線/W6巡回バス智里東線,12,2026-09-29T01:28:38.997975+00:00
minamishinshu,Minamishinshu-iida-2,南信州地域交通問題協議会（南信州広域連合）,電気小型バス「プッチー」（飯田市内）,12,2026-09-29T01:28:38.997975+00:00
minamishinshu,Minamishinshu-iidacity-3,南信州地域交通問題協議会（南信州広域連合）,【飯田市】飯田☆中津川線,12,2026-09-29T01:28:38.997975+00:00
minamishinshu,Minamishinshu-seibu-1,南信州地域交通問題協議会（南信州広域連合）,【阿智村・根羽村・平谷村】W1　西部コミュニティバス,12,2026-09-29T01:28:38.997975+00:00
minamishinshu,Minamishinshu-takagi-1,南信州地域交通問題協議会（南信州広域連合）,【喬木村】E3喬木大島線せせらぎ/E4氏乗線そよかぜ/E5 たかぎコミュニティバス阿島線/E6 たかぎコミュニティバス伊久間線/E7たかぎコミュニティバス厚生病院線/E8上平線/E9富田線,12,2026-09-29T01:28:38.997975+00:00
minamishinshu,Minamishinshu-takamori-1,南信州地域交通問題協議会（南信州広域連合）,【高森町】K1 柿丸あったかバス山吹エリア/K2柿丸あったかバス市田エリア/K3おはようバス山吹回り/K4おはようバス市田回り,12,2026-09-29T01:28:38.997975+00:00
minamishinshu,Minamishinshu-toyooka-1,南信州地域交通問題協議会（南信州広域連合）,【豊丘村】T3豊丘村村営バス堀越線/T4豊丘村村営バス佐原線/T5豊丘村村営バス福島線/T6豊丘村村営バス壬生沢福島線/T7豊丘村村営バス壬生沢線/T2豊丘村村営バス滝川阿島北県道線,12,2026-09-29T01:28:38.997975+00:00
minokamocity,communitybus,美濃加茂市,美濃加茂市コミュニティバス「あい愛バス」,12,2026-09-29T01:28:38.997975+00:00
misawacity,misawacity-mebus,三沢市,三沢市コミュニティバス「みーばす」,12,2026-09-29T01:28:38.997975+00:00
mitaketown,communitybus,御嵩町,御嵩町コミュニティバス「ふれあいバス」,12,2026-09-29T01:28:38.997975+00:00
mitoyocity,mitoyocommunitybus,三豊市,三豊市コミュニティバス,12,2026-09-29T01:28:38.997975+00:00
miyamacity,MiyamaCityCommunityBus,みやま市,みやま市コミュニティバス,12,2026-09-29T01:28:38.997975+00:00
miyawakacity,MiyawakaMunakataLine,宮若市,宮田・百合野線,12,2026-09-29T01:28:38.997975+00:00
mizuhotown,DemandResponsiveTransport,瑞穂町,瑞穂町デマンド交通「チョイソコみずほまち」,12,2026-09-29T01:28:38.997975+00:00
mizuhotown,communitybus,瑞穂町,瑞穂町コミュニティバス,12,2026-09-29T01:28:38.997975+00:00
mizumakitown,MizumakiTownBus,水巻町,町内巡回バス・通勤通学バス,12,2026-09-29T01:28:38.997975+00:00
mizunamicity,communitybus,瑞浪市,瑞浪市コミュニティバス,12,2026-09-29T01:28:38.997975+00:00
mogamigawakotsu,MOGAMIGAWAKOTSU,最上川交通,最上川交通,12,2026-09-29T01:28:38.997975+00:00
moriyamacity,kuruttobus,守山市,草津市、守山市、栗東市　くるっとバス,12,2026-09-29T01:28:38.997975+00:00
motomiyacity,motomiyashibus,本宮市,本宮市コミュニティバス,12,2026-09-29T01:28:38.997975+00:00
motosucity,shieibus,本巣市,本巣市営バス,12,2026-09-29T01:28:38.997975+00:00
motoyamatown,GTFS-Motoyamatown_Bus,本山町,本山町コミュニティバス「さくらバス」,12,2026-09-29T01:28:38.997975+00:00
munakatacity,MiyawakaMunakataLine,宗像市,宮若・宗像線,12,2026-09-29T01:28:38.997975+00:00
munakatacity,MunakataCityCommunityBus,宗像市,宗像市コミュニティバス,12,2026-09-29T01:28:38.997975+00:00
munakatacity,MunakataCityFureaiBus,宗像市,宗像市ふれあいバス,12,2026-09-29T01:28:38.997975+00:00
murakamicity,murakamisicommunitybus,村上市,村上市コミュニティバス,12,2026-09-29T01:28:38.997975+00:00
murayamacity,MurayamaCity,村山市,村山市営バス,12,2026-09-29T01:28:38.997975+00:00
murotocity,GTFS-Murotocity_Bus,室戸市,室戸市コミュニティバス「むろはぴ号」,12,2026-09-29T01:28:38.997975+00:00
nabaricity,communitybus,名張市,名張市コミュニティバス,12,2026-09-29T01:28:38.997975+00:00
nagadenbus,nagadenbus-exp,長電バス株式会社,長電バス急行,12,2026-09-29T01:28:38.997975+00:00
nagadenbus,nagadenbus-iizuna,長電バス株式会社,長電バス飯綱営業所管内,12,2026-09-29T01:28:38.997975+00:00
nagadenbus,nagadenbus-nagano,長電バス株式会社,長電バス長野営業所管内,12,2026-09-29T01:28:38.997975+00:00
nagadenbus,nagadenbus-nakano,長電バス株式会社,長電バス中野３路線,12,2026-09-29T01:28:38.997975+00:00
nagadenbus,obuse-romango,長電バス株式会社,おぶせロマン号,12,2026-09-29T01:28:38.997975+00:00
nagahamacity,nishiazaiodekakewagon,長浜市,長浜市コミュニティバス　西浅井おでかけワゴン　,12,2026-09-29T01:28:38.997975+00:00
nagai-unyu,Nagaibus,永井運輸株式会社,永井バス,12,2026-09-29T01:28:38.997975+00:00
nagaicity,NagaiCity,長井市,長井市営バス,12,2026-09-29T01:28:38.997975+00:00
nagakutecity,communitybus,長久手市,長久手市N-バス,12,2026-09-29T01:28:38.997975+00:00
nagano-ikedatown,IkedaTownBus,池田町,池田町営バス,12,2026-09-29T01:28:38.997975+00:00
nagano-kawakamivillage,kawakamibus,川上村,川上村営バス,12,2026-09-29T01:28:38.997975+00:00
naganocity,shiei_noriaibus,長野市,長野市営バス・乗合タクシー,12,2026-09-29T01:28:38.997975+00:00
nagareyamacity,nagareyamagreenbus,流山市,流山ぐりーんバス,12,2026-09-29T01:28:38.997975+00:00
nagisotown,communitybus,南木曽町,南木曽町地域バス,12,2026-09-29T01:28:38.997975+00:00
nagitown,nagibus,奈義町,なぎバス,12,2026-09-29T01:28:38.997975+00:00
nakadomaritown,nakadomari-communitybus,中泊町,中泊町コミュニティバス,12,2026-09-29T01:28:38.997975+00:00
nakatosatown,GTFS-Nakatosatown_Bus,中土佐町,中土佐町コミュニティバス,12,2026-09-29T01:28:38.997975+00:00
nakatown,nakatownbus,那賀町,那賀町営バス,12,2026-09-29T01:28:38.997975+00:00
nakatsucity,BuzenNakatsu,中津市,豊前・中津線,12,2026-09-29T01:28:38.997975+00:00
nakatsucity,Higashitani,中津市,東谷線,12,2026-09-29T01:28:38.997975+00:00
nakatsucity,HiyamajiKamagi,中津市,樋山路鎌城線,12,2026-09-29T01:28:38.997975+00:00
nakatsucity,Kawaraguchi,中津市,川原口線,12,2026-09-29T01:28:38.997975+00:00
nakatsucity,Kii,中津市,城井線,12,2026-09-29T01:28:38.997975+00:00
nakatsucity,Miho,中津市,三保線,12,2026-09-29T01:28:38.997975+00:00
nakatsucity,Nishimakusa,中津市,西秣線,12,2026-09-29T01:28:38.997975+00:00
nakatsucity,Nishitani,中津市,西谷線,12,2026-09-29T01:28:38.997975+00:00
nakatsucity,OshimaIfuku,中津市,大島伊福線,12,2026-09-29T01:28:38.997975+00:00
nakatsucity,OshimadaiKanayoshi,中津市,大島台金吉線,12,2026-09-29T01:28:38.997975+00:00
nakatsucity,ShinyabaHigashi,中津市,深耶馬東線,12,2026-09-29T01:28:38.997975+00:00
nakatsucity,ShinyabaNishi,中津市,深耶馬西線,12,2026-09-29T01:28:38.997975+00:00
nakatsucity,Tsutami,中津市,津民線,12,2026-09-29T01:28:38.997975+00:00
nakatsucity,UenokawauchiMasaki,中津市,上ノ川内柾木線,12,2026-09-29T01:28:38.997975+00:00
nakatsucity,UraYabakei,中津市,裏耶馬溪線,12,2026-09-29T01:28:38.997975+00:00
nakatsucity,Yakata,中津市,屋形線,12,2026-09-29T01:28:38.997975+00:00
nakatsucity,YamautsuriKita,中津市,山移北線,12,2026-09-29T01:28:38.997975+00:00
nakatsucity,YamautsuriMinami,中津市,山移南線,12,2026-09-29T01:28:38.997975+00:00
nakatsugawacity,communitybus,中津川市,中津川市コミュニティバス,12,2026-09-29T01:28:38.997975+00:00
nakayamatown,NakayamaTown,中山町,中山町営バス,12,2026-09-29T01:28:38.997975+00:00
namegatacity,bus-namegata-ibaraki-jp,行方市,行方市営路線バス,12,2026-09-29T01:28:38.997975+00:00
namerikawacity,norumycar,滑川市,コミュニティバス「のるmycar」,12,2026-09-29T01:28:38.997975+00:00
nangokucity,GTFS-Nankokucity_Bus,南国市,南国市コミュニティバス「NACOバス」,12,2026-09-29T01:28:38.997975+00:00
nantocity,nanbus,南砺市,南砺市営バス,12,2026-09-29T01:28:38.997975+00:00
nanyocity,NanyoCity,南陽市,南陽市営バス,12,2026-09-29T01:28:38.997975+00:00
naoshimatown,naoshima,直島町,直島町,12,2026-09-29T01:28:38.997975+00:00
naritacity,narita-community-bus,成田市,成田市コミュニティバス,12,2026-09-29T01:28:38.997975+00:00
narutocity,narutocitychiikibus,鳴門市,鳴門市地域バス,12,2026-09-29T01:28:38.997975+00:00
nasushiobaracity,chiikibasu,那須塩原市,那須塩原市地域バス,12,2026-09-29T01:28:38.997975+00:00
nasutown,nasutown,那須町,那須町町民バス,12,2026-09-29T01:28:38.997975+00:00
nemurokotsu,nemurobus,根室交通株式会社,根室交通株式会社,12,2026-09-29T01:28:38.997975+00:00
niimicity,niimishieibus,新見市,新見市営バス,12,2026-09-29T01:28:38.997975+00:00
nikkocity,nikkocity,日光市,日光市営バス,12,2026-09-29T01:28:38.997975+00:00
ninomiyatown,Ninomiyatowncommunitybus,二宮町,二宮町コミュニティバス,12,2026-09-29T01:28:38.997975+00:00
nishikawatown,NishikawaTown,西川町,西川町営バス,12,2026-09-29T01:28:38.997975+00:00
nishinomiyacity,guruttonamaze,西宮市,ぐるっと生瀬,12,2026-09-29T01:28:38.997975+00:00
nishinomiyacity,koyoen,西宮市,甲陽地区コミュニティバス（こよたんバス）,12,2026-09-29T01:28:38.997975+00:00
nishinomiyacity,najio-ikunokogen,西宮市,名塩・生野高原ふれあいバス,12,2026-09-29T01:28:38.997975+00:00
nishinomiyacity,sakurayamanami,西宮市,さくらやまなみバス,12,2026-09-29T01:28:38.997975+00:00
nishiocity,meitestu_tobu,西尾市,名鉄東部交通バス,12,2026-09-29T01:28:38.997975+00:00
nishiocity,rokumangokukururinbus,西尾市,六万石くるりんバス,12,2026-09-29T01:28:38.997975+00:00
nishiwakicity,loopbus-orihimebus,西脇市,ループバス/おりひめバス,12,2026-09-29T01:28:38.997975+00:00
nisshincity,communitybus,日進市,くるりんばす（日進市巡回バス）,12,2026-09-29T01:28:38.997975+00:00
niyodogawatown,GTFS-Niyodogawatown_Townsbus,仁淀川町,仁淀川町町民バス,12,2026-09-29T01:28:38.997975+00:00
nogatacity,NogataCityCommunityBus,直方市,直方市コミュニティバス,12,2026-09-29T01:28:38.997975+00:00
nonoichicity,communitybus,野々市市,コミュニティバス,12,2026-09-29T01:28:38.997975+00:00
nouhibus,nouhibus,濃飛乗合自動車（濃飛バス）,濃飛バス（一般路線）,12,2026-09-29T01:28:38.997975+00:00
nouhibus,nouhibus_kanko,濃飛乗合自動車（濃飛バス）,濃飛バス（観光路線）,12,2026-09-29T01:28:38.997975+00:00
nouhibus,takayama_shuyu,濃飛乗合自動車（濃飛バス）,飛騨高山周遊バス,12,2026-09-29T01:28:38.997975+00:00
nyuzentown,noranmaicar,入善町,のらんマイ・カー,12,2026-09-29T01:28:38.997975+00:00
obanazawacity,ObanazawaCity,尾花沢市,尾花沢市営バス,12,2026-09-29T01:28:38.997975+00:00
odaitown,choeibus,大台町,大台町営バス,12,2026-09-29T01:28:38.997975+00:00
oetown,Oetown,大江町,大江町営バス,12,2026-09-29T01:28:38.997975+00:00
ogakicity,meihankintetsubus,大垣市,名阪近鉄バス,12,2026-09-29T01:28:38.997975+00:00
ogasawaravillage,o,小笠原村,小笠原村営バス,12,2026-09-29T01:28:38.997975+00:00
oguchitown,communitybus,大口町,大口町コミュニティバス,12,2026-09-29T01:28:38.997975+00:00
ohkuravillage,OhkuraVillage,大蔵村,大蔵村営バス,12,2026-09-29T01:28:38.997975+00:00
oizumitown,kouikikoukyoubasuaozora,大泉町,広域公共バス「あおぞら」,12,2026-09-29T01:28:38.997975+00:00
okuwavillage,kuwachan-bus,大桑村,くわちゃんバス,12,2026-09-29T01:28:38.997975+00:00
omachicity,omachiraicholiner,大町市,特急バス「雷鳥ライナー」,12,2026-09-29T01:28:38.997975+00:00
omachicity,omachisiminbus,大町市,大町市民バス,12,2026-09-29T01:28:38.997975+00:00
omihachimancity,akakonbus,近江八幡市,近江八幡市　あかこんバス　,12,2026-09-29T01:28:38.997975+00:00
ongatown,OngaTownCommunityBus,遠賀町,遠賀町コミュニティバス,12,2026-09-29T01:28:38.997975+00:00
oshucity,bus-oshucity-iwate-jp,奥州市,奥州市コミュニティバス,12,2026-09-29T01:28:38.997975+00:00
otakivillage,otaki-village,王滝村,王滝村,12,2026-09-29T01:28:38.997975+00:00
otamavillage,otamavillage-bus,大玉村,大玉村通勤通学バス,12,2026-09-29T01:28:38.997975+00:00
otawaracity,Ohtawaracitybus,大田原市,大田原市営バス,12,2026-09-29T01:28:38.997975+00:00
otonekotu,otonekotubus,大利根交通自動車株式会社,大利根交通バス,12,2026-09-29T01:28:38.997975+00:00
otsukitown,GTFS-Otsukitown_Bus,大月町,大月町「まちなか循環線」,12,2026-09-29T01:28:38.997975+00:00
owanitown,owanitown-sunekarabus,大鰐町,大鰐町スネカラバス,12,2026-09-29T01:28:38.997975+00:00
owariasahicity,communitybus,尾張旭市,尾張旭市あさぴー号,12,2026-09-29T01:28:38.997975+00:00
owasecity,fureaibus,尾鷲市,尾鷲市ふれあいバス,12,2026-09-29T01:28:38.997975+00:00
oyabecity,oyabecitybus,小矢部市,小矢部市営バス,12,2026-09-29T01:28:38.997975+00:00
reihoku-kanko,GTFS-Reihokukanko_Localbus,有限会社嶺北観光自動車,路線バス,12,2026-09-29T01:28:38.997975+00:00
rinkan,hashimoto-rinkandenentoshi,南海りんかんバス株式会社,南海りんかんバス橋本・林間田園都市エリア,12,2026-09-29T01:28:38.997975+00:00
rinkan,koyasan,南海りんかんバス株式会社,南海りんかんバス高野山エリア,12,2026-09-29T01:28:38.997975+00:00
ryugasakicity,Ryugasakishi-communitybus,龍ケ崎市,龍ケ崎市コミュニティバス,12,2026-09-29T01:28:38.997975+00:00
ryujinbus,ryujinbus,龍神自動車株式会社,龍神自動車,12,2026-09-29T01:28:38.997975+00:00
sagaecity,SagaeCity,寒河江市,寒河江市営バス,12,2026-09-29T01:28:38.997975+00:00
saitamacity,ajisaigou,さいたま市,西区指扇地区乗合タクシーあじさい号,12,2026-09-29T01:28:38.997975+00:00
saitamacity,iwatsukikucommunitybus,さいたま市,岩槻区コミュニティバス,12,2026-09-29T01:28:38.997975+00:00
saitamacity,kawasemigou,さいたま市,見沼区片柳西地区乗合タクシーカワセミ号,12,2026-09-29T01:28:38.997975+00:00
saitamacity,kitakucommunitybus,さいたま市,北区コミュニティバス,12,2026-09-29T01:28:38.997975+00:00
saitamacity,minamikucommunitybus,さいたま市,南区コミュニティバス,12,2026-09-29T01:28:38.997975+00:00
saitamacity,minumagou,さいたま市,見沼区大砂土東地区乗合タクシーみぬま号,12,2026-09-29T01:28:38.997975+00:00
saitamacity,minumakucommunitybus,さいたま市,見沼区コミュニティバス,12,2026-09-29T01:28:38.997975+00:00
saitamacity,miyaharanakayoshigou,さいたま市,北区吉野町乗合タクシー宮原なかよし号,12,2026-09-29T01:28:38.997975+00:00
saitamacity,musashigou,さいたま市,桜区大久保・中央区西与野地区乗合タクシーむさし号,12,2026-09-29T01:28:38.997975+00:00
saitamacity,nisikucommunitybus,さいたま市,西区コミュニティバス,12,2026-09-29T01:28:38.997975+00:00
saitamacity,orizurugou,さいたま市,岩槻区河合地区乗合タクシーおりづる号,12,2026-09-29T01:28:38.997975+00:00
saitamacity,rainbowgou,さいたま市,岩槻区和土地区乗合タクシーレインボー号,12,2026-09-29T01:28:38.997975+00:00
saitamacity,rakurakugou,さいたま市,岩槻区並木・加倉地区乗合タクシーらくらく号,12,2026-09-29T01:28:38.997975+00:00
saitamacity,sakurakucommunitybus,さいたま市,桜区コミュニティバス,12,2026-09-29T01:28:38.997975+00:00
sakatacity,SakataCity,酒田市,酒田市営バス,12,2026-09-29T01:28:38.997975+00:00
sakawatown,GTFS-Sakawatown_Bus,佐川町,佐川町コミュニティバス「さかわぐるぐるバス」,12,2026-09-29T01:28:38.997975+00:00
sakegawavillage,SakegawaVillage,鮭川村,鮭川村営バス,12,2026-09-29T01:28:38.997975+00:00
samukawatown,mokusei-go_eastroute,寒川町,寒川町コミュニティバス「もくせい号」東ルート,12,2026-09-29T01:28:38.997975+00:00
samukawatown,mokusei-go_kuramiomuraroute,寒川町,寒川町コミュニティバス「もくせい号」倉見大村ルート,12,2026-09-29T01:28:38.997975+00:00
samukawatown,mokusei-go_southroute,寒川町,寒川町コミュニティバス「もくせい号」南ルート,12,2026-09-29T01:28:38.997975+00:00
sankobus,sankobus,産交バス,産交バス,12,2026-09-29T01:28:38.997975+00:00
sayotown,communitybus,佐用町,コミュニティバス,12,2026-09-29T01:28:38.997975+00:00
seikatsubus-yokkaichi,sbusyokkaichi,生活バス四日市,生活バスよっかいち,12,2026-09-29T01:28:38.997975+00:00
seisan-kanko,seisankanko_limousine,西讃観光,西讃観光（高松空港リムジンバス）,12,2026-09-29T01:28:38.997975+00:00
sekicity,itadorifureaibus,関市,板取ふれあいバス,12,2026-09-29T01:28:38.997975+00:00
sembokucity,bus-city-semboku,仙北市,仙北市民バス（たっこちゃんバス・スマイルバス）,12,2026-09-29T01:28:38.997975+00:00
setocity,setocitybus,瀬戸市,瀬戸市コミュニティバス,12,2026-09-29T01:28:38.997975+00:00
setouchicity,setouchicitybus,瀬戸内市,瀬戸内市営バス,12,2026-09-29T01:28:38.997975+00:00
setouchicity,setouchicitykankobus,瀬戸内市,長船だがし線,12,2026-09-29T01:28:38.997975+00:00
shichigahamatown,Gururinko,七ヶ浜町,七ヶ浜町民バス「ぐるりんこ」,12,2026-09-29T01:28:38.997975+00:00
shichinohetown,shichinohe_community-bus,七戸町,七戸町コミュニティバス・シャトルバス,12,2026-09-29T01:28:38.997975+00:00
shiga-hinotown,choueibus,日野町,日野町営バス,12,2026-09-29T01:28:38.997975+00:00
shiga-konancity,konansimegurukun,湖南市,湖南市コミバスめぐるくん,12,2026-09-29T01:28:38.997975+00:00
shimacity,anori,志摩市,安乗線代替バス,12,2026-09-29T01:28:38.997975+00:00
shimadacity,shimada_combus,島田市,島田市コミュニティバス,12,2026-09-29T01:28:38.997975+00:00
shimanto-kotsu,GTFS-Shimantotraffic_Feederbus,株式会社四万十交通,路線バス フィーダー線,12,2026-09-29T01:28:38.997975+00:00
shimanto-kotsu,GTFS-Shimantotraffic_Localbus,株式会社四万十交通,路線バス,12,2026-09-29T01:28:38.997975+00:00
shimantocity,GTFS-Shimantocity_Bus,四万十市,四万十市営バス,12,2026-09-29T01:28:38.997975+00:00
shimantotown,GTFS-Shimantotown_Bus,四万十町,四万十町コミュニティバス,12,2026-09-29T01:28:38.997975+00:00
shimoko,shimokitakotsu,下北交通株式会社,下北交通,12,2026-09-29T01:28:38.997975+00:00
shingovillage,shingo-mizubashogo,新郷村,新郷村営バス,12,2026-09-29T01:28:38.997975+00:00
shingutown,ShinguTownCommunityBus,新宮町,新宮町コミュニティバス マリンクス,12,2026-09-29T01:28:38.997975+00:00
shinjobankotsu,SHINJOBANKOTSU,新常磐交通株式会社,新常磐交通,12,2026-09-29T01:28:38.997975+00:00
shinjocity,ShinjoCity,新庄市,新庄市営バス,12,2026-09-29T01:28:38.997975+00:00
shinkikanko,limonbus,神姫観光,Limon Bus,12,2026-09-29T01:28:38.997975+00:00
shinonsentown,yumetsubame,新温泉町,町民バス夢つばめ,12,2026-09-29T01:28:38.997975+00:00
shinshirocity,sbus,新城市,新城市Ｓバス,12,2026-09-29T01:28:38.997975+00:00
shiojiricity,suteppukunn,塩尻市,塩尻市地域振興バス「すてっぷくん」,12,2026-09-29T01:28:38.997975+00:00
shiratakatown,ShiratakaTown,白鷹町,白鷹町営バス,12,2026-09-29T01:28:38.997975+00:00
shirotori-kotsu,shirotorikotsu,白鳥交通,白鳥交通,12,2026-09-29T01:28:38.997975+00:00
shisocity,shitanbus,宍粟市,しーたんバス（蔦沢線・大谷線）,12,2026-09-29T01:28:38.997975+00:00
shisocity,shitanbus-wingshinki,宍粟市,しーたんバス（蔦沢線・大谷線以外）,12,2026-09-29T01:28:38.997975+00:00
shizuokacity,ikawa,静岡市,葵区井川地区：井川地区自主運行バス,12,2026-09-29T01:28:38.997975+00:00
shizuokacity,iryo-fukushi,静岡市,葵区中心市街地：医療・福祉施設路線,12,2026-09-29T01:28:38.997975+00:00
shizuokacity,ryougouchi,静岡市,清水区両河内地区：両河内線但沼系統、大平系統、板井沢系統（ココバス）,12,2026-09-29T01:28:38.997975+00:00
shizuokacity,yui,静岡市,清水区由比地区：ゆいばす,12,2026-09-29T01:28:38.997975+00:00
shizuokacity,yui-kanbara,静岡市,清水区由比・蒲原地区：由比・蒲原病院線,12,2026-09-29T01:28:38.997975+00:00
shonaikotsu,SHONAIKOTSU,庄内交通,庄内交通,12,2026-09-29T01:28:38.997975+00:00
shonaitown,ShonaiTown,庄内町,庄内町営バス,12,2026-09-29T01:28:38.997975+00:00
shootown,shoochofureaibus,勝央町,勝央町ふれあいバス,12,2026-09-29T01:28:38.997975+00:00
soedatown,soedamachibus,添田町,添田町バス,12,2026-09-29T01:28:38.997975+00:00
sotogahamatown,sotogahama-townbus,外ヶ浜町,外ヶ浜町営バス,12,2026-09-29T01:28:38.997975+00:00
suetown,SueTownCommunityBus,須恵町,須恵町コミュニティバス,12,2026-09-29T01:28:38.997975+00:00
sukumocity,GTFS-Sukumocity_Hanabus,宿毛市,宿毛市コミュニティバス「はなちゃんバス」,12,2026-09-29T01:28:38.997975+00:00
sukumocity,GTFS-Sukumocity_Yururinbus,宿毛市,宿毛市「ゆるりんバス」,12,2026-09-29T01:28:38.997975+00:00
sumotocity,communitybus,洲本市,コミュニティバス,12,2026-09-29T01:28:38.997975+00:00
suwacity,karinchanbas,諏訪市,かりんちゃんバス,12,2026-09-29T01:28:38.997975+00:00
suzakicity,suzakashiminbus,須坂市,すざか市民バス,12,2026-09-29T01:28:38.997975+00:00
suzukacity,communitybus,鈴鹿市,鈴鹿市コミュニティバスC-BUS,12,2026-09-29T01:28:38.997975+00:00
tachikawacity,kururinbus,立川市,くるりんバス,12,2026-09-29T01:28:38.997975+00:00
tagawacity,TagawaCityCommunityBus,田川市,田川市コミュニティバス,12,2026-09-29T01:28:38.997975+00:00
taiyo-koutu,taiyo-koutu,太陽交通株式会社,太陽交通株式会社,12,2026-09-29T01:28:38.997975+00:00
tajimicity,kikyobus,多治見市,ききょうバス,12,2026-09-29T01:28:38.997975+00:00
takaokacity,koueibus,高岡市,高岡市公営バス,12,2026-09-29T01:28:38.997975+00:00
takarazukacity,runrunbus,宝塚市,ランランバス,12,2026-09-29T01:28:38.997975+00:00
takasagocity,jotonbus,高砂市,じょうとんバス,12,2026-09-29T01:28:38.997975+00:00
takashimacity,takasimasicommunitybus,高島市,高島市コミュニティバス,12,2026-09-29T01:28:38.997975+00:00
takayamacity,noramaicar,高山市,のらマイカー,12,2026-09-29T01:28:38.997975+00:00
takayamacity,takanego,高山市,たかね号,12,2026-09-29T01:28:38.997975+00:00
taketoyotown,communitybus,武豊町,武豊町コミュニティバス「ゆめころん」,12,2026-09-29T01:28:38.997975+00:00
takeyakoutu,takeyakotsu,株式会社タケヤ交通,株式会社タケヤ交通,12,2026-09-29T01:28:38.997975+00:00
takitown,choeibus,多気町,多気町営バス,12,2026-09-29T01:28:38.997975+00:00
tanabecity,Jumin-Bus,田辺市,田辺市住民バス,12,2026-09-29T01:28:38.997975+00:00
tanotown,GTFS-Tanotown_Bus,田野町,田野町コミュニティーバス「たのくるバス」,12,2026-09-29T01:28:38.997975+00:00
tateyamatown,tateyama,立山町,立山町営バス,12,2026-09-29T01:28:38.997975+00:00
tatsunocity,communitybus,たつの市,コミュニティバス,12,2026-09-29T01:28:38.997975+00:00
tendocity,TendoCity,天童市,天童市営バス,12,2026-09-29T01:28:38.997975+00:00
tobacity,communitybus,鳥羽市,鳥羽市　かもめバス,12,2026-09-29T01:28:38.997975+00:00
tohokutown,tohoku-town-bus,東北町,東北町町民バス,12,2026-09-29T01:28:38.997975+00:00
tohtetsu,tohtetsu_ena,東濃鉄道,東濃鉄道（東鉄バス）恵那営業所管内,12,2026-09-29T01:28:38.997975+00:00
tohtetsu,tohtetsu_kani,東濃鉄道,東濃鉄道（東鉄バス）可児営業所管内,12,2026-09-29T01:28:38.997975+00:00
tohtetsu,tohtetsu_tajimi,東濃鉄道,東濃鉄道（東鉄バス）多治見営業所管内,12,2026-09-29T01:28:38.997975+00:00
tointown,communitybus,東員町,東員町「オレンジバス」,12,2026-09-29T01:28:38.997975+00:00
tokaicity,tokai-ranranbus,東海市,東海市らんらんバス,12,2026-09-29T01:28:38.997975+00:00
tokicity,communitybus,土岐市,土岐市民バス,12,2026-09-29T01:28:38.997975+00:00
tokonamecity,Gruun,常滑市,コミュニティバスグルーン,12,2026-09-29T01:28:38.997975+00:00
tokubus,tokushimabus,徳島バス株式会社,徳島バス株式会社,12,2026-09-29T01:28:38.997975+00:00
tokubus-nanbu,tokushimabusnanbu,徳島バス南部株式会社,徳島バス南部株式会社,12,2026-09-29T01:28:38.997975+00:00
tokushima-miyoshicity,miyoshicitybus,三好市,三好市営バス,12,2026-09-29T01:28:38.997975+00:00
tokushima-shiei,tokushimacitybus,徳島市交通局,徳島市営バス,12,2026-09-29T01:28:38.997975+00:00
tokushimacity,kamihachimanbus,徳島市,上八万コミュニティバス,12,2026-09-29T01:28:38.997975+00:00
tokushimacity,oujinfureaibus,徳島市,応神ふれあいバス,12,2026-09-29T01:28:38.997975+00:00
tonamicity,tonamishieibasu,砺波市,砺波市営バス,12,2026-09-29T01:28:38.997975+00:00
tosacity,GTFS-Tosacity_Bus,土佐市,土佐市コミュニティバス「ドラゴンバス」,12,2026-09-29T01:28:38.997975+00:00
tosaden-kotsu,GTFS-Tosadentraffic_Airportbus,とさでん交通株式会社,空港連絡バス,12,2026-09-29T01:28:38.997975+00:00
tosaden-kotsu,GTFS-Tosadentraffic_Regularbus,とさでん交通株式会社,路線バス,12,2026-09-29T01:28:38.997975+00:00
tosashimizucity,GTFS-Tosashimizucity_Bus,土佐清水市,土佐清水市デマンド交通「おでかけ号」,12,2026-09-29T01:28:38.997975+00:00
toshinkanko-bus,rosenbus,東信観光バス株式会社,路線バス,12,2026-09-29T01:28:38.997975+00:00
towadacity,towadacity_communitybus,十和田市,十和田市コミュニティバス,12,2026-09-29T01:28:38.997975+00:00
towadakankodentetsu,toutetsu,十和田観光電鉄株式会社,十和田観光電鉄（一般路線）,12,2026-09-29T01:28:38.997975+00:00
towadakankodentetsu,toutetsu_airport_line,十和田観光電鉄株式会社,十和田観光電鉄（八戸～三沢空港線）,12,2026-09-29T01:28:38.997975+00:00
toyama-asahitown,asahimachibus,富山県朝日町,あさひまちバス,12,2026-09-29T01:28:38.997975+00:00
toyamacity,fuchucommunitybus,富山市,婦中コミュニティバス,12,2026-09-29T01:28:38.997975+00:00
toyamacity,horikawaminamicommunitybus,富山市,堀川南地域コミュニティバス,12,2026-09-29T01:28:38.997975+00:00
toyamacity,kurehaikiikibus,富山市,呉羽いきいきバス,12,2026-09-29T01:28:38.997975+00:00
toyamacity,maidohayabus,富山市,まいどはやバス,12,2026-09-29T01:28:38.997975+00:00
toyamacity,oyamacommunitybus,富山市,大山コミュニティバス,12,2026-09-29T01:28:38.997975+00:00
toyamacity,yamadacommunitybus,富山市,山田コミュニティバス,12,2026-09-29T01:28:38.997975+00:00
toyamacity,yatsuocommunitybus,富山市,八尾コミュニティバス,12,2026-09-29T01:28:38.997975+00:00
toyoakecity,himawaribus,豊明市,豊明市ひまわりバス,12,2026-09-29T01:28:38.997975+00:00
toyookacity,inacar,豊岡市,イナカー,12,2026-09-29T01:28:38.997975+00:00
toyookacity,kobus,豊岡市,コバス,12,2026-09-29T01:28:38.997975+00:00
toyotacity,chiikibus,豊田市,豊田市　地域バス,12,2026-09-29T01:28:38.997975+00:00
toyotacity,kikanbus,豊田市,とよたおいでんバス,12,2026-09-29T01:28:38.997975+00:00
toyoyamatown,communitybus,豊山町,とよやまタウンバス,12,2026-09-29T01:28:38.997975+00:00
tozawavillage,tozawavillagebus,戸沢村,戸沢村営バス,12,2026-09-29T01:28:38.997975+00:00
tsubamecity,tsubame_bus,燕市,燕市コミュニティバス,12,2026-09-29T01:28:38.997975+00:00
tsuchiuracity,tsuchimarubus,土浦市,つちまるバス,12,2026-09-29T01:28:38.997975+00:00
tsucity,communitybus,津市,津市コミュニティバス,12,2026-09-29T01:28:38.997975+00:00
tsugarucity,tsugarucity_localtransportation,つがる市,つがる市地域内交通,12,2026-09-29T01:28:38.997975+00:00
tsukubacity,TSUKUBANEGO,つくば市,つくばね号,12,2026-09-29T01:28:38.997975+00:00
tsukubacity,TSUKUBUS,つくば市,つくバス,12,2026-09-29T01:28:38.997975+00:00
tsurugitown,tsurugitownbus,つるぎ町,つるぎ町コミュニティーバス,12,2026-09-29T01:28:38.997975+00:00
tsuruokacity,TsuruokaCity,鶴岡市,鶴岡市営バス,12,2026-09-29T01:28:38.997975+00:00
tsurutatown,tsuruta-townbus,鶴田町,鶴田町地域巡回バス,12,2026-09-29T01:28:38.997975+00:00
uchinadatown,communitybus,内灘町,コミュニティバス,12,2026-09-29T01:28:38.997975+00:00
uedabus,noriai_bus,上田バス株式会社,路線バス,12,2026-09-29T01:28:38.997975+00:00
uedacity,uedashigaitizyunkanbus,上田市,上田市街地循環バス・オレンジバス,12,2026-09-29T01:28:38.997975+00:00
ugokotsu,ugokotsu_honjo,羽後交通株式会社,羽後交通（本荘地区）,12,2026-09-29T01:28:38.997975+00:00
ugokotsu,ugokotsu_tazawako,羽後交通株式会社,羽後交通（田沢湖地区）,12,2026-09-29T01:28:38.997975+00:00
uozucity,junkai,魚津市,魚津市民バス,12,2026-09-29T01:28:38.997975+00:00
wakocity,Wako-City-junkanbus,和光市,和光市内循環バス（わこば）,12,2026-09-29T01:28:38.997975+00:00
wataraitown,choeibus,度会町,度会町営バス,12,2026-09-29T01:28:38.997975+00:00
yaesetown,yaese-town-bus,八重瀬町,八重瀬町バス,12,2026-09-29T01:28:38.997975+00:00
yaitacity,chuuou-junkan,矢板市,中央部循環路線,12,2026-09-29T01:28:38.997975+00:00
yamagata-asahitown,AsahiTown,朝日町,朝日町営バス,12,2026-09-29T01:28:38.997975+00:00
yamagata-kaneyamatown,KaneyamaTown,山形県金山町,金山町営バス,12,2026-09-29T01:28:38.997975+00:00
yamagata-ogunitown,OguniTown,山形県小国町,小国町営バス,12,2026-09-29T01:28:38.997975+00:00
yamagata-yamagatacity,YamagataCity,山形市,山形市営バス,12,2026-09-29T01:28:38.997975+00:00
yamakobus,YAMAKOBUS,山形交通,山交バス,12,2026-09-29T01:28:38.997975+00:00
yamanashi-hokutocity,hokuto-bus,北杜市,北杜市民バス,12,2026-09-29T01:28:38.997975+00:00
yamanashi-nanbutown,nanbucyoueibasu,南部町,南部町営バス,12,2026-09-29T01:28:38.997975+00:00
yamanobetown,YamanobeTown,山辺町,山辺町営バス,12,2026-09-29T01:28:38.997975+00:00
yamatokoriyamacity,kingyobus,大和郡山市,大和郡山市コミュニティバス,12,2026-09-29T01:28:38.997975+00:00
yamatotakadacity,communitybuskibougou,大和高田市,コミュニティバスきぼう号,12,2026-09-29T01:28:38.997975+00:00
yanagawacity,YanagawaCityCommunityBus,柳川市,柳川市コミュニティバス,12,2026-09-29T01:28:38.997975+00:00
yanaizutown,yanaizutown-bus,柳津町,柳津町町民バス”ふれあい号”,12,2026-09-29T01:28:38.997975+00:00
yanbaru-expressbus,yanbaru-express-bus,合同会社やんばる急行バス,やんばる急行バス,12,2026-09-29T01:28:38.997975+00:00
yaotsutown,communitybus,八百津町,八百津町コミュニティバス,12,2026-09-29T01:28:38.997975+00:00
yaotsutown,yaobus,八百津町,YAOバス,12,2026-09-29T01:28:38.997975+00:00
yasucity,onoriyasu,野洲市,野洲市コミバスおのりやす,12,2026-09-29T01:28:38.997975+00:00
yasudatown,GTFS-Yasudatown_Bus,安田町,安田町コミュニティバス「やすら号」,12,2026-09-29T01:28:38.997975+00:00
yokkaichicity,communitybus,四日市市,四日市市自主運行バス,12,2026-09-29T01:28:38.997975+00:00
yokosukacity,hamachanbus,横須賀市,ハマちゃんバス,12,2026-09-29T01:28:38.997975+00:00
yomogitavillage,yomogita-communitybus,蓬田村,蓬田村コミュニティバス,12,2026-09-29T01:28:38.997975+00:00
yonezawacity,Yonezawa,米沢市,米沢市営バス,12,2026-09-29T01:28:38.997975+00:00
yoshinogawacity,yoshinogawacitybus,吉野川市,吉野川市代替バス,12,2026-09-29T01:28:38.997975+00:00
yotsukaidocity,yoppii,四街道市,市内循環バス「ヨッピィ」,12,2026-09-29T01:28:38.997975+00:00
yukicity,junkaibus,結城市,結城市巡回バス,12,2026-09-29T01:28:38.997975+00:00
