bytes,content_type,error,path,retrieved_utc,sha256,source_name,status,url
562201,application/json,,data/raw/gtfs_registry.json,2026-09-28T22:10:51.276716+00:00,935fc3e5cacd44a30551e53a7b0f82ae270a160433325eed743d3ab31648f5f8,gtfs_registry.json,200,https://api.gtfs-data.jp/v2/feeds
270803,text/plain; charset=utf-8,,data/raw/source/gtfs-data-jp.dmfr.json,2026-09-28T22:10:59.058811+00:00,c387dae1e1089cd53920d09da4ac0ca33a85dc7dbc20ec23f3613b6cc36d833a,gtfs_atlas.json,200,https://raw.githubusercontent.com/transitland/transitland-atlas/main/feeds/gtfs-data-jp.dmfr.json
8570,text/plain; charset=utf-8,,data/raw/source/busReportCleansing.browser.test.ts,2026-09-28T22:11:06.306462+00:00,3aa51aff2ca147379af763220f35cfaeac0d1def627b8c3dc02292b4ebbc93c9,veda_test.ts,200,https://raw.githubusercontent.com/Project-LINKS-mlitoss/LINKS-Veda-2/main/bi-app/packages/frontend/src/test/ai-regression/busReportCleansing.browser.test.ts
45958,text/html,,data/raw/source/links-open-data.html,2026-09-28T22:11:15.145464+00:00,5a580bb01c5e1b38d4a27d3b5654bac3bb8fcd99d8d47c596102d03275440680,links_open_data.html,200,https://www.mlit.go.jp/links/open-data.html
,,HTTP Forbidden; no CKAN resource metadata returned,,2026-09-28T22:32:55.581968+00:00,,G-Space CKAN package_show,403,https://www.geospatial.jp/ckan/api/3/action/package_show?id=links-ippanryokyaku-2025
,,CloudFront response: request blocked,,2026-09-28T22:32:55.581968+00:00,,G-Space dataset landing page,403,https://www.geospatial.jp/ckan/dataset/links-ippanryokyaku-2025
919,,CloudFront HTML error; not a data file,data/raw/links/resource_5f877415-b4cb-4a08-b622-b748854677d6.error.html,2026-09-28T22:32:55.581968+00:00,7a55334da6f6d58191e6471f91589839e36d618990d984cae7c015d00c1cb6a3,G-Space public resource download,403,https://www.geospatial.jp/ckan/dataset/links-ippanryokyaku-2025/resource/5f877415-b4cb-4a08-b622-b748854677d6/download
,,HTTP Bad Gateway,,2026-09-28T22:32:55.581968+00:00,,G-Space API alternate host,502,https://geospatial.jp/ckan/api/3/action/package_show?id=links-ippanryokyaku-2025
,,HTTP Forbidden,,2026-09-28T22:32:55.581968+00:00,,G-Space API alternate subdomain,403,https://api.geospatial.jp/ckan/api/3/action/package_show?id=links-ippanryokyaku-2025
,,ModuleNotFoundError: requests is not installed,,2026-09-28T22:32:55.581968+00:00,,G-Space requests library fallback,NOT_AVAILABLE,not applicable
,,No alternate library used to retry the blocked endpoint,,2026-09-28T22:32:55.581968+00:00,,G-Space httpx fallback,NOT_ATTEMPTED,not applicable
919,text/html,HTTP 403 text/html CloudFront error; ordinary browser-like headers did not yield the public CSV/ZIP,data/raw/links/browser_headers.response_body.bin,2026-09-28T22:52:22.040176+00:00,752732721d97b09cd6341270c2f3b5d73b1b23b06fe00abc09d66f0b14dcc9fe,G-Space resource download with browser-like public headers,403,https://www.geospatial.jp/ckan/dataset/links-ippanryokyaku-2025/resource/5f877415-b4cb-4a08-b622-b748854677d6/download
562201,application/json,JSON contains 605 feed records; target_date did not filter the registry list,data/raw/gtfs_registry_target_date_20260929.json,2026-09-28T23:04:20.883675+00:00,935fc3e5cacd44a30551e53a7b0f82ae270a160433325eed743d3ab31648f5f8,gtfs-data.jp registry with target_date=20260929,200,https://api.gtfs-data.jp/v2/feeds?target_date=20260929
